id,date,sales,category,price
SKU_001,2023-01-01,100,Beverage,117.1
SKU_001,2023-01-02,70,Beverage,368.4
SKU_001,2023-01-03,88,Beverage,257.87
SKU_001,2023-01-04,72,Beverage,201.14
SKU_001,2023-01-05,93,Beverage,115.79
SKU_001,2023-01-06,89,Beverage,243.85
SKU_001,2023-01-07,109,Beverage,423.43
SKU_001,2023-01-08,109,Beverage,191.35
SKU_001,2023-01-09,82,Beverage,295.1
SKU_001,2023-01-10,83,Beverage,169.78
SKU_001,2023-01-11,90,Beverage,167.97
SKU_001,2023-01-12,83,Beverage,312.27
SKU_001,2023-01-13,84,Beverage,245.7
SKU_001,2023-01-14,103,Beverage,224.36
SKU_001,2023-01-15,108,Beverage,317.61
SKU_001,2023-01-16,81,Beverage,359.28
SKU_001,2023-01-17,77,Beverage,66.28
SKU_001,2023-01-18,94,Beverage,256.49
SKU_001,2023-01-19,76,Beverage,116.36
SKU_001,2023-01-20,91,Beverage,290.07
SKU_001,2023-01-21,96,Beverage,288.55
SKU_001,2023-01-22,92,Beverage,141.48
SKU_001,2023-01-23,85,Beverage,348.82
SKU_001,2023-01-24,71,Beverage,472.83
SKU_001,2023-01-25,82,Beverage,295.67
SKU_001,2023-01-26,96,Beverage,338.63
SKU_001,2023-01-27,105,Beverage,191.74
SKU_001,2023-01-28,129,Beverage,154.16
SKU_001,2023-01-29,117,Beverage,463.47
SKU_001,2023-01-30,93,Beverage,481.58
SKU_001,2023-01-31,90,Beverage,298.26
SKU_001,2023-02-01,70,Beverage,457.98
SKU_001,2023-02-02,80,Beverage,80.55
SKU_001,2023-02-03,94,Beverage,186.25
SKU_001,2023-02-04,105,Beverage,144.59
SKU_001,2023-02-05,84,Beverage,147.38
SKU_001,2023-02-06,84,Beverage,180.58
SKU_001,2023-02-07,92,Beverage,142.19
SKU_001,2023-02-08,78,Beverage,200.18
SKU_001,2023-02-09,83,Beverage,165.32
SKU_001,2023-02-10,82,Beverage,216.05
SKU_001,2023-02-11,94,Beverage,410.22
SKU_001,2023-02-12,90,Beverage,146.54
SKU_001,2023-02-13,73,Beverage,293.02
SKU_001,2023-02-14,82,Beverage,360.15
SKU_001,2023-02-15,93,Beverage,138.9
SKU_001,2023-02-16,82,Beverage,176.11
SKU_001,2023-02-17,79,Beverage,216.06
SKU_001,2023-02-18,112,Beverage,280.15
SKU_001,2023-02-19,108,Beverage,419.57
SKU_001,2023-02-20,91,Beverage,342.7
SKU_001,2023-02-21,74,Beverage,234.24
SKU_001,2023-02-22,86,Beverage,207.97
SKU_001,2023-02-23,73,Beverage,328.08
SKU_001,2023-02-24,74,Beverage,185.27
SKU_001,2023-02-25,121,Beverage,338.83
SKU_001,2023-02-26,108,Beverage,397.33
SKU_001,2023-02-27,91,Beverage,105.52
SKU_001,2023-02-28,102,Beverage,444.39
SKU_001,2023-03-01,76,Beverage,156.93
SKU_001,2023-03-02,89,Beverage,493.69
SKU_001,2023-03-03,85,Beverage,77.74
SKU_001,2023-03-04,109,Beverage,349.45
SKU_001,2023-03-05,96,Beverage,72.66
SKU_001,2023-03-06,93,Beverage,202.49
SKU_001,2023-03-07,88,Beverage,161.49
SKU_001,2023-03-08,71,Beverage,452.04
SKU_001,2023-03-09,82,Beverage,298.08
SKU_001,2023-03-10,94,Beverage,336.29
SKU_001,2023-03-11,101,Beverage,102.14
SKU_001,2023-03-12,96,Beverage,188.21
SKU_001,2023-03-13,81,Beverage,483.74
SKU_001,2023-03-14,92,Beverage,477.49
SKU_001,2023-03-15,70,Beverage,185.72
SKU_001,2023-03-16,72,Beverage,82.75
SKU_001,2023-03-17,71,Beverage,131.27
SKU_001,2023-03-18,114,Beverage,208.38
SKU_001,2023-03-19,104,Beverage,228.48
SKU_001,2023-03-20,87,Beverage,107.14
SKU_001,2023-03-21,81,Beverage,63.93
SKU_001,2023-03-22,85,Beverage,257.95
SKU_001,2023-03-23,78,Beverage,420.23
SKU_001,2023-03-24,86,Beverage,407.46
SKU_001,2023-03-25,114,Beverage,189.47
SKU_001,2023-03-26,100,Beverage,400.34
SKU_001,2023-03-27,99,Beverage,366.5
SKU_001,2023-03-28,102,Beverage,471.83
SKU_001,2023-03-29,82,Beverage,280.51
SKU_001,2023-03-30,97,Beverage,180.23
SKU_001,2023-03-31,82,Beverage,181.97
SKU_001,2023-04-01,100,Beverage,139.23
SKU_001,2023-04-02,86,Beverage,243.98
SKU_001,2023-04-03,87,Beverage,315.05
SKU_001,2023-04-04,85,Beverage,323.05
SKU_001,2023-04-05,73,Beverage,183.56
SKU_001,2023-04-06,73,Beverage,301.18
SKU_001,2023-04-07,81,Beverage,338.73
SKU_001,2023-04-08,103,Beverage,107.25
SKU_001,2023-04-09,104,Beverage,440.37
SKU_001,2023-04-10,75,Beverage,165.37
SKU_001,2023-04-11,83,Beverage,402.87
SKU_001,2023-04-12,92,Beverage,154.85
SKU_001,2023-04-13,73,Beverage,125.44
SKU_001,2023-04-14,91,Beverage,482.18
SKU_001,2023-04-15,101,Beverage,118.3
SKU_001,2023-04-16,111,Beverage,469.43
SKU_001,2023-04-17,73,Beverage,369.84
SKU_001,2023-04-18,80,Beverage,293.89
SKU_001,2023-04-19,72,Beverage,451.94
SKU_001,2023-04-20,85,Beverage,391.04
SKU_001,2023-04-21,88,Beverage,320.31
SKU_001,2023-04-22,113,Beverage,358.05
SKU_001,2023-04-23,99,Beverage,243.11
SKU_001,2023-04-24,79,Beverage,480.92
SKU_001,2023-04-25,89,Beverage,201.38
SKU_001,2023-04-26,87,Beverage,368.6
SKU_001,2023-04-27,88,Beverage,295.4
SKU_001,2023-04-28,81,Beverage,420.06
SKU_001,2023-04-29,120,Beverage,72.17
SKU_001,2023-04-30,118,Beverage,79.53
SKU_001,2023-05-01,72,Beverage,75.4
SKU_001,2023-05-02,83,Beverage,100.7
SKU_001,2023-05-03,78,Beverage,369.1
SKU_001,2023-05-04,83,Beverage,100.0
SKU_001,2023-05-05,94,Beverage,268.97
SKU_001,2023-05-06,106,Beverage,178.8
SKU_001,2023-05-07,96,Beverage,229.2
SKU_001,2023-05-08,85,Beverage,135.12
SKU_001,2023-05-09,81,Beverage,153.07
SKU_001,2023-05-10,86,Beverage,284.6
SKU_001,2023-05-11,74,Beverage,420.25
SKU_001,2023-05-12,72,Beverage,261.92
SKU_001,2023-05-13,108,Beverage,160.1
SKU_001,2023-05-14,92,Beverage,267.99
SKU_001,2023-05-15,81,Beverage,371.85
SKU_001,2023-05-16,84,Beverage,434.73
SKU_001,2023-05-17,92,Beverage,75.91
SKU_001,2023-05-18,87,Beverage,455.61
SKU_001,2023-05-19,72,Beverage,233.22
SKU_001,2023-05-20,90,Beverage,231.7
SKU_001,2023-05-21,107,Beverage,74.75
SKU_001,2023-05-22,77,Beverage,154.96
SKU_001,2023-05-23,85,Beverage,170.05
SKU_001,2023-05-24,72,Beverage,484.88
SKU_001,2023-05-25,101,Beverage,183.47
SKU_001,2023-05-26,92,Beverage,56.41
SKU_001,2023-05-27,101,Beverage,485.06
SKU_001,2023-05-28,121,Beverage,207.66
SKU_001,2023-05-29,98,Beverage,212.02
SKU_001,2023-05-30,90,Beverage,281.31
SKU_001,2023-05-31,88,Beverage,190.72
SKU_001,2023-06-01,71,Beverage,110.83
SKU_001,2023-06-02,81,Beverage,245.83
SKU_001,2023-06-03,98,Beverage,158.43
SKU_001,2023-06-04,86,Beverage,136.71
SKU_001,2023-06-05,84,Beverage,345.81
SKU_001,2023-06-06,94,Beverage,422.65
SKU_001,2023-06-07,88,Beverage,381.79
SKU_001,2023-06-08,77,Beverage,283.5
SKU_001,2023-06-09,86,Beverage,87.5
SKU_001,2023-06-10,110,Beverage,107.88
SKU_001,2023-06-11,112,Beverage,379.84
SKU_001,2023-06-12,79,Beverage,105.71
SKU_001,2023-06-13,88,Beverage,221.18
SKU_001,2023-06-14,83,Beverage,57.71
SKU_001,2023-06-15,87,Beverage,146.96
SKU_001,2023-06-16,93,Beverage,431.09
SKU_001,2023-06-17,93,Beverage,461.45
SKU_001,2023-06-18,98,Beverage,258.42
SKU_001,2023-06-19,90,Beverage,193.28
SKU_001,2023-06-20,72,Beverage,173.58
SKU_001,2023-06-21,80,Beverage,498.26
SKU_001,2023-06-22,94,Beverage,450.5
SKU_001,2023-06-23,79,Beverage,72.59
SKU_001,2023-06-24,106,Beverage,478.68
SKU_001,2023-06-25,111,Beverage,388.86
SKU_001,2023-06-26,92,Beverage,193.33
SKU_001,2023-06-27,88,Beverage,475.48
SKU_001,2023-06-28,90,Beverage,490.18
SKU_001,2023-06-29,99,Beverage,86.35
SKU_001,2023-06-30,98,Beverage,437.48
SKU_001,2023-07-01,105,Beverage,136.51
SKU_001,2023-07-02,101,Beverage,404.49
SKU_001,2023-07-03,89,Beverage,464.01
SKU_001,2023-07-04,89,Beverage,115.92
SKU_001,2023-07-05,74,Beverage,139.52
SKU_001,2023-07-06,88,Beverage,116.65
SKU_001,2023-07-07,93,Beverage,482.75
SKU_001,2023-07-08,86,Beverage,294.2
SKU_001,2023-07-09,100,Beverage,492.81
SKU_001,2023-07-10,81,Beverage,282.03
SKU_001,2023-07-11,72,Beverage,321.97
SKU_001,2023-07-12,81,Beverage,181.07
SKU_001,2023-07-13,88,Beverage,103.42
SKU_001,2023-07-14,76,Beverage,133.5
SKU_001,2023-07-15,103,Beverage,283.11
SKU_001,2023-07-16,100,Beverage,98.2
SKU_001,2023-07-17,91,Beverage,374.76
SKU_001,2023-07-18,79,Beverage,303.9
SKU_001,2023-07-19,95,Beverage,163.9
SKU_001,2023-07-20,72,Beverage,71.68
SKU_001,2023-07-21,79,Beverage,73.27
SKU_001,2023-07-22,112,Beverage,229.25
SKU_001,2023-07-23,101,Beverage,110.1
SKU_001,2023-07-24,85,Beverage,325.04
SKU_001,2023-07-25,87,Beverage,140.01
SKU_001,2023-07-26,103,Beverage,145.99
SKU_001,2023-07-27,87,Beverage,473.25
SKU_001,2023-07-28,95,Beverage,201.69
SKU_001,2023-07-29,123,Beverage,74.56
SKU_001,2023-07-30,98,Beverage,232.67
SKU_001,2023-07-31,106,Beverage,241.04
SKU_001,2023-08-01,76,Beverage,346.43
SKU_001,2023-08-02,87,Beverage,456.98
SKU_001,2023-08-03,82,Beverage,480.03
SKU_001,2023-08-04,91,Beverage,100.52
SKU_001,2023-08-05,106,Beverage,208.06
SKU_001,2023-08-06,88,Beverage,82.4
SKU_001,2023-08-07,90,Beverage,447.81
SKU_001,2023-08-08,90,Beverage,216.61
SKU_001,2023-08-09,81,Beverage,351.54
SKU_001,2023-08-10,93,Beverage,245.59
SKU_001,2023-08-11,83,Beverage,164.89
SKU_001,2023-08-12,105,Beverage,130.42
SKU_001,2023-08-13,94,Beverage,221.59
SKU_001,2023-08-14,72,Beverage,313.25
SKU_001,2023-08-15,93,Beverage,287.36
SKU_001,2023-08-16,78,Beverage,113.56
SKU_001,2023-08-17,90,Beverage,206.38
SKU_001,2023-08-18,87,Beverage,389.05
SKU_001,2023-08-19,88,Beverage,200.19
SKU_001,2023-08-20,100,Beverage,127.0
SKU_001,2023-08-21,88,Beverage,295.91
SKU_001,2023-08-22,72,Beverage,253.11
SKU_001,2023-08-23,85,Beverage,288.79
SKU_001,2023-08-24,89,Beverage,168.27
SKU_001,2023-08-25,99,Beverage,375.82
SKU_001,2023-08-26,101,Beverage,423.98
SKU_001,2023-08-27,106,Beverage,133.78
SKU_001,2023-08-28,90,Beverage,170.05
SKU_001,2023-08-29,108,Beverage,398.81
SKU_001,2023-08-30,97,Beverage,354.41
SKU_001,2023-08-31,88,Beverage,339.89
SKU_001,2023-09-01,80,Beverage,214.09
SKU_001,2023-09-02,87,Beverage,438.28
SKU_001,2023-09-03,107,Beverage,334.14
SKU_001,2023-09-04,93,Beverage,379.62
SKU_001,2023-09-05,86,Beverage,161.53
SKU_001,2023-09-06,81,Beverage,249.02
SKU_001,2023-09-07,76,Beverage,101.56
SKU_001,2023-09-08,78,Beverage,215.04
SKU_001,2023-09-09,101,Beverage,80.98
SKU_001,2023-09-10,99,Beverage,201.19
SKU_001,2023-09-11,95,Beverage,157.44
SKU_001,2023-09-12,92,Beverage,486.61
SKU_001,2023-09-13,92,Beverage,255.73
SKU_001,2023-09-14,92,Beverage,247.98
SKU_001,2023-09-15,75,Beverage,68.97
SKU_001,2023-09-16,113,Beverage,102.66
SKU_001,2023-09-17,112,Beverage,322.66
SKU_001,2023-09-18,84,Beverage,68.59
SKU_001,2023-09-19,86,Beverage,314.59
SKU_001,2023-09-20,90,Beverage,83.15
SKU_001,2023-09-21,86,Beverage,230.94
SKU_001,2023-09-22,82,Beverage,186.79
SKU_001,2023-09-23,102,Beverage,233.12
SKU_001,2023-09-24,94,Beverage,73.06
SKU_001,2023-09-25,96,Beverage,389.6
SKU_001,2023-09-26,88,Beverage,76.09
SKU_001,2023-09-27,101,Beverage,81.91
SKU_001,2023-09-28,100,Beverage,332.42
SKU_001,2023-09-29,83,Beverage,360.46
SKU_001,2023-09-30,128,Beverage,299.42
SKU_001,2023-10-01,114,Beverage,289.59
SKU_001,2023-10-02,114,Beverage,176.88
SKU_001,2023-10-03,119,Beverage,329.86
SKU_001,2023-10-04,100,Beverage,411.17
SKU_001,2023-10-05,96,Beverage,263.97
SKU_001,2023-10-06,120,Beverage,84.18
SKU_001,2023-10-07,143,Beverage,387.18
SKU_001,2023-10-08,208,Beverage,272.67
SKU_001,2023-10-09,176,Beverage,385.53
SKU_001,2023-10-10,180,Beverage,435.14
SKU_001,2023-10-11,173,Beverage,440.55
SKU_001,2023-10-12,145,Beverage,396.04
SKU_001,2023-10-13,161,Beverage,112.22
SKU_001,2023-10-14,196,Beverage,394.39
SKU_001,2023-10-15,364,Beverage,346.08
SKU_001,2023-10-16,94,Beverage,276.39
SKU_001,2023-10-17,176,Beverage,145.35
SKU_001,2023-10-18,166,Beverage,66.37
SKU_001,2023-10-19,180,Beverage,265.0
SKU_001,2023-10-20,181,Beverage,483.22
SKU_001,2023-10-21,175,Beverage,191.59
SKU_001,2023-10-22,169,Beverage,342.22
SKU_001,2023-10-23,151,Beverage,100.05
SKU_001,2023-10-24,229,Beverage,493.83
SKU_001,2023-10-25,139,Beverage,90.7
SKU_001,2023-10-26,119,Beverage,189.5
SKU_001,2023-10-27,106,Beverage,68.57
SKU_001,2023-10-28,169,Beverage,68.13
SKU_001,2023-10-29,126,Beverage,331.69
SKU_001,2023-10-30,115,Beverage,261.4
SKU_001,2023-10-31,114,Beverage,145.64
SKU_001,2023-11-01,117,Beverage,295.5
SKU_001,2023-11-02,117,Beverage,88.23
SKU_001,2023-11-03,121,Beverage,148.31
SKU_001,2023-11-04,146,Beverage,182.24
SKU_001,2023-11-05,118,Beverage,370.6
SKU_001,2023-11-06,104,Beverage,458.0
SKU_001,2023-11-07,123,Beverage,155.88
SKU_001,2023-11-08,123,Beverage,114.94
SKU_001,2023-11-09,113,Beverage,241.85
SKU_001,2023-11-10,109,Beverage,397.3
SKU_001,2023-11-11,128,Beverage,457.94
SKU_001,2023-11-12,145,Beverage,187.72
SKU_001,2023-11-13,97,Beverage,73.0
SKU_001,2023-11-14,111,Beverage,362.15
SKU_001,2023-11-15,101,Beverage,141.22
SKU_001,2023-11-16,103,Beverage,382.96
SKU_001,2023-11-17,108,Beverage,433.83
SKU_001,2023-11-18,117,Beverage,455.69
SKU_001,2023-11-19,129,Beverage,170.17
SKU_001,2023-11-20,92,Beverage,473.5
SKU_001,2023-11-21,103,Beverage,476.99
SKU_001,2023-11-22,110,Beverage,196.94
SKU_001,2023-11-23,108,Beverage,488.32
SKU_001,2023-11-24,123,Beverage,161.72
SKU_001,2023-11-25,164,Beverage,325.53
SKU_001,2023-11-26,164,Beverage,229.15
SKU_001,2023-11-27,116,Beverage,311.1
SKU_001,2023-11-28,108,Beverage,378.14
SKU_001,2023-11-29,111,Beverage,214.92
SKU_001,2023-11-30,110,Beverage,426.81
SKU_001,2023-12-01,117,Beverage,79.84
SKU_001,2023-12-02,124,Beverage,121.66
SKU_001,2023-12-03,110,Beverage,333.97
SKU_001,2023-12-04,112,Beverage,318.99
SKU_001,2023-12-05,97,Beverage,142.9
SKU_001,2023-12-06,124,Beverage,230.2
SKU_001,2023-12-07,123,Beverage,265.56
SKU_001,2023-12-08,100,Beverage,372.22
SKU_001,2023-12-09,113,Beverage,404.07
SKU_001,2023-12-10,134,Beverage,473.94
SKU_001,2023-12-11,123,Beverage,452.31
SKU_001,2023-12-12,94,Beverage,480.59
SKU_001,2023-12-13,95,Beverage,155.71
SKU_001,2023-12-14,117,Beverage,449.19
SKU_001,2023-12-15,102,Beverage,290.8
SKU_001,2023-12-16,113,Beverage,286.25
SKU_001,2023-12-17,129,Beverage,160.93
SKU_001,2023-12-18,101,Beverage,306.99
SKU_001,2023-12-19,124,Beverage,419.41
SKU_001,2023-12-20,92,Beverage,465.24
SKU_001,2023-12-21,112,Beverage,416.0
SKU_001,2023-12-22,117,Beverage,195.04
SKU_001,2023-12-23,111,Beverage,198.64
SKU_001,2023-12-24,123,Beverage,408.09
SKU_001,2023-12-25,127,Beverage,112.35
SKU_001,2023-12-26,111,Beverage,351.99
SKU_001,2023-12-27,130,Beverage,450.52
SKU_001,2023-12-28,118,Beverage,227.64
SKU_001,2023-12-29,114,Beverage,489.2
SKU_001,2023-12-30,156,Beverage,455.18
SKU_001,2023-12-31,153,Beverage,149.96
SKU_001,2024-01-01,70,Beverage,466.84
SKU_001,2024-01-02,77,Beverage,399.37
SKU_001,2024-01-03,94,Beverage,225.3
SKU_001,2024-01-04,86,Beverage,364.65
SKU_001,2024-01-05,71,Beverage,342.64
SKU_001,2024-01-06,108,Beverage,266.36
SKU_001,2024-01-07,97,Beverage,148.57
SKU_001,2024-01-08,122,Beverage,93.03
SKU_001,2024-01-09,111,Beverage,119.95
SKU_001,2024-01-10,109,Beverage,126.57
SKU_001,2024-01-11,136,Beverage,230.99
SKU_001,2024-01-12,118,Beverage,132.36
SKU_001,2024-01-13,142,Beverage,268.25
SKU_001,2024-01-14,149,Beverage,146.7
SKU_001,2024-01-15,222,Beverage,456.62
SKU_001,2024-01-16,85,Beverage,122.13
SKU_001,2024-01-17,80,Beverage,185.03
SKU_001,2024-01-18,78,Beverage,298.69
SKU_001,2024-01-19,87,Beverage,214.76
SKU_001,2024-01-20,101,Beverage,178.29
SKU_001,2024-01-21,112,Beverage,181.4
SKU_001,2024-01-22,82,Beverage,303.88
SKU_001,2024-01-23,72,Beverage,195.16
SKU_001,2024-01-24,87,Beverage,490.69
SKU_001,2024-01-25,107,Beverage,184.32
SKU_001,2024-01-26,100,Beverage,414.49
SKU_001,2024-01-27,124,Beverage,193.68
SKU_001,2024-01-28,114,Beverage,57.92
SKU_001,2024-01-29,97,Beverage,65.16
SKU_001,2024-01-30,105,Beverage,342.09
SKU_001,2024-01-31,84,Beverage,102.67
SKU_001,2024-02-01,90,Beverage,427.18
SKU_001,2024-02-02,77,Beverage,493.77
SKU_001,2024-02-03,99,Beverage,96.51
SKU_001,2024-02-04,112,Beverage,153.0
SKU_001,2024-02-05,83,Beverage,70.14
SKU_001,2024-02-06,84,Beverage,187.08
SKU_001,2024-02-07,74,Beverage,96.09
SKU_001,2024-02-08,75,Beverage,492.89
SKU_001,2024-02-09,81,Beverage,222.98
SKU_001,2024-02-10,93,Beverage,89.6
SKU_001,2024-02-11,114,Beverage,479.48
SKU_001,2024-02-12,71,Beverage,293.09
SKU_001,2024-02-13,70,Beverage,87.42
SKU_001,2024-02-14,74,Beverage,375.35
SKU_001,2024-02-15,82,Beverage,93.25
SKU_001,2024-02-16,71,Beverage,100.6
SKU_001,2024-02-17,99,Beverage,247.3
SKU_001,2024-02-18,94,Beverage,145.55
SKU_001,2024-02-19,73,Beverage,194.53
SKU_001,2024-02-20,75,Beverage,183.59
SKU_001,2024-02-21,86,Beverage,345.47
SKU_001,2024-02-22,76,Beverage,94.87
SKU_001,2024-02-23,90,Beverage,460.64
SKU_001,2024-02-24,108,Beverage,53.22
SKU_001,2024-02-25,99,Beverage,429.72
SKU_001,2024-02-26,101,Beverage,269.39
SKU_001,2024-02-27,89,Beverage,65.15
SKU_001,2024-02-28,103,Beverage,252.84
SKU_001,2024-02-29,83,Beverage,440.04
SKU_001,2024-03-01,79,Beverage,460.57
SKU_001,2024-03-02,94,Beverage,454.36
SKU_001,2024-03-03,90,Beverage,266.12
SKU_001,2024-03-04,81,Beverage,102.92
SKU_001,2024-03-05,84,Beverage,189.36
SKU_001,2024-03-06,92,Beverage,390.23
SKU_001,2024-03-07,70,Beverage,93.28
SKU_001,2024-03-08,94,Beverage,104.76
SKU_001,2024-03-09,110,Beverage,350.39
SKU_001,2024-03-10,104,Beverage,62.1
SKU_001,2024-03-11,76,Beverage,244.02
SKU_001,2024-03-12,83,Beverage,370.7
SKU_001,2024-03-13,89,Beverage,182.45
SKU_001,2024-03-14,82,Beverage,290.06
SKU_001,2024-03-15,70,Beverage,227.56
SKU_001,2024-03-16,111,Beverage,350.78
SKU_001,2024-03-17,88,Beverage,112.13
SKU_001,2024-03-18,78,Beverage,300.58
SKU_001,2024-03-19,71,Beverage,130.99
SKU_001,2024-03-20,77,Beverage,115.26
SKU_001,2024-03-21,87,Beverage,351.32
SKU_001,2024-03-22,73,Beverage,335.48
SKU_001,2024-03-23,109,Beverage,384.55
SKU_001,2024-03-24,114,Beverage,204.76
SKU_001,2024-03-25,109,Beverage,72.68
SKU_001,2024-03-26,99,Beverage,423.99
SKU_001,2024-03-27,95,Beverage,235.89
SKU_001,2024-03-28,86,Beverage,201.59
SKU_001,2024-03-29,103,Beverage,195.65
SKU_001,2024-03-30,104,Beverage,476.42
SKU_001,2024-03-31,128,Beverage,311.03
SKU_001,2024-04-01,84,Beverage,309.14
SKU_001,2024-04-02,88,Beverage,334.99
SKU_001,2024-04-03,93,Beverage,456.07
SKU_001,2024-04-04,94,Beverage,173.14
SKU_001,2024-04-05,72,Beverage,223.95
SKU_001,2024-04-06,99,Beverage,467.08
SKU_001,2024-04-07,94,Beverage,182.13
SKU_001,2024-04-08,72,Beverage,130.04
SKU_001,2024-04-09,86,Beverage,434.76
SKU_001,2024-04-10,88,Beverage,493.46
SKU_001,2024-04-11,72,Beverage,440.57
SKU_001,2024-04-12,91,Beverage,100.73
SKU_001,2024-04-13,90,Beverage,69.75
SKU_001,2024-04-14,111,Beverage,65.01
SKU_001,2024-04-15,78,Beverage,236.01
SKU_001,2024-04-16,80,Beverage,169.29
SKU_001,2024-04-17,72,Beverage,356.31
SKU_001,2024-04-18,79,Beverage,115.07
SKU_001,2024-04-19,76,Beverage,379.85
SKU_001,2024-04-20,97,Beverage,332.86
SKU_001,2024-04-21,112,Beverage,476.73
SKU_001,2024-04-22,92,Beverage,81.26
SKU_001,2024-04-23,91,Beverage,214.39
SKU_001,2024-04-24,85,Beverage,443.91
SKU_001,2024-04-25,86,Beverage,247.66
SKU_001,2024-04-26,92,Beverage,431.72
SKU_001,2024-04-27,125,Beverage,186.46
SKU_001,2024-04-28,115,Beverage,136.21
SKU_001,2024-04-29,92,Beverage,286.71
SKU_001,2024-04-30,92,Beverage,69.93
SKU_001,2024-05-01,77,Beverage,442.01
SKU_001,2024-05-02,77,Beverage,302.44
SKU_001,2024-05-03,77,Beverage,82.59
SKU_001,2024-05-04,85,Beverage,123.28
SKU_001,2024-05-05,94,Beverage,497.8
SKU_001,2024-05-06,90,Beverage,311.44
SKU_001,2024-05-07,84,Beverage,383.5
SKU_001,2024-05-08,75,Beverage,124.73
SKU_001,2024-05-09,82,Beverage,229.86
SKU_001,2024-05-10,71,Beverage,384.46
SKU_001,2024-05-11,88,Beverage,123.82
SKU_001,2024-05-12,97,Beverage,424.93
SKU_001,2024-05-13,84,Beverage,285.58
SKU_001,2024-05-14,72,Beverage,191.48
SKU_001,2024-05-15,87,Beverage,197.04
SKU_001,2024-05-16,74,Beverage,377.16
SKU_001,2024-05-17,89,Beverage,184.36
SKU_001,2024-05-18,104,Beverage,103.8
SKU_001,2024-05-19,112,Beverage,261.39
SKU_001,2024-05-20,90,Beverage,461.23
SKU_001,2024-05-21,88,Beverage,376.36
SKU_001,2024-05-22,86,Beverage,69.0
SKU_001,2024-05-23,91,Beverage,337.12
SKU_001,2024-05-24,85,Beverage,385.89
SKU_001,2024-05-25,116,Beverage,287.03
SKU_001,2024-05-26,116,Beverage,58.62
SKU_001,2024-05-27,90,Beverage,421.88
SKU_001,2024-05-28,96,Beverage,86.84
SKU_001,2024-05-29,95,Beverage,126.12
SKU_001,2024-05-30,98,Beverage,104.5
SKU_001,2024-05-31,86,Beverage,72.25
SKU_001,2024-06-01,95,Beverage,123.19
SKU_001,2024-06-02,106,Beverage,486.06
SKU_001,2024-06-03,94,Beverage,235.89
SKU_001,2024-06-04,82,Beverage,287.6
SKU_001,2024-06-05,89,Beverage,58.23
SKU_001,2024-06-06,84,Beverage,263.52
SKU_001,2024-06-07,84,Beverage,79.57
SKU_001,2024-06-08,105,Beverage,244.56
SKU_001,2024-06-09,95,Beverage,386.26
SKU_001,2024-06-10,87,Beverage,488.89
SKU_001,2024-06-11,92,Beverage,88.27
SKU_001,2024-06-12,71,Beverage,66.05
SKU_001,2024-06-13,86,Beverage,453.01
SKU_001,2024-06-14,94,Beverage,392.51
SKU_001,2024-06-15,87,Beverage,318.81
SKU_001,2024-06-16,92,Beverage,446.87
SKU_001,2024-06-17,72,Beverage,350.88
SKU_001,2024-06-18,93,Beverage,348.26
SKU_001,2024-06-19,94,Beverage,282.29
SKU_001,2024-06-20,81,Beverage,292.39
SKU_001,2024-06-21,91,Beverage,174.86
SKU_001,2024-06-22,112,Beverage,291.9
SKU_001,2024-06-23,95,Beverage,146.59
SKU_001,2024-06-24,72,Beverage,262.55
SKU_001,2024-06-25,88,Beverage,62.91
SKU_001,2024-06-26,82,Beverage,65.77
SKU_001,2024-06-27,84,Beverage,384.97
SKU_001,2024-06-28,98,Beverage,462.27
SKU_001,2024-06-29,104,Beverage,372.66
SKU_001,2024-06-30,127,Beverage,204.64
SKU_001,2024-07-01,88,Beverage,447.06
SKU_001,2024-07-02,86,Beverage,226.76
SKU_001,2024-07-03,72,Beverage,133.47
SKU_001,2024-07-04,73,Beverage,462.18
SKU_001,2024-07-05,78,Beverage,266.11
SKU_001,2024-07-06,90,Beverage,451.05
SKU_001,2024-07-07,94,Beverage,381.83
SKU_001,2024-07-08,83,Beverage,378.69
SKU_001,2024-07-09,81,Beverage,100.97
SKU_001,2024-07-10,89,Beverage,203.95
SKU_001,2024-07-11,85,Beverage,55.56
SKU_001,2024-07-12,93,Beverage,425.29
SKU_001,2024-07-13,95,Beverage,244.85
SKU_001,2024-07-14,100,Beverage,172.71
SKU_001,2024-07-15,85,Beverage,306.76
SKU_001,2024-07-16,82,Beverage,440.86
SKU_001,2024-07-17,93,Beverage,141.88
SKU_001,2024-07-18,79,Beverage,424.17
SKU_001,2024-07-19,73,Beverage,374.34
SKU_001,2024-07-20,107,Beverage,381.38
SKU_001,2024-07-21,87,Beverage,306.03
SKU_001,2024-07-22,89,Beverage,451.66
SKU_001,2024-07-23,88,Beverage,384.32
SKU_001,2024-07-24,80,Beverage,429.79
SKU_001,2024-07-25,89,Beverage,211.21
SKU_001,2024-07-26,90,Beverage,497.98
SKU_001,2024-07-27,99,Beverage,478.4
SKU_001,2024-07-28,125,Beverage,254.35
SKU_001,2024-07-29,82,Beverage,493.01
SKU_001,2024-07-30,92,Beverage,106.13
SKU_001,2024-07-31,97,Beverage,409.78
SKU_001,2024-08-01,78,Beverage,369.05
SKU_001,2024-08-02,77,Beverage,186.57
SKU_001,2024-08-03,111,Beverage,483.6
SKU_001,2024-08-04,98,Beverage,257.26
SKU_001,2024-08-05,91,Beverage,98.21
SKU_001,2024-08-06,75,Beverage,278.44
SKU_001,2024-08-07,73,Beverage,65.26
SKU_001,2024-08-08,82,Beverage,377.23
SKU_001,2024-08-09,80,Beverage,60.21
SKU_001,2024-08-10,108,Beverage,239.23
SKU_001,2024-08-11,87,Beverage,343.82
SKU_001,2024-08-12,86,Beverage,365.14
SKU_001,2024-08-13,93,Beverage,140.49
SKU_001,2024-08-14,87,Beverage,396.69
SKU_001,2024-08-15,95,Beverage,423.36
SKU_001,2024-08-16,80,Beverage,352.71
SKU_001,2024-08-17,91,Beverage,313.53
SKU_001,2024-08-18,113,Beverage,378.53
SKU_001,2024-08-19,74,Beverage,463.1
SKU_001,2024-08-20,87,Beverage,252.11
SKU_001,2024-08-21,74,Beverage,465.73
SKU_001,2024-08-22,80,Beverage,227.87
SKU_001,2024-08-23,95,Beverage,180.7
SKU_001,2024-08-24,97,Beverage,83.12
SKU_001,2024-08-25,125,Beverage,372.93
SKU_001,2024-08-26,102,Beverage,91.1
SKU_001,2024-08-27,91,Beverage,158.54
SKU_001,2024-08-28,101,Beverage,450.17
SKU_001,2024-08-29,96,Beverage,126.89
SKU_001,2024-08-30,85,Beverage,95.35
SKU_001,2024-08-31,103,Beverage,497.92
SKU_001,2024-09-01,101,Beverage,228.76
SKU_001,2024-09-02,76,Beverage,430.44
SKU_001,2024-09-03,84,Beverage,449.57
SKU_001,2024-09-04,81,Beverage,183.81
SKU_001,2024-09-05,75,Beverage,451.01
SKU_001,2024-09-06,73,Beverage,375.28
SKU_001,2024-09-07,113,Beverage,241.36
SKU_001,2024-09-08,89,Beverage,157.74
SKU_001,2024-09-09,79,Beverage,351.27
SKU_001,2024-09-10,77,Beverage,467.86
SKU_001,2024-09-11,87,Beverage,497.53
SKU_001,2024-09-12,89,Beverage,131.33
SKU_001,2024-09-13,75,Beverage,235.91
SKU_001,2024-09-14,111,Beverage,321.27
SKU_001,2024-09-15,108,Beverage,474.59
SKU_001,2024-09-16,90,Beverage,488.94
SKU_001,2024-09-17,90,Beverage,386.04
SKU_001,2024-09-18,90,Beverage,299.66
SKU_001,2024-09-19,88,Beverage,409.63
SKU_001,2024-09-20,88,Beverage,177.05
SKU_001,2024-09-21,98,Beverage,356.87
SKU_001,2024-09-22,104,Beverage,263.88
SKU_001,2024-09-23,90,Beverage,457.1
SKU_001,2024-09-24,88,Beverage,319.99
SKU_001,2024-09-25,85,Beverage,160.21
SKU_001,2024-09-26,82,Beverage,99.98
SKU_001,2024-09-27,86,Beverage,405.33
SKU_001,2024-09-28,124,Beverage,271.98
SKU_001,2024-09-29,97,Beverage,291.08
SKU_001,2024-09-30,97,Beverage,132.48
SKU_001,2024-10-01,98,Beverage,192.62
SKU_001,2024-10-02,110,Beverage,268.49
SKU_001,2024-10-03,111,Beverage,312.95
SKU_001,2024-10-04,94,Beverage,81.94
SKU_001,2024-10-05,172,Beverage,327.64
SKU_001,2024-10-06,209,Beverage,145.84
SKU_001,2024-10-07,141,Beverage,69.82
SKU_001,2024-10-08,161,Beverage,381.45
SKU_001,2024-10-09,177,Beverage,50.78
SKU_001,2024-10-10,174,Beverage,426.97
SKU_001,2024-10-11,154,Beverage,210.83
SKU_001,2024-10-12,358,Beverage,51.72
SKU_001,2024-10-13,117,Beverage,317.53
SKU_001,2024-10-14,119,Beverage,190.29
SKU_001,2024-10-15,92,Beverage,463.07
SKU_001,2024-10-16,106,Beverage,152.24
SKU_001,2024-10-17,123,Beverage,243.15
SKU_001,2024-10-18,123,Beverage,444.49
SKU_001,2024-10-19,129,Beverage,238.04
SKU_001,2024-10-20,114,Beverage,463.99
SKU_001,2024-10-21,119,Beverage,233.33
SKU_001,2024-10-22,100,Beverage,58.09
SKU_001,2024-10-23,120,Beverage,405.26
SKU_001,2024-10-24,91,Beverage,411.31
SKU_001,2024-10-25,206,Beverage,382.26
SKU_001,2024-10-26,246,Beverage,80.84
SKU_001,2024-10-27,209,Beverage,169.65
SKU_001,2024-10-28,176,Beverage,55.64
SKU_001,2024-10-29,174,Beverage,381.15
SKU_001,2024-10-30,175,Beverage,145.53
SKU_001,2024-10-31,191,Beverage,92.64
SKU_001,2024-11-01,238,Beverage,206.39
SKU_001,2024-11-02,142,Beverage,334.61
SKU_001,2024-11-03,129,Beverage,90.97
SKU_001,2024-11-04,115,Beverage,437.53
SKU_001,2024-11-05,120,Beverage,141.14
SKU_001,2024-11-06,112,Beverage,448.11
SKU_001,2024-11-07,111,Beverage,497.69
SKU_001,2024-11-08,108,Beverage,380.46
SKU_001,2024-11-09,125,Beverage,83.17
SKU_001,2024-11-10,128,Beverage,186.52
SKU_001,2024-11-11,102,Beverage,378.03
SKU_001,2024-11-12,113,Beverage,287.99
SKU_001,2024-11-13,112,Beverage,177.19
SKU_001,2024-11-14,104,Beverage,434.61
SKU_001,2024-11-15,102,Beverage,95.77
SKU_001,2024-11-16,120,Beverage,369.1
SKU_001,2024-11-17,132,Beverage,198.82
SKU_001,2024-11-18,113,Beverage,159.25
SKU_001,2024-11-19,108,Beverage,101.54
SKU_001,2024-11-20,102,Beverage,188.67
SKU_001,2024-11-21,95,Beverage,145.48
SKU_001,2024-11-22,121,Beverage,223.26
SKU_001,2024-11-23,139,Beverage,451.31
SKU_001,2024-11-24,113,Beverage,365.35
SKU_001,2024-11-25,127,Beverage,335.62
SKU_001,2024-11-26,133,Beverage,445.49
SKU_001,2024-11-27,111,Beverage,300.07
SKU_001,2024-11-28,120,Beverage,87.55
SKU_001,2024-11-29,141,Beverage,397.33
SKU_001,2024-11-30,155,Beverage,157.19
SKU_001,2024-12-01,132,Beverage,328.26
SKU_001,2024-12-02,104,Beverage,55.28
SKU_001,2024-12-03,96,Beverage,273.29
SKU_001,2024-12-04,100,Beverage,224.81
SKU_001,2024-12-05,112,Beverage,382.01
SKU_001,2024-12-06,104,Beverage,432.08
SKU_001,2024-12-07,115,Beverage,448.61
SKU_001,2024-12-08,128,Beverage,344.2
SKU_001,2024-12-09,92,Beverage,82.22
SKU_001,2024-12-10,104,Beverage,142.8
SKU_001,2024-12-11,100,Beverage,138.56
SKU_001,2024-12-12,106,Beverage,186.22
SKU_001,2024-12-13,120,Beverage,454.72
SKU_001,2024-12-14,125,Beverage,400.77
SKU_001,2024-12-15,146,Beverage,440.8
SKU_001,2024-12-16,109,Beverage,404.21
SKU_001,2024-12-17,99,Beverage,75.42
SKU_001,2024-12-18,94,Beverage,139.16
SKU_001,2024-12-19,120,Beverage,456.83
SKU_001,2024-12-20,96,Beverage,466.23
SKU_001,2024-12-21,110,Beverage,368.84
SKU_001,2024-12-22,126,Beverage,52.1
SKU_001,2024-12-23,123,Beverage,235.97
SKU_001,2024-12-24,104,Beverage,91.72
SKU_001,2024-12-25,115,Beverage,477.6
SKU_001,2024-12-26,131,Beverage,441.52
SKU_001,2024-12-27,141,Beverage,290.21
SKU_001,2024-12-28,135,Beverage,400.51
SKU_001,2024-12-29,128,Beverage,299.8
SKU_001,2024-12-30,133,Beverage,82.95
SKU_001,2024-12-31,136,Beverage,291.62
SKU_002,2023-01-01,228,Food,110.95
SKU_002,2023-01-02,200,Food,407.16
SKU_002,2023-01-03,201,Food,243.16
SKU_002,2023-01-04,214,Food,226.46
SKU_002,2023-01-05,203,Food,439.51
SKU_002,2023-01-06,185,Food,71.54
SKU_002,2023-01-07,212,Food,440.32
SKU_002,2023-01-08,201,Food,299.13
SKU_002,2023-01-09,195,Food,132.87
SKU_002,2023-01-10,200,Food,364.51
SKU_002,2023-01-11,205,Food,238.78
SKU_002,2023-01-12,175,Food,406.73
SKU_002,2023-01-13,199,Food,433.31
SKU_002,2023-01-14,199,Food,417.18
SKU_002,2023-01-15,211,Food,488.27
SKU_002,2023-01-16,176,Food,143.76
SKU_002,2023-01-17,174,Food,70.77
SKU_002,2023-01-18,177,Food,426.13
SKU_002,2023-01-19,166,Food,367.26
SKU_002,2023-01-20,199,Food,292.49
SKU_002,2023-01-21,239,Food,471.87
SKU_002,2023-01-22,203,Food,321.21
SKU_002,2023-01-23,211,Food,227.96
SKU_002,2023-01-24,170,Food,130.61
SKU_002,2023-01-25,244,Food,239.19
SKU_002,2023-01-26,187,Food,217.49
SKU_002,2023-01-27,251,Food,485.71
SKU_002,2023-01-28,237,Food,431.36
SKU_002,2023-01-29,231,Food,301.44
SKU_002,2023-01-30,217,Food,430.6
SKU_002,2023-01-31,187,Food,442.07
SKU_002,2023-02-01,173,Food,312.53
SKU_002,2023-02-02,214,Food,199.59
SKU_002,2023-02-03,204,Food,239.52
SKU_002,2023-02-04,245,Food,473.27
SKU_002,2023-02-05,224,Food,208.56
SKU_002,2023-02-06,178,Food,451.59
SKU_002,2023-02-07,216,Food,440.79
SKU_002,2023-02-08,210,Food,398.89
SKU_002,2023-02-09,169,Food,204.36
SKU_002,2023-02-10,189,Food,122.4
SKU_002,2023-02-11,259,Food,457.39
SKU_002,2023-02-12,202,Food,312.93
SKU_002,2023-02-13,211,Food,250.6
SKU_002,2023-02-14,190,Food,268.95
SKU_002,2023-02-15,215,Food,196.18
SKU_002,2023-02-16,204,Food,81.3
SKU_002,2023-02-17,215,Food,271.97
SKU_002,2023-02-18,232,Food,140.67
SKU_002,2023-02-19,255,Food,492.12
SKU_002,2023-02-20,173,Food,135.36
SKU_002,2023-02-21,211,Food,472.01
SKU_002,2023-02-22,169,Food,347.74
SKU_002,2023-02-23,166,Food,387.64
SKU_002,2023-02-24,200,Food,89.94
SKU_002,2023-02-25,290,Food,280.4
SKU_002,2023-02-26,234,Food,214.13
SKU_002,2023-02-27,214,Food,67.4
SKU_002,2023-02-28,207,Food,474.86
SKU_002,2023-03-01,175,Food,221.07
SKU_002,2023-03-02,213,Food,468.94
SKU_002,2023-03-03,211,Food,350.84
SKU_002,2023-03-04,247,Food,221.25
SKU_002,2023-03-05,206,Food,50.42
SKU_002,2023-03-06,185,Food,439.27
SKU_002,2023-03-07,193,Food,116.14
SKU_002,2023-03-08,213,Food,75.57
SKU_002,2023-03-09,207,Food,184.03
SKU_002,2023-03-10,213,Food,87.8
SKU_002,2023-03-11,231,Food,304.53
SKU_002,2023-03-12,262,Food,249.7
SKU_002,2023-03-13,214,Food,422.33
SKU_002,2023-03-14,176,Food,62.38
SKU_002,2023-03-15,187,Food,449.12
SKU_002,2023-03-16,168,Food,89.26
SKU_002,2023-03-17,164,Food,59.87
SKU_002,2023-03-18,230,Food,355.99
SKU_002,2023-03-19,196,Food,124.77
SKU_002,2023-03-20,181,Food,370.36
SKU_002,2023-03-21,162,Food,281.74
SKU_002,2023-03-22,181,Food,455.36
SKU_002,2023-03-23,194,Food,298.08
SKU_002,2023-03-24,202,Food,283.99
SKU_002,2023-03-25,228,Food,222.97
SKU_002,2023-03-26,296,Food,439.98
SKU_002,2023-03-27,207,Food,334.78
SKU_002,2023-03-28,199,Food,433.86
SKU_002,2023-03-29,245,Food,223.9
SKU_002,2023-03-30,247,Food,174.7
SKU_002,2023-03-31,234,Food,486.1
SKU_002,2023-04-01,259,Food,365.64
SKU_002,2023-04-02,251,Food,223.85
SKU_002,2023-04-03,209,Food,113.96
SKU_002,2023-04-04,210,Food,60.79
SKU_002,2023-04-05,186,Food,306.64
SKU_002,2023-04-06,193,Food,241.95
SKU_002,2023-04-07,174,Food,241.98
SKU_002,2023-04-08,250,Food,473.73
SKU_002,2023-04-09,210,Food,199.6
SKU_002,2023-04-10,164,Food,446.47
SKU_002,2023-04-11,181,Food,411.07
SKU_002,2023-04-12,204,Food,133.94
SKU_002,2023-04-13,176,Food,343.92
SKU_002,2023-04-14,188,Food,386.64
SKU_002,2023-04-15,228,Food,329.47
SKU_002,2023-04-16,247,Food,141.19
SKU_002,2023-04-17,203,Food,124.52
SKU_002,2023-04-18,197,Food,65.96
SKU_002,2023-04-19,190,Food,305.69
SKU_002,2023-04-20,204,Food,154.39
SKU_002,2023-04-21,167,Food,483.4
SKU_002,2023-04-22,224,Food,198.06
SKU_002,2023-04-23,263,Food,260.42
SKU_002,2023-04-24,170,Food,122.97
SKU_002,2023-04-25,188,Food,50.98
SKU_002,2023-04-26,187,Food,420.78
SKU_002,2023-04-27,252,Food,75.89
SKU_002,2023-04-28,237,Food,355.19
SKU_002,2023-04-29,225,Food,256.89
SKU_002,2023-04-30,247,Food,326.92
SKU_002,2023-05-01,194,Food,237.14
SKU_002,2023-05-02,164,Food,379.77
SKU_002,2023-05-03,177,Food,313.63
SKU_002,2023-05-04,218,Food,278.36
SKU_002,2023-05-05,205,Food,382.89
SKU_002,2023-05-06,225,Food,444.69
SKU_002,2023-05-07,201,Food,215.85
SKU_002,2023-05-08,169,Food,199.04
SKU_002,2023-05-09,204,Food,345.14
SKU_002,2023-05-10,204,Food,117.43
SKU_002,2023-05-11,207,Food,245.9
SKU_002,2023-05-12,213,Food,405.31
SKU_002,2023-05-13,218,Food,55.59
SKU_002,2023-05-14,227,Food,59.9
SKU_002,2023-05-15,207,Food,214.92
SKU_002,2023-05-16,177,Food,231.18
SKU_002,2023-05-17,191,Food,244.7
SKU_002,2023-05-18,193,Food,437.44
SKU_002,2023-05-19,185,Food,456.52
SKU_002,2023-05-20,259,Food,361.23
SKU_002,2023-05-21,206,Food,308.56
SKU_002,2023-05-22,204,Food,124.71
SKU_002,2023-05-23,189,Food,271.15
SKU_002,2023-05-24,189,Food,439.27
SKU_002,2023-05-25,195,Food,285.12
SKU_002,2023-05-26,190,Food,260.51
SKU_002,2023-05-27,265,Food,385.91
SKU_002,2023-05-28,284,Food,63.07
SKU_002,2023-05-29,236,Food,347.5
SKU_002,2023-05-30,247,Food,249.99
SKU_002,2023-05-31,244,Food,276.3
SKU_002,2023-06-01,174,Food,77.02
SKU_002,2023-06-02,191,Food,318.69
SKU_002,2023-06-03,201,Food,140.89
SKU_002,2023-06-04,259,Food,390.27
SKU_002,2023-06-05,209,Food,100.51
SKU_002,2023-06-06,185,Food,433.33
SKU_002,2023-06-07,163,Food,71.39
SKU_002,2023-06-08,201,Food,135.53
SKU_002,2023-06-09,175,Food,334.65
SKU_002,2023-06-10,247,Food,113.08
SKU_002,2023-06-11,258,Food,59.99
SKU_002,2023-06-12,166,Food,499.55
SKU_002,2023-06-13,207,Food,96.53
SKU_002,2023-06-14,178,Food,334.9
SKU_002,2023-06-15,167,Food,412.63
SKU_002,2023-06-16,214,Food,180.09
SKU_002,2023-06-17,208,Food,453.28
SKU_002,2023-06-18,225,Food,450.31
SKU_002,2023-06-19,218,Food,209.62
SKU_002,2023-06-20,179,Food,52.27
SKU_002,2023-06-21,195,Food,419.48
SKU_002,2023-06-22,162,Food,279.53
SKU_002,2023-06-23,178,Food,346.66
SKU_002,2023-06-24,245,Food,141.97
SKU_002,2023-06-25,239,Food,251.88
SKU_002,2023-06-26,236,Food,239.37
SKU_002,2023-06-27,187,Food,413.48
SKU_002,2023-06-28,221,Food,110.12
SKU_002,2023-06-29,228,Food,267.66
SKU_002,2023-06-30,212,Food,399.78
SKU_002,2023-07-01,234,Food,438.08
SKU_002,2023-07-02,204,Food,351.72
SKU_002,2023-07-03,187,Food,417.13
SKU_002,2023-07-04,168,Food,486.23
SKU_002,2023-07-05,163,Food,105.2
SKU_002,2023-07-06,174,Food,81.31
SKU_002,2023-07-07,180,Food,52.02
SKU_002,2023-07-08,220,Food,93.77
SKU_002,2023-07-09,227,Food,466.13
SKU_002,2023-07-10,199,Food,156.19
SKU_002,2023-07-11,212,Food,274.93
SKU_002,2023-07-12,198,Food,413.26
SKU_002,2023-07-13,211,Food,369.25
SKU_002,2023-07-14,217,Food,125.24
SKU_002,2023-07-15,203,Food,416.57
SKU_002,2023-07-16,203,Food,341.52
SKU_002,2023-07-17,166,Food,325.69
SKU_002,2023-07-18,163,Food,207.13
SKU_002,2023-07-19,163,Food,496.52
SKU_002,2023-07-20,188,Food,167.88
SKU_002,2023-07-21,218,Food,335.71
SKU_002,2023-07-22,255,Food,451.32
SKU_002,2023-07-23,209,Food,328.67
SKU_002,2023-07-24,192,Food,56.09
SKU_002,2023-07-25,204,Food,197.53
SKU_002,2023-07-26,190,Food,366.66
SKU_002,2023-07-27,242,Food,112.98
SKU_002,2023-07-28,221,Food,366.38
SKU_002,2023-07-29,233,Food,420.32
SKU_002,2023-07-30,237,Food,110.76
SKU_002,2023-07-31,210,Food,478.98
SKU_002,2023-08-01,167,Food,275.55
SKU_002,2023-08-02,181,Food,260.69
SKU_002,2023-08-03,207,Food,496.81
SKU_002,2023-08-04,171,Food,192.67
SKU_002,2023-08-05,217,Food,342.0
SKU_002,2023-08-06,238,Food,217.21
SKU_002,2023-08-07,188,Food,369.77
SKU_002,2023-08-08,218,Food,223.53
SKU_002,2023-08-09,170,Food,256.92
SKU_002,2023-08-10,213,Food,444.73
SKU_002,2023-08-11,166,Food,263.06
SKU_002,2023-08-12,259,Food,368.53
SKU_002,2023-08-13,248,Food,139.64
SKU_002,2023-08-14,181,Food,179.61
SKU_002,2023-08-15,187,Food,458.67
SKU_002,2023-08-16,176,Food,483.73
SKU_002,2023-08-17,166,Food,197.03
SKU_002,2023-08-18,195,Food,79.97
SKU_002,2023-08-19,241,Food,146.95
SKU_002,2023-08-20,222,Food,447.87
SKU_002,2023-08-21,185,Food,268.69
SKU_002,2023-08-22,206,Food,183.8
SKU_002,2023-08-23,190,Food,350.85
SKU_002,2023-08-24,184,Food,494.89
SKU_002,2023-08-25,203,Food,112.8
SKU_002,2023-08-26,292,Food,486.28
SKU_002,2023-08-27,234,Food,377.38
SKU_002,2023-08-28,187,Food,327.63
SKU_002,2023-08-29,200,Food,399.52
SKU_002,2023-08-30,196,Food,273.68
SKU_002,2023-08-31,211,Food,68.47
SKU_002,2023-09-01,162,Food,286.84
SKU_002,2023-09-02,233,Food,419.91
SKU_002,2023-09-03,231,Food,277.66
SKU_002,2023-09-04,196,Food,292.95
SKU_002,2023-09-05,215,Food,157.49
SKU_002,2023-09-06,193,Food,188.65
SKU_002,2023-09-07,171,Food,486.83
SKU_002,2023-09-08,178,Food,53.79
SKU_002,2023-09-09,251,Food,295.89
SKU_002,2023-09-10,206,Food,338.43
SKU_002,2023-09-11,209,Food,186.91
SKU_002,2023-09-12,172,Food,473.32
SKU_002,2023-09-13,210,Food,388.98
SKU_002,2023-09-14,199,Food,54.16
SKU_002,2023-09-15,187,Food,109.17
SKU_002,2023-09-16,239,Food,96.44
SKU_002,2023-09-17,197,Food,68.78
SKU_002,2023-09-18,188,Food,120.05
SKU_002,2023-09-19,202,Food,454.6
SKU_002,2023-09-20,218,Food,481.06
SKU_002,2023-09-21,198,Food,176.9
SKU_002,2023-09-22,189,Food,362.27
SKU_002,2023-09-23,251,Food,271.47
SKU_002,2023-09-24,244,Food,117.68
SKU_002,2023-09-25,209,Food,479.78
SKU_002,2023-09-26,193,Food,485.09
SKU_002,2023-09-27,252,Food,404.77
SKU_002,2023-09-28,199,Food,131.0
SKU_002,2023-09-29,243,Food,190.09
SKU_002,2023-09-30,274,Food,103.41
SKU_002,2023-10-01,306,Food,248.95
SKU_002,2023-10-02,221,Food,128.5
SKU_002,2023-10-03,216,Food,339.18
SKU_002,2023-10-04,271,Food,241.16
SKU_002,2023-10-05,213,Food,492.81
SKU_002,2023-10-06,282,Food,426.93
SKU_002,2023-10-07,276,Food,302.94
SKU_002,2023-10-08,426,Food,372.74
SKU_002,2023-10-09,409,Food,302.73
SKU_002,2023-10-10,367,Food,303.95
SKU_002,2023-10-11,341,Food,317.84
SKU_002,2023-10-12,357,Food,264.98
SKU_002,2023-10-13,374,Food,377.31
SKU_002,2023-10-14,396,Food,393.57
SKU_002,2023-10-15,698,Food,289.2
SKU_002,2023-10-16,215,Food,364.9
SKU_002,2023-10-17,378,Food,170.08
SKU_002,2023-10-18,396,Food,211.95
SKU_002,2023-10-19,366,Food,157.49
SKU_002,2023-10-20,415,Food,145.09
SKU_002,2023-10-21,498,Food,193.13
SKU_002,2023-10-22,433,Food,125.22
SKU_002,2023-10-23,330,Food,455.04
SKU_002,2023-10-24,626,Food,446.33
SKU_002,2023-10-25,310,Food,298.03
SKU_002,2023-10-26,265,Food,276.43
SKU_002,2023-10-27,252,Food,152.69
SKU_002,2023-10-28,353,Food,367.14
SKU_002,2023-10-29,343,Food,129.44
SKU_002,2023-10-30,312,Food,261.98
SKU_002,2023-10-31,267,Food,367.88
SKU_002,2023-11-01,251,Food,259.2
SKU_002,2023-11-02,271,Food,496.6
SKU_002,2023-11-03,221,Food,200.83
SKU_002,2023-11-04,318,Food,438.92
SKU_002,2023-11-05,299,Food,221.61
SKU_002,2023-11-06,242,Food,255.28
SKU_002,2023-11-07,257,Food,266.55
SKU_002,2023-11-08,243,Food,439.42
SKU_002,2023-11-09,229,Food,471.88
SKU_002,2023-11-10,221,Food,180.97
SKU_002,2023-11-11,331,Food,322.21
SKU_002,2023-11-12,315,Food,257.75
SKU_002,2023-11-13,235,Food,463.75
SKU_002,2023-11-14,251,Food,257.34
SKU_002,2023-11-15,284,Food,117.95
SKU_002,2023-11-16,234,Food,248.92
SKU_002,2023-11-17,246,Food,410.13
SKU_002,2023-11-18,318,Food,208.0
SKU_002,2023-11-19,278,Food,199.92
SKU_002,2023-11-20,279,Food,481.59
SKU_002,2023-11-21,243,Food,315.45
SKU_002,2023-11-22,233,Food,86.9
SKU_002,2023-11-23,248,Food,342.75
SKU_002,2023-11-24,267,Food,241.72
SKU_002,2023-11-25,317,Food,130.41
SKU_002,2023-11-26,383,Food,473.13
SKU_002,2023-11-27,327,Food,336.98
SKU_002,2023-11-28,254,Food,102.35
SKU_002,2023-11-29,281,Food,232.45
SKU_002,2023-11-30,303,Food,85.1
SKU_002,2023-12-01,218,Food,298.31
SKU_002,2023-12-02,257,Food,59.09
SKU_002,2023-12-03,257,Food,411.78
SKU_002,2023-12-04,252,Food,402.7
SKU_002,2023-12-05,263,Food,98.91
SKU_002,2023-12-06,221,Food,355.55
SKU_002,2023-12-07,269,Food,100.5
SKU_002,2023-12-08,250,Food,341.63
SKU_002,2023-12-09,321,Food,58.25
SKU_002,2023-12-10,291,Food,68.54
SKU_002,2023-12-11,263,Food,486.57
SKU_002,2023-12-12,226,Food,428.86
SKU_002,2023-12-13,275,Food,443.0
SKU_002,2023-12-14,253,Food,338.49
SKU_002,2023-12-15,230,Food,186.44
SKU_002,2023-12-16,305,Food,397.43
SKU_002,2023-12-17,306,Food,78.07
SKU_002,2023-12-18,235,Food,97.38
SKU_002,2023-12-19,239,Food,192.74
SKU_002,2023-12-20,213,Food,58.42
SKU_002,2023-12-21,221,Food,349.06
SKU_002,2023-12-22,218,Food,485.41
SKU_002,2023-12-23,285,Food,339.03
SKU_002,2023-12-24,313,Food,477.05
SKU_002,2023-12-25,327,Food,149.05
SKU_002,2023-12-26,246,Food,448.0
SKU_002,2023-12-27,319,Food,51.26
SKU_002,2023-12-28,319,Food,465.61
SKU_002,2023-12-29,262,Food,165.96
SKU_002,2023-12-30,333,Food,212.65
SKU_002,2023-12-31,331,Food,152.45
SKU_002,2024-01-01,199,Food,296.44
SKU_002,2024-01-02,197,Food,276.97
SKU_002,2024-01-03,203,Food,390.33
SKU_002,2024-01-04,215,Food,102.15
SKU_002,2024-01-05,211,Food,259.74
SKU_002,2024-01-06,220,Food,389.87
SKU_002,2024-01-07,238,Food,246.83
SKU_002,2024-01-08,282,Food,322.92
SKU_002,2024-01-09,328,Food,483.18
SKU_002,2024-01-10,296,Food,490.05
SKU_002,2024-01-11,286,Food,135.5
SKU_002,2024-01-12,264,Food,453.1
SKU_002,2024-01-13,356,Food,366.51
SKU_002,2024-01-14,393,Food,175.73
SKU_002,2024-01-15,532,Food,163.33
SKU_002,2024-01-16,177,Food,473.93
SKU_002,2024-01-17,179,Food,240.02
SKU_002,2024-01-18,171,Food,401.63
SKU_002,2024-01-19,166,Food,69.07
SKU_002,2024-01-20,233,Food,83.31
SKU_002,2024-01-21,206,Food,292.53
SKU_002,2024-01-22,193,Food,410.94
SKU_002,2024-01-23,164,Food,263.11
SKU_002,2024-01-24,175,Food,284.99
SKU_002,2024-01-25,239,Food,132.85
SKU_002,2024-01-26,193,Food,172.53
SKU_002,2024-01-27,293,Food,398.05
SKU_002,2024-01-28,244,Food,78.23
SKU_002,2024-01-29,208,Food,436.9
SKU_002,2024-01-30,190,Food,363.94
SKU_002,2024-01-31,226,Food,291.5
SKU_002,2024-02-01,203,Food,455.75
SKU_002,2024-02-02,164,Food,249.12
SKU_002,2024-02-03,205,Food,385.74
SKU_002,2024-02-04,220,Food,390.54
SKU_002,2024-02-05,176,Food,85.57
SKU_002,2024-02-06,200,Food,62.39
SKU_002,2024-02-07,206,Food,126.86
SKU_002,2024-02-08,176,Food,407.69
SKU_002,2024-02-09,173,Food,191.39
SKU_002,2024-02-10,221,Food,247.3
SKU_002,2024-02-11,215,Food,429.71
SKU_002,2024-02-12,183,Food,439.82
SKU_002,2024-02-13,219,Food,79.42
SKU_002,2024-02-14,193,Food,273.11
SKU_002,2024-02-15,187,Food,249.2
SKU_002,2024-02-16,214,Food,336.16
SKU_002,2024-02-17,214,Food,120.76
SKU_002,2024-02-18,208,Food,104.38
SKU_002,2024-02-19,168,Food,466.78
SKU_002,2024-02-20,174,Food,265.58
SKU_002,2024-02-21,192,Food,449.02
SKU_002,2024-02-22,208,Food,173.96
SKU_002,2024-02-23,195,Food,96.0
SKU_002,2024-02-24,225,Food,369.01
SKU_002,2024-02-25,234,Food,382.73
SKU_002,2024-02-26,236,Food,73.35
SKU_002,2024-02-27,199,Food,414.6
SKU_002,2024-02-28,250,Food,184.44
SKU_002,2024-02-29,214,Food,112.41
SKU_002,2024-03-01,217,Food,265.24
SKU_002,2024-03-02,217,Food,435.93
SKU_002,2024-03-03,209,Food,52.15
SKU_002,2024-03-04,181,Food,327.76
SKU_002,2024-03-05,183,Food,170.24
SKU_002,2024-03-06,199,Food,330.38
SKU_002,2024-03-07,179,Food,154.02
SKU_002,2024-03-08,193,Food,492.65
SKU_002,2024-03-09,243,Food,172.16
SKU_002,2024-03-10,262,Food,405.56
SKU_002,2024-03-11,173,Food,379.28
SKU_002,2024-03-12,196,Food,494.36
SKU_002,2024-03-13,182,Food,150.42
SKU_002,2024-03-14,205,Food,455.92
SKU_002,2024-03-15,204,Food,425.66
SKU_002,2024-03-16,219,Food,415.0
SKU_002,2024-03-17,231,Food,238.35
SKU_002,2024-03-18,198,Food,306.6
SKU_002,2024-03-19,174,Food,485.37
SKU_002,2024-03-20,180,Food,456.82
SKU_002,2024-03-21,192,Food,91.2
SKU_002,2024-03-22,204,Food,156.4
SKU_002,2024-03-23,209,Food,442.63
SKU_002,2024-03-24,226,Food,310.74
SKU_002,2024-03-25,232,Food,301.77
SKU_002,2024-03-26,194,Food,61.04
SKU_002,2024-03-27,229,Food,419.74
SKU_002,2024-03-28,229,Food,56.12
SKU_002,2024-03-29,220,Food,133.15
SKU_002,2024-03-30,250,Food,214.52
SKU_002,2024-03-31,261,Food,252.93
SKU_002,2024-04-01,181,Food,399.91
SKU_002,2024-04-02,217,Food,119.03
SKU_002,2024-04-03,205,Food,283.66
SKU_002,2024-04-04,183,Food,186.8
SKU_002,2024-04-05,188,Food,208.01
SKU_002,2024-04-06,262,Food,163.08
SKU_002,2024-04-07,252,Food,284.22
SKU_002,2024-04-08,183,Food,209.57
SKU_002,2024-04-09,163,Food,469.66
SKU_002,2024-04-10,193,Food,423.17
SKU_002,2024-04-11,185,Food,177.74
SKU_002,2024-04-12,194,Food,154.57
SKU_002,2024-04-13,248,Food,286.87
SKU_002,2024-04-14,195,Food,98.21
SKU_002,2024-04-15,191,Food,353.37
SKU_002,2024-04-16,195,Food,98.67
SKU_002,2024-04-17,163,Food,195.34
SKU_002,2024-04-18,217,Food,208.88
SKU_002,2024-04-19,213,Food,330.12
SKU_002,2024-04-20,223,Food,193.58
SKU_002,2024-04-21,216,Food,162.58
SKU_002,2024-04-22,208,Food,351.6
SKU_002,2024-04-23,206,Food,174.85
SKU_002,2024-04-24,209,Food,407.63
SKU_002,2024-04-25,228,Food,359.33
SKU_002,2024-04-26,224,Food,373.46
SKU_002,2024-04-27,265,Food,229.05
SKU_002,2024-04-28,275,Food,136.16
SKU_002,2024-04-29,219,Food,217.0
SKU_002,2024-04-30,202,Food,99.03
SKU_002,2024-05-01,171,Food,126.99
SKU_002,2024-05-02,189,Food,59.53
SKU_002,2024-05-03,178,Food,458.87
SKU_002,2024-05-04,205,Food,375.5
SKU_002,2024-05-05,230,Food,245.55
SKU_002,2024-05-06,185,Food,201.37
SKU_002,2024-05-07,191,Food,334.19
SKU_002,2024-05-08,171,Food,261.39
SKU_002,2024-05-09,168,Food,275.72
SKU_002,2024-05-10,166,Food,66.81
SKU_002,2024-05-11,208,Food,273.0
SKU_002,2024-05-12,226,Food,416.85
SKU_002,2024-05-13,205,Food,256.45
SKU_002,2024-05-14,199,Food,308.61
SKU_002,2024-05-15,212,Food,174.98
SKU_002,2024-05-16,166,Food,166.35
SKU_002,2024-05-17,175,Food,150.45
SKU_002,2024-05-18,215,Food,200.39
SKU_002,2024-05-19,216,Food,477.72
SKU_002,2024-05-20,187,Food,320.02
SKU_002,2024-05-21,209,Food,293.88
SKU_002,2024-05-22,165,Food,122.89
SKU_002,2024-05-23,207,Food,444.51
SKU_002,2024-05-24,194,Food,98.82
SKU_002,2024-05-25,251,Food,403.2
SKU_002,2024-05-26,286,Food,51.8
SKU_002,2024-05-27,210,Food,455.67
SKU_002,2024-05-28,210,Food,495.53
SKU_002,2024-05-29,222,Food,216.5
SKU_002,2024-05-30,244,Food,223.34
SKU_002,2024-05-31,245,Food,294.63
SKU_002,2024-06-01,254,Food,88.3
SKU_002,2024-06-02,231,Food,314.47
SKU_002,2024-06-03,198,Food,267.99
SKU_002,2024-06-04,201,Food,394.23
SKU_002,2024-06-05,177,Food,234.19
SKU_002,2024-06-06,165,Food,76.9
SKU_002,2024-06-07,176,Food,337.29
SKU_002,2024-06-08,207,Food,296.82
SKU_002,2024-06-09,204,Food,401.08
SKU_002,2024-06-10,179,Food,445.01
SKU_002,2024-06-11,165,Food,131.38
SKU_002,2024-06-12,213,Food,429.11
SKU_002,2024-06-13,167,Food,460.33
SKU_002,2024-06-14,210,Food,359.2
SKU_002,2024-06-15,261,Food,475.7
SKU_002,2024-06-16,233,Food,447.4
SKU_002,2024-06-17,197,Food,291.4
SKU_002,2024-06-18,209,Food,245.37
SKU_002,2024-06-19,191,Food,145.07
SKU_002,2024-06-20,207,Food,283.65
SKU_002,2024-06-21,213,Food,186.22
SKU_002,2024-06-22,209,Food,230.28
SKU_002,2024-06-23,246,Food,112.95
SKU_002,2024-06-24,168,Food,213.5
SKU_002,2024-06-25,224,Food,473.99
SKU_002,2024-06-26,219,Food,331.67
SKU_002,2024-06-27,197,Food,146.89
SKU_002,2024-06-28,239,Food,412.39
SKU_002,2024-06-29,279,Food,224.92
SKU_002,2024-06-30,278,Food,364.03
SKU_002,2024-07-01,207,Food,225.7
SKU_002,2024-07-02,194,Food,310.14
SKU_002,2024-07-03,179,Food,431.35
SKU_002,2024-07-04,187,Food,471.5
SKU_002,2024-07-05,165,Food,313.65
SKU_002,2024-07-06,204,Food,391.49
SKU_002,2024-07-07,226,Food,426.71
SKU_002,2024-07-08,210,Food,177.07
SKU_002,2024-07-09,202,Food,165.34
SKU_002,2024-07-10,203,Food,392.76
SKU_002,2024-07-11,165,Food,385.43
SKU_002,2024-07-12,169,Food,299.36
SKU_002,2024-07-13,228,Food,153.9
SKU_002,2024-07-14,202,Food,259.13
SKU_002,2024-07-15,181,Food,465.42
SKU_002,2024-07-16,200,Food,492.72
SKU_002,2024-07-17,198,Food,167.93
SKU_002,2024-07-18,197,Food,359.12
SKU_002,2024-07-19,178,Food,65.82
SKU_002,2024-07-20,242,Food,377.63
SKU_002,2024-07-21,228,Food,417.04
SKU_002,2024-07-22,207,Food,327.38
SKU_002,2024-07-23,187,Food,321.34
SKU_002,2024-07-24,211,Food,293.21
SKU_002,2024-07-25,241,Food,380.19
SKU_002,2024-07-26,196,Food,92.46
SKU_002,2024-07-27,298,Food,353.62
SKU_002,2024-07-28,291,Food,343.55
SKU_002,2024-07-29,206,Food,273.71
SKU_002,2024-07-30,204,Food,297.59
SKU_002,2024-07-31,229,Food,336.03
SKU_002,2024-08-01,182,Food,402.54
SKU_002,2024-08-02,166,Food,266.53
SKU_002,2024-08-03,243,Food,336.45
SKU_002,2024-08-04,248,Food,455.49
SKU_002,2024-08-05,199,Food,406.7
SKU_002,2024-08-06,192,Food,63.72
SKU_002,2024-08-07,163,Food,98.75
SKU_002,2024-08-08,199,Food,327.89
SKU_002,2024-08-09,198,Food,215.01
SKU_002,2024-08-10,198,Food,143.66
SKU_002,2024-08-11,237,Food,247.96
SKU_002,2024-08-12,174,Food,329.38
SKU_002,2024-08-13,164,Food,477.35
SKU_002,2024-08-14,178,Food,94.7
SKU_002,2024-08-15,175,Food,257.34
SKU_002,2024-08-16,175,Food,194.72
SKU_002,2024-08-17,248,Food,356.67
SKU_002,2024-08-18,213,Food,315.83
SKU_002,2024-08-19,212,Food,397.73
SKU_002,2024-08-20,207,Food,480.44
SKU_002,2024-08-21,207,Food,492.39
SKU_002,2024-08-22,216,Food,65.73
SKU_002,2024-08-23,218,Food,339.76
SKU_002,2024-08-24,203,Food,467.9
SKU_002,2024-08-25,229,Food,246.09
SKU_002,2024-08-26,250,Food,219.8
SKU_002,2024-08-27,224,Food,77.4
SKU_002,2024-08-28,210,Food,205.68
SKU_002,2024-08-29,230,Food,424.51
SKU_002,2024-08-30,224,Food,226.17
SKU_002,2024-08-31,296,Food,58.14
SKU_002,2024-09-01,234,Food,145.87
SKU_002,2024-09-02,173,Food,249.15
SKU_002,2024-09-03,189,Food,178.34
SKU_002,2024-09-04,180,Food,222.54
SKU_002,2024-09-05,211,Food,189.44
SKU_002,2024-09-06,179,Food,290.86
SKU_002,2024-09-07,215,Food,52.09
SKU_002,2024-09-08,221,Food,83.88
SKU_002,2024-09-09,199,Food,441.89
SKU_002,2024-09-10,175,Food,461.09
SKU_002,2024-09-11,186,Food,218.58
SKU_002,2024-09-12,174,Food,293.12
SKU_002,2024-09-13,188,Food,280.43
SKU_002,2024-09-14,219,Food,370.01
SKU_002,2024-09-15,252,Food,259.64
SKU_002,2024-09-16,201,Food,418.13
SKU_002,2024-09-17,195,Food,147.51
SKU_002,2024-09-18,208,Food,79.15
SKU_002,2024-09-19,184,Food,96.71
SKU_002,2024-09-20,183,Food,109.38
SKU_002,2024-09-21,220,Food,180.83
SKU_002,2024-09-22,228,Food,476.73
SKU_002,2024-09-23,175,Food,492.3
SKU_002,2024-09-24,172,Food,389.38
SKU_002,2024-09-25,251,Food,274.04
SKU_002,2024-09-26,195,Food,416.75
SKU_002,2024-09-27,217,Food,443.37
SKU_002,2024-09-28,286,Food,490.99
SKU_002,2024-09-29,279,Food,214.2
SKU_002,2024-09-30,241,Food,80.23
SKU_002,2024-10-01,280,Food,227.61
SKU_002,2024-10-02,233,Food,469.17
SKU_002,2024-10-03,275,Food,233.68
SKU_002,2024-10-04,223,Food,456.08
SKU_002,2024-10-05,482,Food,97.5
SKU_002,2024-10-06,454,Food,230.9
SKU_002,2024-10-07,330,Food,412.97
SKU_002,2024-10-08,336,Food,385.66
SKU_002,2024-10-09,370,Food,333.45
SKU_002,2024-10-10,366,Food,150.17
SKU_002,2024-10-11,386,Food,207.56
SKU_002,2024-10-12,652,Food,71.6
SKU_002,2024-10-13,339,Food,106.37
SKU_002,2024-10-14,260,Food,95.73
SKU_002,2024-10-15,257,Food,375.02
SKU_002,2024-10-16,211,Food,266.99
SKU_002,2024-10-17,262,Food,210.02
SKU_002,2024-10-18,214,Food,114.42
SKU_002,2024-10-19,319,Food,171.1
SKU_002,2024-10-20,254,Food,475.53
SKU_002,2024-10-21,249,Food,356.32
SKU_002,2024-10-22,285,Food,400.51
SKU_002,2024-10-23,267,Food,137.02
SKU_002,2024-10-24,264,Food,310.76
SKU_002,2024-10-25,477,Food,104.56
SKU_002,2024-10-26,446,Food,358.34
SKU_002,2024-10-27,524,Food,188.04
SKU_002,2024-10-28,490,Food,93.47
SKU_002,2024-10-29,478,Food,114.77
SKU_002,2024-10-30,416,Food,240.4
SKU_002,2024-10-31,445,Food,410.11
SKU_002,2024-11-01,636,Food,114.88
SKU_002,2024-11-02,253,Food,401.29
SKU_002,2024-11-03,322,Food,302.11
SKU_002,2024-11-04,270,Food,465.9
SKU_002,2024-11-05,233,Food,461.98
SKU_002,2024-11-06,272,Food,188.38
SKU_002,2024-11-07,276,Food,52.33
SKU_002,2024-11-08,282,Food,465.09
SKU_002,2024-11-09,276,Food,433.86
SKU_002,2024-11-10,298,Food,462.92
SKU_002,2024-11-11,266,Food,196.52
SKU_002,2024-11-12,232,Food,156.85
SKU_002,2024-11-13,230,Food,378.94
SKU_002,2024-11-14,273,Food,202.9
SKU_002,2024-11-15,256,Food,483.02
SKU_002,2024-11-16,265,Food,94.82
SKU_002,2024-11-17,339,Food,123.02
SKU_002,2024-11-18,256,Food,120.03
SKU_002,2024-11-19,284,Food,288.26
SKU_002,2024-11-20,256,Food,238.31
SKU_002,2024-11-21,261,Food,431.08
SKU_002,2024-11-22,267,Food,202.63
SKU_002,2024-11-23,340,Food,129.16
SKU_002,2024-11-24,307,Food,282.82
SKU_002,2024-11-25,301,Food,219.85
SKU_002,2024-11-26,271,Food,143.08
SKU_002,2024-11-27,290,Food,134.62
SKU_002,2024-11-28,282,Food,277.3
SKU_002,2024-11-29,269,Food,296.02
SKU_002,2024-11-30,380,Food,488.72
SKU_002,2024-12-01,331,Food,140.17
SKU_002,2024-12-02,218,Food,316.9
SKU_002,2024-12-03,249,Food,210.81
SKU_002,2024-12-04,226,Food,119.23
SKU_002,2024-12-05,260,Food,438.46
SKU_002,2024-12-06,252,Food,144.88
SKU_002,2024-12-07,312,Food,221.48
SKU_002,2024-12-08,279,Food,331.04
SKU_002,2024-12-09,282,Food,483.49
SKU_002,2024-12-10,223,Food,217.94
SKU_002,2024-12-11,267,Food,193.01
SKU_002,2024-12-12,273,Food,334.14
SKU_002,2024-12-13,266,Food,187.67
SKU_002,2024-12-14,341,Food,479.43
SKU_002,2024-12-15,276,Food,448.25
SKU_002,2024-12-16,216,Food,100.35
SKU_002,2024-12-17,266,Food,140.2
SKU_002,2024-12-18,230,Food,445.88
SKU_002,2024-12-19,218,Food,453.38
SKU_002,2024-12-20,232,Food,63.89
SKU_002,2024-12-21,282,Food,295.62
SKU_002,2024-12-22,322,Food,230.47
SKU_002,2024-12-23,273,Food,133.64
SKU_002,2024-12-24,256,Food,369.57
SKU_002,2024-12-25,253,Food,104.51
SKU_002,2024-12-26,316,Food,337.85
SKU_002,2024-12-27,272,Food,115.81
SKU_002,2024-12-28,388,Food,388.89
SKU_002,2024-12-29,339,Food,257.23
SKU_002,2024-12-30,256,Food,55.14
SKU_002,2024-12-31,286,Food,215.63
SKU_003,2023-01-01,137,Beverage,145.28
SKU_003,2023-01-02,133,Beverage,312.1
SKU_003,2023-01-03,120,Beverage,439.67
SKU_003,2023-01-04,121,Beverage,90.98
SKU_003,2023-01-05,130,Beverage,334.28
SKU_003,2023-01-06,113,Beverage,389.18
SKU_003,2023-01-07,136,Beverage,437.33
SKU_003,2023-01-08,127,Beverage,245.66
SKU_003,2023-01-09,116,Beverage,437.83
SKU_003,2023-01-10,117,Beverage,479.85
SKU_003,2023-01-11,116,Beverage,475.01
SKU_003,2023-01-12,133,Beverage,191.16
SKU_003,2023-01-13,116,Beverage,239.22
SKU_003,2023-01-14,140,Beverage,427.09
SKU_003,2023-01-15,131,Beverage,316.47
SKU_003,2023-01-16,133,Beverage,353.06
SKU_003,2023-01-17,132,Beverage,149.58
SKU_003,2023-01-18,113,Beverage,397.92
SKU_003,2023-01-19,117,Beverage,314.92
SKU_003,2023-01-20,118,Beverage,263.89
SKU_003,2023-01-21,156,Beverage,224.46
SKU_003,2023-01-22,167,Beverage,437.64
SKU_003,2023-01-23,128,Beverage,403.73
SKU_003,2023-01-24,109,Beverage,336.66
SKU_003,2023-01-25,144,Beverage,373.7
SKU_003,2023-01-26,136,Beverage,127.62
SKU_003,2023-01-27,140,Beverage,382.04
SKU_003,2023-01-28,166,Beverage,440.67
SKU_003,2023-01-29,187,Beverage,227.55
SKU_003,2023-01-30,153,Beverage,338.14
SKU_003,2023-01-31,122,Beverage,261.73
SKU_003,2023-02-01,105,Beverage,78.24
SKU_003,2023-02-02,125,Beverage,272.45
SKU_003,2023-02-03,110,Beverage,349.9
SKU_003,2023-02-04,164,Beverage,439.16
SKU_003,2023-02-05,143,Beverage,146.29
SKU_003,2023-02-06,133,Beverage,206.39
SKU_003,2023-02-07,112,Beverage,415.95
SKU_003,2023-02-08,123,Beverage,52.73
SKU_003,2023-02-09,124,Beverage,456.76
SKU_003,2023-02-10,126,Beverage,294.21
SKU_003,2023-02-11,147,Beverage,115.24
SKU_003,2023-02-12,139,Beverage,299.58
SKU_003,2023-02-13,136,Beverage,132.39
SKU_003,2023-02-14,118,Beverage,375.14
SKU_003,2023-02-15,140,Beverage,249.7
SKU_003,2023-02-16,123,Beverage,471.66
SKU_003,2023-02-17,119,Beverage,427.05
SKU_003,2023-02-18,142,Beverage,141.9
SKU_003,2023-02-19,127,Beverage,493.74
SKU_003,2023-02-20,135,Beverage,188.0
SKU_003,2023-02-21,109,Beverage,449.27
SKU_003,2023-02-22,109,Beverage,235.8
SKU_003,2023-02-23,125,Beverage,429.79
SKU_003,2023-02-24,135,Beverage,159.95
SKU_003,2023-02-25,159,Beverage,273.62
SKU_003,2023-02-26,148,Beverage,276.39
SKU_003,2023-02-27,150,Beverage,226.36
SKU_003,2023-02-28,143,Beverage,411.04
SKU_003,2023-03-01,125,Beverage,496.81
SKU_003,2023-03-02,122,Beverage,349.78
SKU_003,2023-03-03,115,Beverage,85.18
SKU_003,2023-03-04,164,Beverage,211.67
SKU_003,2023-03-05,161,Beverage,495.97
SKU_003,2023-03-06,109,Beverage,341.92
SKU_003,2023-03-07,131,Beverage,158.2
SKU_003,2023-03-08,133,Beverage,485.75
SKU_003,2023-03-09,126,Beverage,159.67
SKU_003,2023-03-10,123,Beverage,105.5
SKU_003,2023-03-11,127,Beverage,319.14
SKU_003,2023-03-12,157,Beverage,83.12
SKU_003,2023-03-13,128,Beverage,259.58
SKU_003,2023-03-14,138,Beverage,284.74
SKU_003,2023-03-15,130,Beverage,240.05
SKU_003,2023-03-16,134,Beverage,375.44
SKU_003,2023-03-17,137,Beverage,220.67
SKU_003,2023-03-18,129,Beverage,83.56
SKU_003,2023-03-19,164,Beverage,97.96
SKU_003,2023-03-20,136,Beverage,317.29
SKU_003,2023-03-21,121,Beverage,377.51
SKU_003,2023-03-22,119,Beverage,305.39
SKU_003,2023-03-23,131,Beverage,408.29
SKU_003,2023-03-24,127,Beverage,288.98
SKU_003,2023-03-25,161,Beverage,221.54
SKU_003,2023-03-26,163,Beverage,185.79
SKU_003,2023-03-27,145,Beverage,220.76
SKU_003,2023-03-28,140,Beverage,277.26
SKU_003,2023-03-29,137,Beverage,444.2
SKU_003,2023-03-30,131,Beverage,452.67
SKU_003,2023-03-31,137,Beverage,327.58
SKU_003,2023-04-01,165,Beverage,60.68
SKU_003,2023-04-02,139,Beverage,123.69
SKU_003,2023-04-03,117,Beverage,397.39
SKU_003,2023-04-04,140,Beverage,415.84
SKU_003,2023-04-05,139,Beverage,225.66
SKU_003,2023-04-06,133,Beverage,483.25
SKU_003,2023-04-07,126,Beverage,434.56
SKU_003,2023-04-08,130,Beverage,61.38
SKU_003,2023-04-09,157,Beverage,109.55
SKU_003,2023-04-10,129,Beverage,206.17
SKU_003,2023-04-11,106,Beverage,441.18
SKU_003,2023-04-12,117,Beverage,446.36
SKU_003,2023-04-13,109,Beverage,364.06
SKU_003,2023-04-14,113,Beverage,331.89
SKU_003,2023-04-15,149,Beverage,490.23
SKU_003,2023-04-16,158,Beverage,412.71
SKU_003,2023-04-17,124,Beverage,461.07
SKU_003,2023-04-18,104,Beverage,254.78
SKU_003,2023-04-19,126,Beverage,442.48
SKU_003,2023-04-20,105,Beverage,307.93
SKU_003,2023-04-21,112,Beverage,305.29
SKU_003,2023-04-22,142,Beverage,432.14
SKU_003,2023-04-23,145,Beverage,404.51
SKU_003,2023-04-24,136,Beverage,430.72
SKU_003,2023-04-25,130,Beverage,175.45
SKU_003,2023-04-26,132,Beverage,423.7
SKU_003,2023-04-27,152,Beverage,462.42
SKU_003,2023-04-28,150,Beverage,481.6
SKU_003,2023-04-29,156,Beverage,424.4
SKU_003,2023-04-30,157,Beverage,370.48
SKU_003,2023-05-01,124,Beverage,143.34
SKU_003,2023-05-02,140,Beverage,131.85
SKU_003,2023-05-03,141,Beverage,202.97
SKU_003,2023-05-04,139,Beverage,327.3
SKU_003,2023-05-05,141,Beverage,167.66
SKU_003,2023-05-06,134,Beverage,52.33
SKU_003,2023-05-07,138,Beverage,414.31
SKU_003,2023-05-08,123,Beverage,492.55
SKU_003,2023-05-09,109,Beverage,170.52
SKU_003,2023-05-10,119,Beverage,236.58
SKU_003,2023-05-11,130,Beverage,100.17
SKU_003,2023-05-12,133,Beverage,319.2
SKU_003,2023-05-13,164,Beverage,314.2
SKU_003,2023-05-14,160,Beverage,499.96
SKU_003,2023-05-15,110,Beverage,432.75
SKU_003,2023-05-16,117,Beverage,363.45
SKU_003,2023-05-17,120,Beverage,121.52
SKU_003,2023-05-18,131,Beverage,335.88
SKU_003,2023-05-19,128,Beverage,365.25
SKU_003,2023-05-20,142,Beverage,427.35
SKU_003,2023-05-21,155,Beverage,319.58
SKU_003,2023-05-22,107,Beverage,94.27
SKU_003,2023-05-23,115,Beverage,194.01
SKU_003,2023-05-24,136,Beverage,106.63
SKU_003,2023-05-25,148,Beverage,74.02
SKU_003,2023-05-26,132,Beverage,372.45
SKU_003,2023-05-27,188,Beverage,479.58
SKU_003,2023-05-28,179,Beverage,213.63
SKU_003,2023-05-29,157,Beverage,369.35
SKU_003,2023-05-30,150,Beverage,386.63
SKU_003,2023-05-31,145,Beverage,150.55
SKU_003,2023-06-01,104,Beverage,374.16
SKU_003,2023-06-02,115,Beverage,382.77
SKU_003,2023-06-03,147,Beverage,278.91
SKU_003,2023-06-04,147,Beverage,295.93
SKU_003,2023-06-05,116,Beverage,190.8
SKU_003,2023-06-06,112,Beverage,319.65
SKU_003,2023-06-07,122,Beverage,445.54
SKU_003,2023-06-08,123,Beverage,283.23
SKU_003,2023-06-09,139,Beverage,117.59
SKU_003,2023-06-10,152,Beverage,259.69
SKU_003,2023-06-11,154,Beverage,399.15
SKU_003,2023-06-12,114,Beverage,398.87
SKU_003,2023-06-13,118,Beverage,114.25
SKU_003,2023-06-14,108,Beverage,383.04
SKU_003,2023-06-15,130,Beverage,294.48
SKU_003,2023-06-16,113,Beverage,389.04
SKU_003,2023-06-17,135,Beverage,351.84
SKU_003,2023-06-18,169,Beverage,453.59
SKU_003,2023-06-19,127,Beverage,61.55
SKU_003,2023-06-20,121,Beverage,240.97
SKU_003,2023-06-21,119,Beverage,143.28
SKU_003,2023-06-22,110,Beverage,129.45
SKU_003,2023-06-23,116,Beverage,213.78
SKU_003,2023-06-24,130,Beverage,268.77
SKU_003,2023-06-25,181,Beverage,58.07
SKU_003,2023-06-26,126,Beverage,473.26
SKU_003,2023-06-27,136,Beverage,366.17
SKU_003,2023-06-28,137,Beverage,488.83
SKU_003,2023-06-29,161,Beverage,71.62
SKU_003,2023-06-30,140,Beverage,54.13
SKU_003,2023-07-01,159,Beverage,415.22
SKU_003,2023-07-02,127,Beverage,288.52
SKU_003,2023-07-03,107,Beverage,116.31
SKU_003,2023-07-04,140,Beverage,479.28
SKU_003,2023-07-05,109,Beverage,373.3
SKU_003,2023-07-06,117,Beverage,110.21
SKU_003,2023-07-07,123,Beverage,196.11
SKU_003,2023-07-08,146,Beverage,220.33
SKU_003,2023-07-09,152,Beverage,122.39
SKU_003,2023-07-10,119,Beverage,419.36
SKU_003,2023-07-11,112,Beverage,193.0
SKU_003,2023-07-12,120,Beverage,483.37
SKU_003,2023-07-13,132,Beverage,140.08
SKU_003,2023-07-14,126,Beverage,363.45
SKU_003,2023-07-15,167,Beverage,352.39
SKU_003,2023-07-16,146,Beverage,153.5
SKU_003,2023-07-17,112,Beverage,373.69
SKU_003,2023-07-18,107,Beverage,99.24
SKU_003,2023-07-19,137,Beverage,230.51
SKU_003,2023-07-20,131,Beverage,307.73
SKU_003,2023-07-21,121,Beverage,161.6
SKU_003,2023-07-22,142,Beverage,457.66
SKU_003,2023-07-23,148,Beverage,468.75
SKU_003,2023-07-24,118,Beverage,481.58
SKU_003,2023-07-25,128,Beverage,263.62
SKU_003,2023-07-26,144,Beverage,308.29
SKU_003,2023-07-27,145,Beverage,345.62
SKU_003,2023-07-28,150,Beverage,427.26
SKU_003,2023-07-29,146,Beverage,85.1
SKU_003,2023-07-30,193,Beverage,323.13
SKU_003,2023-07-31,136,Beverage,350.3
SKU_003,2023-08-01,125,Beverage,291.34
SKU_003,2023-08-02,125,Beverage,437.76
SKU_003,2023-08-03,133,Beverage,412.59
SKU_003,2023-08-04,119,Beverage,184.62
SKU_003,2023-08-05,143,Beverage,60.7
SKU_003,2023-08-06,152,Beverage,244.01
SKU_003,2023-08-07,105,Beverage,411.14
SKU_003,2023-08-08,108,Beverage,420.46
SKU_003,2023-08-09,122,Beverage,282.98
SKU_003,2023-08-10,130,Beverage,93.56
SKU_003,2023-08-11,105,Beverage,191.37
SKU_003,2023-08-12,164,Beverage,98.49
SKU_003,2023-08-13,162,Beverage,495.66
SKU_003,2023-08-14,113,Beverage,185.57
SKU_003,2023-08-15,129,Beverage,420.51
SKU_003,2023-08-16,127,Beverage,345.97
SKU_003,2023-08-17,108,Beverage,365.18
SKU_003,2023-08-18,131,Beverage,416.91
SKU_003,2023-08-19,169,Beverage,125.55
SKU_003,2023-08-20,125,Beverage,409.26
SKU_003,2023-08-21,112,Beverage,406.33
SKU_003,2023-08-22,139,Beverage,157.33
SKU_003,2023-08-23,126,Beverage,325.45
SKU_003,2023-08-24,130,Beverage,280.39
SKU_003,2023-08-25,161,Beverage,263.09
SKU_003,2023-08-26,150,Beverage,50.89
SKU_003,2023-08-27,188,Beverage,228.28
SKU_003,2023-08-28,140,Beverage,397.79
SKU_003,2023-08-29,137,Beverage,286.92
SKU_003,2023-08-30,136,Beverage,122.62
SKU_003,2023-08-31,162,Beverage,109.96
SKU_003,2023-09-01,117,Beverage,171.16
SKU_003,2023-09-02,141,Beverage,227.25
SKU_003,2023-09-03,128,Beverage,402.43
SKU_003,2023-09-04,134,Beverage,351.82
SKU_003,2023-09-05,104,Beverage,126.4
SKU_003,2023-09-06,135,Beverage,346.44
SKU_003,2023-09-07,106,Beverage,333.22
SKU_003,2023-09-08,105,Beverage,85.02
SKU_003,2023-09-09,152,Beverage,338.23
SKU_003,2023-09-10,159,Beverage,310.01
SKU_003,2023-09-11,106,Beverage,223.86
SKU_003,2023-09-12,139,Beverage,317.26
SKU_003,2023-09-13,119,Beverage,93.81
SKU_003,2023-09-14,107,Beverage,129.4
SKU_003,2023-09-15,141,Beverage,76.16
SKU_003,2023-09-16,162,Beverage,184.51
SKU_003,2023-09-17,160,Beverage,317.72
SKU_003,2023-09-18,121,Beverage,148.41
SKU_003,2023-09-19,118,Beverage,476.37
SKU_003,2023-09-20,124,Beverage,159.6
SKU_003,2023-09-21,105,Beverage,75.82
SKU_003,2023-09-22,116,Beverage,489.28
SKU_003,2023-09-23,141,Beverage,462.28
SKU_003,2023-09-24,150,Beverage,213.01
SKU_003,2023-09-25,123,Beverage,125.12
SKU_003,2023-09-26,142,Beverage,237.47
SKU_003,2023-09-27,145,Beverage,281.14
SKU_003,2023-09-28,146,Beverage,151.14
SKU_003,2023-09-29,161,Beverage,64.91
SKU_003,2023-09-30,172,Beverage,144.52
SKU_003,2023-10-01,176,Beverage,77.2
SKU_003,2023-10-02,149,Beverage,395.15
SKU_003,2023-10-03,140,Beverage,384.32
SKU_003,2023-10-04,175,Beverage,202.59
SKU_003,2023-10-05,181,Beverage,71.81
SKU_003,2023-10-06,163,Beverage,341.09
SKU_003,2023-10-07,191,Beverage,372.93
SKU_003,2023-10-08,305,Beverage,128.19
SKU_003,2023-10-09,227,Beverage,215.29
SKU_003,2023-10-10,216,Beverage,159.52
SKU_003,2023-10-11,232,Beverage,479.71
SKU_003,2023-10-12,267,Beverage,200.67
SKU_003,2023-10-13,205,Beverage,150.04
SKU_003,2023-10-14,308,Beverage,411.3
SKU_003,2023-10-15,499,Beverage,76.85
SKU_003,2023-10-16,139,Beverage,387.06
SKU_003,2023-10-17,250,Beverage,464.81
SKU_003,2023-10-18,264,Beverage,344.96
SKU_003,2023-10-19,246,Beverage,432.44
SKU_003,2023-10-20,262,Beverage,69.92
SKU_003,2023-10-21,299,Beverage,166.48
SKU_003,2023-10-22,262,Beverage,465.21
SKU_003,2023-10-23,263,Beverage,201.92
SKU_003,2023-10-24,432,Beverage,304.25
SKU_003,2023-10-25,176,Beverage,354.24
SKU_003,2023-10-26,161,Beverage,335.28
SKU_003,2023-10-27,205,Beverage,350.4
SKU_003,2023-10-28,214,Beverage,419.88
SKU_003,2023-10-29,236,Beverage,386.68
SKU_003,2023-10-30,209,Beverage,332.01
SKU_003,2023-10-31,174,Beverage,248.97
SKU_003,2023-11-01,152,Beverage,367.32
SKU_003,2023-11-02,164,Beverage,137.09
SKU_003,2023-11-03,152,Beverage,90.2
SKU_003,2023-11-04,183,Beverage,75.85
SKU_003,2023-11-05,204,Beverage,77.91
SKU_003,2023-11-06,161,Beverage,277.29
SKU_003,2023-11-07,154,Beverage,153.87
SKU_003,2023-11-08,154,Beverage,198.34
SKU_003,2023-11-09,163,Beverage,496.27
SKU_003,2023-11-10,151,Beverage,337.01
SKU_003,2023-11-11,181,Beverage,87.38
SKU_003,2023-11-12,209,Beverage,200.3
SKU_003,2023-11-13,152,Beverage,442.62
SKU_003,2023-11-14,145,Beverage,113.56
SKU_003,2023-11-15,155,Beverage,232.15
SKU_003,2023-11-16,174,Beverage,231.1
SKU_003,2023-11-17,150,Beverage,290.72
SKU_003,2023-11-18,219,Beverage,203.64
SKU_003,2023-11-19,169,Beverage,244.71
SKU_003,2023-11-20,163,Beverage,471.64
SKU_003,2023-11-21,176,Beverage,419.59
SKU_003,2023-11-22,183,Beverage,433.45
SKU_003,2023-11-23,170,Beverage,425.64
SKU_003,2023-11-24,142,Beverage,199.45
SKU_003,2023-11-25,229,Beverage,206.92
SKU_003,2023-11-26,239,Beverage,389.1
SKU_003,2023-11-27,174,Beverage,487.53
SKU_003,2023-11-28,202,Beverage,358.78
SKU_003,2023-11-29,192,Beverage,399.89
SKU_003,2023-11-30,207,Beverage,334.3
SKU_003,2023-12-01,141,Beverage,116.19
SKU_003,2023-12-02,182,Beverage,433.61
SKU_003,2023-12-03,170,Beverage,272.42
SKU_003,2023-12-04,170,Beverage,110.92
SKU_003,2023-12-05,172,Beverage,426.29
SKU_003,2023-12-06,148,Beverage,170.85
SKU_003,2023-12-07,160,Beverage,348.46
SKU_003,2023-12-08,143,Beverage,62.34
SKU_003,2023-12-09,191,Beverage,265.85
SKU_003,2023-12-10,174,Beverage,124.83
SKU_003,2023-12-11,139,Beverage,293.2
SKU_003,2023-12-12,157,Beverage,428.86
SKU_003,2023-12-13,179,Beverage,96.89
SKU_003,2023-12-14,157,Beverage,299.83
SKU_003,2023-12-15,176,Beverage,257.1
SKU_003,2023-12-16,217,Beverage,197.0
SKU_003,2023-12-17,177,Beverage,484.86
SKU_003,2023-12-18,162,Beverage,395.25
SKU_003,2023-12-19,163,Beverage,418.71
SKU_003,2023-12-20,142,Beverage,452.8
SKU_003,2023-12-21,171,Beverage,113.89
SKU_003,2023-12-22,164,Beverage,226.25
SKU_003,2023-12-23,179,Beverage,376.82
SKU_003,2023-12-24,207,Beverage,312.28
SKU_003,2023-12-25,210,Beverage,445.73
SKU_003,2023-12-26,173,Beverage,102.21
SKU_003,2023-12-27,196,Beverage,386.41
SKU_003,2023-12-28,189,Beverage,68.97
SKU_003,2023-12-29,194,Beverage,193.11
SKU_003,2023-12-30,196,Beverage,233.69
SKU_003,2023-12-31,220,Beverage,486.8
SKU_003,2024-01-01,136,Beverage,245.82
SKU_003,2024-01-02,138,Beverage,76.8
SKU_003,2024-01-03,107,Beverage,79.46
SKU_003,2024-01-04,107,Beverage,77.63
SKU_003,2024-01-05,111,Beverage,298.69
SKU_003,2024-01-06,139,Beverage,329.25
SKU_003,2024-01-07,168,Beverage,83.47
SKU_003,2024-01-08,189,Beverage,148.75
SKU_003,2024-01-09,183,Beverage,427.11
SKU_003,2024-01-10,159,Beverage,231.07
SKU_003,2024-01-11,184,Beverage,51.78
SKU_003,2024-01-12,207,Beverage,394.19
SKU_003,2024-01-13,244,Beverage,160.01
SKU_003,2024-01-14,198,Beverage,225.67
SKU_003,2024-01-15,294,Beverage,311.1
SKU_003,2024-01-16,106,Beverage,334.07
SKU_003,2024-01-17,112,Beverage,115.17
SKU_003,2024-01-18,134,Beverage,131.29
SKU_003,2024-01-19,106,Beverage,159.25
SKU_003,2024-01-20,145,Beverage,429.23
SKU_003,2024-01-21,153,Beverage,188.31
SKU_003,2024-01-22,127,Beverage,351.64
SKU_003,2024-01-23,120,Beverage,75.15
SKU_003,2024-01-24,137,Beverage,460.56
SKU_003,2024-01-25,155,Beverage,122.83
SKU_003,2024-01-26,150,Beverage,414.45
SKU_003,2024-01-27,174,Beverage,179.02
SKU_003,2024-01-28,157,Beverage,86.44
SKU_003,2024-01-29,140,Beverage,482.1
SKU_003,2024-01-30,140,Beverage,414.96
SKU_003,2024-01-31,155,Beverage,154.79
SKU_003,2024-02-01,109,Beverage,60.99
SKU_003,2024-02-02,104,Beverage,222.04
SKU_003,2024-02-03,136,Beverage,229.13
SKU_003,2024-02-04,128,Beverage,414.18
SKU_003,2024-02-05,123,Beverage,148.26
SKU_003,2024-02-06,132,Beverage,409.67
SKU_003,2024-02-07,128,Beverage,96.78
SKU_003,2024-02-08,135,Beverage,227.19
SKU_003,2024-02-09,110,Beverage,225.82
SKU_003,2024-02-10,151,Beverage,70.05
SKU_003,2024-02-11,153,Beverage,484.23
SKU_003,2024-02-12,119,Beverage,396.69
SKU_003,2024-02-13,139,Beverage,231.65
SKU_003,2024-02-14,107,Beverage,495.0
SKU_003,2024-02-15,116,Beverage,367.95
SKU_003,2024-02-16,120,Beverage,157.23
SKU_003,2024-02-17,131,Beverage,297.83
SKU_003,2024-02-18,130,Beverage,257.54
SKU_003,2024-02-19,106,Beverage,318.25
SKU_003,2024-02-20,106,Beverage,249.79
SKU_003,2024-02-21,116,Beverage,315.67
SKU_003,2024-02-22,108,Beverage,244.02
SKU_003,2024-02-23,110,Beverage,265.64
SKU_003,2024-02-24,149,Beverage,53.6
SKU_003,2024-02-25,144,Beverage,323.67
SKU_003,2024-02-26,145,Beverage,351.11
SKU_003,2024-02-27,123,Beverage,416.94
SKU_003,2024-02-28,154,Beverage,417.66
SKU_003,2024-02-29,139,Beverage,322.04
SKU_003,2024-03-01,138,Beverage,469.71
SKU_003,2024-03-02,151,Beverage,388.58
SKU_003,2024-03-03,129,Beverage,230.61
SKU_003,2024-03-04,137,Beverage,414.53
SKU_003,2024-03-05,136,Beverage,165.41
SKU_003,2024-03-06,121,Beverage,207.67
SKU_003,2024-03-07,119,Beverage,146.97
SKU_003,2024-03-08,111,Beverage,62.01
SKU_003,2024-03-09,140,Beverage,192.87
SKU_003,2024-03-10,164,Beverage,331.6
SKU_003,2024-03-11,107,Beverage,165.48
SKU_003,2024-03-12,131,Beverage,57.13
SKU_003,2024-03-13,118,Beverage,378.23
SKU_003,2024-03-14,112,Beverage,323.96
SKU_003,2024-03-15,136,Beverage,369.19
SKU_003,2024-03-16,130,Beverage,459.94
SKU_003,2024-03-17,144,Beverage,398.66
SKU_003,2024-03-18,120,Beverage,50.09
SKU_003,2024-03-19,117,Beverage,387.94
SKU_003,2024-03-20,118,Beverage,221.52
SKU_003,2024-03-21,120,Beverage,342.94
SKU_003,2024-03-22,114,Beverage,296.97
SKU_003,2024-03-23,142,Beverage,74.84
SKU_003,2024-03-24,146,Beverage,368.31
SKU_003,2024-03-25,131,Beverage,119.69
SKU_003,2024-03-26,132,Beverage,174.44
SKU_003,2024-03-27,128,Beverage,370.8
SKU_003,2024-03-28,141,Beverage,409.38
SKU_003,2024-03-29,146,Beverage,378.98
SKU_003,2024-03-30,161,Beverage,210.85
SKU_003,2024-03-31,154,Beverage,183.55
SKU_003,2024-04-01,135,Beverage,486.87
SKU_003,2024-04-02,115,Beverage,179.45
SKU_003,2024-04-03,132,Beverage,219.98
SKU_003,2024-04-04,111,Beverage,139.84
SKU_003,2024-04-05,111,Beverage,120.8
SKU_003,2024-04-06,159,Beverage,112.87
SKU_003,2024-04-07,136,Beverage,361.47
SKU_003,2024-04-08,133,Beverage,66.88
SKU_003,2024-04-09,116,Beverage,341.37
SKU_003,2024-04-10,135,Beverage,238.06
SKU_003,2024-04-11,108,Beverage,67.33
SKU_003,2024-04-12,127,Beverage,370.58
SKU_003,2024-04-13,134,Beverage,174.43
SKU_003,2024-04-14,154,Beverage,294.74
SKU_003,2024-04-15,132,Beverage,467.69
SKU_003,2024-04-16,118,Beverage,492.48
SKU_003,2024-04-17,107,Beverage,468.88
SKU_003,2024-04-18,130,Beverage,309.71
SKU_003,2024-04-19,112,Beverage,372.63
SKU_003,2024-04-20,126,Beverage,428.13
SKU_003,2024-04-21,129,Beverage,495.93
SKU_003,2024-04-22,127,Beverage,221.39
SKU_003,2024-04-23,130,Beverage,297.34
SKU_003,2024-04-24,111,Beverage,155.42
SKU_003,2024-04-25,136,Beverage,419.71
SKU_003,2024-04-26,144,Beverage,367.98
SKU_003,2024-04-27,156,Beverage,145.7
SKU_003,2024-04-28,156,Beverage,499.34
SKU_003,2024-04-29,135,Beverage,359.86
SKU_003,2024-04-30,140,Beverage,302.84
SKU_003,2024-05-01,129,Beverage,133.4
SKU_003,2024-05-02,112,Beverage,481.57
SKU_003,2024-05-03,109,Beverage,439.24
SKU_003,2024-05-04,127,Beverage,220.97
SKU_003,2024-05-05,167,Beverage,182.01
SKU_003,2024-05-06,110,Beverage,442.23
SKU_003,2024-05-07,112,Beverage,86.33
SKU_003,2024-05-08,107,Beverage,319.38
SKU_003,2024-05-09,107,Beverage,363.22
SKU_003,2024-05-10,116,Beverage,423.81
SKU_003,2024-05-11,147,Beverage,242.48
SKU_003,2024-05-12,163,Beverage,403.2
SKU_003,2024-05-13,109,Beverage,114.33
SKU_003,2024-05-14,120,Beverage,460.79
SKU_003,2024-05-15,132,Beverage,325.38
SKU_003,2024-05-16,114,Beverage,427.29
SKU_003,2024-05-17,122,Beverage,463.16
SKU_003,2024-05-18,131,Beverage,483.42
SKU_003,2024-05-19,168,Beverage,227.0
SKU_003,2024-05-20,118,Beverage,83.09
SKU_003,2024-05-21,141,Beverage,60.2
SKU_003,2024-05-22,136,Beverage,117.41
SKU_003,2024-05-23,129,Beverage,466.44
SKU_003,2024-05-24,109,Beverage,283.1
SKU_003,2024-05-25,192,Beverage,65.0
SKU_003,2024-05-26,173,Beverage,159.13
SKU_003,2024-05-27,152,Beverage,149.33
SKU_003,2024-05-28,126,Beverage,247.49
SKU_003,2024-05-29,129,Beverage,279.1
SKU_003,2024-05-30,122,Beverage,490.34
SKU_003,2024-05-31,157,Beverage,241.08
SKU_003,2024-06-01,144,Beverage,318.01
SKU_003,2024-06-02,146,Beverage,101.98
SKU_003,2024-06-03,131,Beverage,294.99
SKU_003,2024-06-04,121,Beverage,214.43
SKU_003,2024-06-05,130,Beverage,394.24
SKU_003,2024-06-06,119,Beverage,268.0
SKU_003,2024-06-07,134,Beverage,149.36
SKU_003,2024-06-08,141,Beverage,118.36
SKU_003,2024-06-09,159,Beverage,70.13
SKU_003,2024-06-10,126,Beverage,88.18
SKU_003,2024-06-11,136,Beverage,67.51
SKU_003,2024-06-12,118,Beverage,233.2
SKU_003,2024-06-13,124,Beverage,440.7
SKU_003,2024-06-14,132,Beverage,477.95
SKU_003,2024-06-15,152,Beverage,92.03
SKU_003,2024-06-16,163,Beverage,404.98
SKU_003,2024-06-17,113,Beverage,401.84
SKU_003,2024-06-18,108,Beverage,298.53
SKU_003,2024-06-19,133,Beverage,364.6
SKU_003,2024-06-20,124,Beverage,372.28
SKU_003,2024-06-21,108,Beverage,362.56
SKU_003,2024-06-22,141,Beverage,290.95
SKU_003,2024-06-23,149,Beverage,75.32
SKU_003,2024-06-24,126,Beverage,391.43
SKU_003,2024-06-25,154,Beverage,84.32
SKU_003,2024-06-26,122,Beverage,243.19
SKU_003,2024-06-27,132,Beverage,260.87
SKU_003,2024-06-28,153,Beverage,364.03
SKU_003,2024-06-29,178,Beverage,258.63
SKU_003,2024-06-30,190,Beverage,358.88
SKU_003,2024-07-01,124,Beverage,405.53
SKU_003,2024-07-02,124,Beverage,242.79
SKU_003,2024-07-03,110,Beverage,355.68
SKU_003,2024-07-04,106,Beverage,266.66
SKU_003,2024-07-05,106,Beverage,225.53
SKU_003,2024-07-06,142,Beverage,121.69
SKU_003,2024-07-07,166,Beverage,232.96
SKU_003,2024-07-08,108,Beverage,285.51
SKU_003,2024-07-09,107,Beverage,277.6
SKU_003,2024-07-10,125,Beverage,413.58
SKU_003,2024-07-11,111,Beverage,480.61
SKU_003,2024-07-12,119,Beverage,371.78
SKU_003,2024-07-13,147,Beverage,396.76
SKU_003,2024-07-14,136,Beverage,64.71
SKU_003,2024-07-15,125,Beverage,168.78
SKU_003,2024-07-16,114,Beverage,461.59
SKU_003,2024-07-17,129,Beverage,136.2
SKU_003,2024-07-18,106,Beverage,190.71
SKU_003,2024-07-19,107,Beverage,459.94
SKU_003,2024-07-20,158,Beverage,320.95
SKU_003,2024-07-21,152,Beverage,447.2
SKU_003,2024-07-22,128,Beverage,356.24
SKU_003,2024-07-23,117,Beverage,332.52
SKU_003,2024-07-24,128,Beverage,455.16
SKU_003,2024-07-25,128,Beverage,450.59
SKU_003,2024-07-26,154,Beverage,213.26
SKU_003,2024-07-27,192,Beverage,396.81
SKU_003,2024-07-28,177,Beverage,90.07
SKU_003,2024-07-29,150,Beverage,234.48
SKU_003,2024-07-30,140,Beverage,82.92
SKU_003,2024-07-31,127,Beverage,226.61
SKU_003,2024-08-01,129,Beverage,369.55
SKU_003,2024-08-02,122,Beverage,339.85
SKU_003,2024-08-03,137,Beverage,432.76
SKU_003,2024-08-04,155,Beverage,354.58
SKU_003,2024-08-05,111,Beverage,442.41
SKU_003,2024-08-06,140,Beverage,314.55
SKU_003,2024-08-07,133,Beverage,356.78
SKU_003,2024-08-08,108,Beverage,363.51
SKU_003,2024-08-09,135,Beverage,298.41
SKU_003,2024-08-10,169,Beverage,95.54
SKU_003,2024-08-11,155,Beverage,165.57
SKU_003,2024-08-12,125,Beverage,119.41
SKU_003,2024-08-13,134,Beverage,123.19
SKU_003,2024-08-14,132,Beverage,405.19
SKU_003,2024-08-15,114,Beverage,188.64
SKU_003,2024-08-16,130,Beverage,357.61
SKU_003,2024-08-17,168,Beverage,454.28
SKU_003,2024-08-18,157,Beverage,356.01
SKU_003,2024-08-19,129,Beverage,274.86
SKU_003,2024-08-20,122,Beverage,231.76
SKU_003,2024-08-21,141,Beverage,325.8
SKU_003,2024-08-22,124,Beverage,456.98
SKU_003,2024-08-23,119,Beverage,345.57
SKU_003,2024-08-24,159,Beverage,183.65
SKU_003,2024-08-25,148,Beverage,421.69
SKU_003,2024-08-26,147,Beverage,307.73
SKU_003,2024-08-27,142,Beverage,434.82
SKU_003,2024-08-28,156,Beverage,269.36
SKU_003,2024-08-29,153,Beverage,251.57
SKU_003,2024-08-30,131,Beverage,190.44
SKU_003,2024-08-31,154,Beverage,172.61
SKU_003,2024-09-01,157,Beverage,252.28
SKU_003,2024-09-02,118,Beverage,439.02
SKU_003,2024-09-03,106,Beverage,413.32
SKU_003,2024-09-04,109,Beverage,265.24
SKU_003,2024-09-05,120,Beverage,311.55
SKU_003,2024-09-06,137,Beverage,304.23
SKU_003,2024-09-07,152,Beverage,264.0
SKU_003,2024-09-08,143,Beverage,270.22
SKU_003,2024-09-09,104,Beverage,54.56
SKU_003,2024-09-10,117,Beverage,220.39
SKU_003,2024-09-11,113,Beverage,318.17
SKU_003,2024-09-12,126,Beverage,467.66
SKU_003,2024-09-13,117,Beverage,343.43
SKU_003,2024-09-14,162,Beverage,67.13
SKU_003,2024-09-15,151,Beverage,261.74
SKU_003,2024-09-16,108,Beverage,221.68
SKU_003,2024-09-17,106,Beverage,346.98
SKU_003,2024-09-18,110,Beverage,415.88
SKU_003,2024-09-19,133,Beverage,460.02
SKU_003,2024-09-20,121,Beverage,125.72
SKU_003,2024-09-21,160,Beverage,327.87
SKU_003,2024-09-22,126,Beverage,305.48
SKU_003,2024-09-23,130,Beverage,206.18
SKU_003,2024-09-24,112,Beverage,429.73
SKU_003,2024-09-25,132,Beverage,199.65
SKU_003,2024-09-26,141,Beverage,417.07
SKU_003,2024-09-27,130,Beverage,198.48
SKU_003,2024-09-28,179,Beverage,210.51
SKU_003,2024-09-29,181,Beverage,332.99
SKU_003,2024-09-30,127,Beverage,331.29
SKU_003,2024-10-01,160,Beverage,383.21
SKU_003,2024-10-02,166,Beverage,294.36
SKU_003,2024-10-03,182,Beverage,145.66
SKU_003,2024-10-04,163,Beverage,266.45
SKU_003,2024-10-05,293,Beverage,212.39
SKU_003,2024-10-06,282,Beverage,60.08
SKU_003,2024-10-07,239,Beverage,341.04
SKU_003,2024-10-08,262,Beverage,210.59
SKU_003,2024-10-09,255,Beverage,133.35
SKU_003,2024-10-10,256,Beverage,189.88
SKU_003,2024-10-11,203,Beverage,425.16
SKU_003,2024-10-12,446,Beverage,352.32
SKU_003,2024-10-13,173,Beverage,460.28
SKU_003,2024-10-14,145,Beverage,112.35
SKU_003,2024-10-15,142,Beverage,84.93
SKU_003,2024-10-16,136,Beverage,123.95
SKU_003,2024-10-17,148,Beverage,366.93
SKU_003,2024-10-18,144,Beverage,144.66
SKU_003,2024-10-19,168,Beverage,204.38
SKU_003,2024-10-20,193,Beverage,415.33
SKU_003,2024-10-21,161,Beverage,313.41
SKU_003,2024-10-22,167,Beverage,161.86
SKU_003,2024-10-23,170,Beverage,299.38
SKU_003,2024-10-24,150,Beverage,221.6
SKU_003,2024-10-25,307,Beverage,281.09
SKU_003,2024-10-26,328,Beverage,475.95
SKU_003,2024-10-27,291,Beverage,488.37
SKU_003,2024-10-28,313,Beverage,268.8
SKU_003,2024-10-29,258,Beverage,293.95
SKU_003,2024-10-30,249,Beverage,118.32
SKU_003,2024-10-31,306,Beverage,216.22
SKU_003,2024-11-01,369,Beverage,70.34
SKU_003,2024-11-02,169,Beverage,114.82
SKU_003,2024-11-03,219,Beverage,273.52
SKU_003,2024-11-04,154,Beverage,301.53
SKU_003,2024-11-05,149,Beverage,240.74
SKU_003,2024-11-06,164,Beverage,235.41
SKU_003,2024-11-07,159,Beverage,426.37
SKU_003,2024-11-08,155,Beverage,364.6
SKU_003,2024-11-09,177,Beverage,161.98
SKU_003,2024-11-10,188,Beverage,135.74
SKU_003,2024-11-11,180,Beverage,220.29
SKU_003,2024-11-12,177,Beverage,116.16
SKU_003,2024-11-13,175,Beverage,350.16
SKU_003,2024-11-14,148,Beverage,237.28
SKU_003,2024-11-15,139,Beverage,173.96
SKU_003,2024-11-16,181,Beverage,242.61
SKU_003,2024-11-17,186,Beverage,471.28
SKU_003,2024-11-18,138,Beverage,180.79
SKU_003,2024-11-19,166,Beverage,220.14
SKU_003,2024-11-20,171,Beverage,243.47
SKU_003,2024-11-21,139,Beverage,91.64
SKU_003,2024-11-22,183,Beverage,200.58
SKU_003,2024-11-23,168,Beverage,231.54
SKU_003,2024-11-24,201,Beverage,481.46
SKU_003,2024-11-25,177,Beverage,211.95
SKU_003,2024-11-26,167,Beverage,224.48
SKU_003,2024-11-27,192,Beverage,63.08
SKU_003,2024-11-28,203,Beverage,325.16
SKU_003,2024-11-29,162,Beverage,251.86
SKU_003,2024-11-30,230,Beverage,380.18
SKU_003,2024-12-01,182,Beverage,467.4
SKU_003,2024-12-02,140,Beverage,478.4
SKU_003,2024-12-03,137,Beverage,365.22
SKU_003,2024-12-04,165,Beverage,205.35
SKU_003,2024-12-05,183,Beverage,102.21
SKU_003,2024-12-06,181,Beverage,485.11
SKU_003,2024-12-07,194,Beverage,422.06
SKU_003,2024-12-08,191,Beverage,109.45
SKU_003,2024-12-09,175,Beverage,435.46
SKU_003,2024-12-10,148,Beverage,278.95
SKU_003,2024-12-11,174,Beverage,318.14
SKU_003,2024-12-12,177,Beverage,471.94
SKU_003,2024-12-13,167,Beverage,124.38
SKU_003,2024-12-14,184,Beverage,69.1
SKU_003,2024-12-15,219,Beverage,156.35
SKU_003,2024-12-16,149,Beverage,447.67
SKU_003,2024-12-17,152,Beverage,192.4
SKU_003,2024-12-18,147,Beverage,453.96
SKU_003,2024-12-19,135,Beverage,488.28
SKU_003,2024-12-20,138,Beverage,414.48
SKU_003,2024-12-21,168,Beverage,431.16
SKU_003,2024-12-22,187,Beverage,66.44
SKU_003,2024-12-23,181,Beverage,266.55
SKU_003,2024-12-24,181,Beverage,197.63
SKU_003,2024-12-25,176,Beverage,298.92
SKU_003,2024-12-26,160,Beverage,245.21
SKU_003,2024-12-27,165,Beverage,234.23
SKU_003,2024-12-28,233,Beverage,150.8
SKU_003,2024-12-29,193,Beverage,105.61
SKU_003,2024-12-30,190,Beverage,431.49
SKU_003,2024-12-31,156,Beverage,230.64
SKU_004,2023-01-01,231,Food,132.24
SKU_004,2023-01-02,183,Food,448.46
SKU_004,2023-01-03,166,Food,389.47
SKU_004,2023-01-04,175,Food,161.24
SKU_004,2023-01-05,179,Food,291.82
SKU_004,2023-01-06,172,Food,180.21
SKU_004,2023-01-07,226,Food,205.8
SKU_004,2023-01-08,204,Food,249.97
SKU_004,2023-01-09,151,Food,474.27
SKU_004,2023-01-10,146,Food,370.82
SKU_004,2023-01-11,143,Food,269.3
SKU_004,2023-01-12,164,Food,232.26
SKU_004,2023-01-13,178,Food,425.93
SKU_004,2023-01-14,204,Food,421.52
SKU_004,2023-01-15,175,Food,78.18
SKU_004,2023-01-16,193,Food,166.22
SKU_004,2023-01-17,167,Food,144.85
SKU_004,2023-01-18,144,Food,445.17
SKU_004,2023-01-19,188,Food,107.29
SKU_004,2023-01-20,191,Food,462.37
SKU_004,2023-01-21,195,Food,88.01
SKU_004,2023-01-22,231,Food,139.68
SKU_004,2023-01-23,151,Food,54.04
SKU_004,2023-01-24,148,Food,154.95
SKU_004,2023-01-25,177,Food,353.1
SKU_004,2023-01-26,209,Food,293.1
SKU_004,2023-01-27,165,Food,318.91
SKU_004,2023-01-28,254,Food,122.02
SKU_004,2023-01-29,259,Food,474.85
SKU_004,2023-01-30,179,Food,171.33
SKU_004,2023-01-31,221,Food,184.77
SKU_004,2023-02-01,183,Food,406.78
SKU_004,2023-02-02,152,Food,300.08
SKU_004,2023-02-03,155,Food,481.28
SKU_004,2023-02-04,229,Food,137.93
SKU_004,2023-02-05,181,Food,297.37
SKU_004,2023-02-06,184,Food,192.74
SKU_004,2023-02-07,153,Food,137.96
SKU_004,2023-02-08,188,Food,281.41
SKU_004,2023-02-09,149,Food,305.75
SKU_004,2023-02-10,167,Food,349.85
SKU_004,2023-02-11,217,Food,397.6
SKU_004,2023-02-12,215,Food,277.11
SKU_004,2023-02-13,182,Food,383.72
SKU_004,2023-02-14,178,Food,302.51
SKU_004,2023-02-15,165,Food,282.15
SKU_004,2023-02-16,187,Food,244.5
SKU_004,2023-02-17,178,Food,435.21
SKU_004,2023-02-18,185,Food,379.48
SKU_004,2023-02-19,199,Food,181.11
SKU_004,2023-02-20,183,Food,372.61
SKU_004,2023-02-21,161,Food,390.29
SKU_004,2023-02-22,189,Food,207.45
SKU_004,2023-02-23,161,Food,145.87
SKU_004,2023-02-24,151,Food,168.89
SKU_004,2023-02-25,255,Food,156.3
SKU_004,2023-02-26,226,Food,106.17
SKU_004,2023-02-27,197,Food,246.44
SKU_004,2023-02-28,167,Food,453.02
SKU_004,2023-03-01,163,Food,341.7
SKU_004,2023-03-02,176,Food,90.88
SKU_004,2023-03-03,154,Food,480.74
SKU_004,2023-03-04,174,Food,227.37
SKU_004,2023-03-05,218,Food,306.5
SKU_004,2023-03-06,149,Food,414.67
SKU_004,2023-03-07,153,Food,406.02
SKU_004,2023-03-08,156,Food,336.49
SKU_004,2023-03-09,191,Food,241.24
SKU_004,2023-03-10,166,Food,463.86
SKU_004,2023-03-11,177,Food,216.78
SKU_004,2023-03-12,174,Food,135.52
SKU_004,2023-03-13,172,Food,73.55
SKU_004,2023-03-14,183,Food,407.56
SKU_004,2023-03-15,179,Food,282.65
SKU_004,2023-03-16,188,Food,450.27
SKU_004,2023-03-17,189,Food,242.75
SKU_004,2023-03-18,177,Food,369.1
SKU_004,2023-03-19,226,Food,177.91
SKU_004,2023-03-20,173,Food,333.49
SKU_004,2023-03-21,174,Food,485.82
SKU_004,2023-03-22,164,Food,50.18
SKU_004,2023-03-23,178,Food,194.38
SKU_004,2023-03-24,183,Food,342.37
SKU_004,2023-03-25,241,Food,65.96
SKU_004,2023-03-26,232,Food,208.81
SKU_004,2023-03-27,180,Food,420.78
SKU_004,2023-03-28,179,Food,498.64
SKU_004,2023-03-29,174,Food,369.22
SKU_004,2023-03-30,185,Food,231.09
SKU_004,2023-03-31,184,Food,218.21
SKU_004,2023-04-01,176,Food,389.43
SKU_004,2023-04-02,199,Food,272.06
SKU_004,2023-04-03,145,Food,299.26
SKU_004,2023-04-04,164,Food,77.5
SKU_004,2023-04-05,150,Food,309.78
SKU_004,2023-04-06,143,Food,123.74
SKU_004,2023-04-07,157,Food,105.41
SKU_004,2023-04-08,184,Food,168.37
SKU_004,2023-04-09,194,Food,194.59
SKU_004,2023-04-10,168,Food,358.77
SKU_004,2023-04-11,161,Food,402.13
SKU_004,2023-04-12,180,Food,196.82
SKU_004,2023-04-13,169,Food,139.08
SKU_004,2023-04-14,188,Food,412.77
SKU_004,2023-04-15,173,Food,229.83
SKU_004,2023-04-16,188,Food,261.25
SKU_004,2023-04-17,193,Food,344.94
SKU_004,2023-04-18,160,Food,437.87
SKU_004,2023-04-19,145,Food,316.24
SKU_004,2023-04-20,181,Food,267.25
SKU_004,2023-04-21,188,Food,159.43
SKU_004,2023-04-22,184,Food,499.24
SKU_004,2023-04-23,207,Food,385.88
SKU_004,2023-04-24,152,Food,290.59
SKU_004,2023-04-25,220,Food,223.2
SKU_004,2023-04-26,184,Food,231.28
SKU_004,2023-04-27,181,Food,341.15
SKU_004,2023-04-28,186,Food,279.0
SKU_004,2023-04-29,217,Food,278.68
SKU_004,2023-04-30,227,Food,375.33
SKU_004,2023-05-01,188,Food,352.8
SKU_004,2023-05-02,145,Food,368.42
SKU_004,2023-05-03,192,Food,395.6
SKU_004,2023-05-04,188,Food,241.1
SKU_004,2023-05-05,181,Food,197.03
SKU_004,2023-05-06,219,Food,277.47
SKU_004,2023-05-07,200,Food,105.09
SKU_004,2023-05-08,175,Food,186.44
SKU_004,2023-05-09,178,Food,268.67
SKU_004,2023-05-10,166,Food,82.26
SKU_004,2023-05-11,177,Food,201.92
SKU_004,2023-05-12,188,Food,347.92
SKU_004,2023-05-13,212,Food,322.32
SKU_004,2023-05-14,175,Food,333.61
SKU_004,2023-05-15,147,Food,499.81
SKU_004,2023-05-16,144,Food,288.38
SKU_004,2023-05-17,158,Food,323.86
SKU_004,2023-05-18,171,Food,185.2
SKU_004,2023-05-19,167,Food,434.38
SKU_004,2023-05-20,206,Food,408.86
SKU_004,2023-05-21,193,Food,435.21
SKU_004,2023-05-22,185,Food,161.26
SKU_004,2023-05-23,182,Food,294.63
SKU_004,2023-05-24,185,Food,328.31
SKU_004,2023-05-25,188,Food,98.2
SKU_004,2023-05-26,211,Food,371.93
SKU_004,2023-05-27,208,Food,335.49
SKU_004,2023-05-28,223,Food,318.72
SKU_004,2023-05-29,196,Food,452.9
SKU_004,2023-05-30,204,Food,414.94
SKU_004,2023-05-31,221,Food,263.16
SKU_004,2023-06-01,183,Food,300.9
SKU_004,2023-06-02,175,Food,270.44
SKU_004,2023-06-03,178,Food,350.13
SKU_004,2023-06-04,211,Food,496.52
SKU_004,2023-06-05,185,Food,170.09
SKU_004,2023-06-06,178,Food,75.36
SKU_004,2023-06-07,173,Food,293.29
SKU_004,2023-06-08,147,Food,397.6
SKU_004,2023-06-09,165,Food,346.22
SKU_004,2023-06-10,221,Food,305.0
SKU_004,2023-06-11,205,Food,54.17
SKU_004,2023-06-12,165,Food,252.03
SKU_004,2023-06-13,180,Food,140.86
SKU_004,2023-06-14,187,Food,50.37
SKU_004,2023-06-15,169,Food,315.83
SKU_004,2023-06-16,144,Food,248.92
SKU_004,2023-06-17,182,Food,258.06
SKU_004,2023-06-18,196,Food,323.29
SKU_004,2023-06-19,157,Food,487.62
SKU_004,2023-06-20,146,Food,230.17
SKU_004,2023-06-21,191,Food,394.96
SKU_004,2023-06-22,188,Food,252.12
SKU_004,2023-06-23,151,Food,407.07
SKU_004,2023-06-24,177,Food,198.57
SKU_004,2023-06-25,220,Food,474.79
SKU_004,2023-06-26,184,Food,131.91
SKU_004,2023-06-27,185,Food,148.19
SKU_004,2023-06-28,206,Food,417.81
SKU_004,2023-06-29,216,Food,473.02
SKU_004,2023-06-30,177,Food,89.75
SKU_004,2023-07-01,214,Food,56.34
SKU_004,2023-07-02,226,Food,129.82
SKU_004,2023-07-03,144,Food,290.37
SKU_004,2023-07-04,174,Food,335.86
SKU_004,2023-07-05,157,Food,373.71
SKU_004,2023-07-06,187,Food,67.74
SKU_004,2023-07-07,177,Food,309.55
SKU_004,2023-07-08,188,Food,318.88
SKU_004,2023-07-09,207,Food,445.11
SKU_004,2023-07-10,183,Food,73.23
SKU_004,2023-07-11,191,Food,272.97
SKU_004,2023-07-12,158,Food,398.18
SKU_004,2023-07-13,160,Food,282.99
SKU_004,2023-07-14,162,Food,128.62
SKU_004,2023-07-15,188,Food,238.96
SKU_004,2023-07-16,224,Food,445.79
SKU_004,2023-07-17,157,Food,328.98
SKU_004,2023-07-18,165,Food,135.38
SKU_004,2023-07-19,163,Food,436.63
SKU_004,2023-07-20,177,Food,89.29
SKU_004,2023-07-21,175,Food,400.02
SKU_004,2023-07-22,180,Food,313.83
SKU_004,2023-07-23,206,Food,206.94
SKU_004,2023-07-24,157,Food,87.39
SKU_004,2023-07-25,203,Food,360.9
SKU_004,2023-07-26,196,Food,453.41
SKU_004,2023-07-27,191,Food,357.71
SKU_004,2023-07-28,197,Food,184.13
SKU_004,2023-07-29,250,Food,223.82
SKU_004,2023-07-30,249,Food,71.96
SKU_004,2023-07-31,199,Food,187.79
SKU_004,2023-08-01,164,Food,205.77
SKU_004,2023-08-02,177,Food,385.96
SKU_004,2023-08-03,157,Food,392.24
SKU_004,2023-08-04,183,Food,57.09
SKU_004,2023-08-05,213,Food,196.88
SKU_004,2023-08-06,193,Food,269.01
SKU_004,2023-08-07,154,Food,459.46
SKU_004,2023-08-08,162,Food,217.96
SKU_004,2023-08-09,156,Food,343.84
SKU_004,2023-08-10,185,Food,184.41
SKU_004,2023-08-11,164,Food,270.28
SKU_004,2023-08-12,228,Food,355.25
SKU_004,2023-08-13,231,Food,351.02
SKU_004,2023-08-14,164,Food,458.21
SKU_004,2023-08-15,179,Food,94.55
SKU_004,2023-08-16,178,Food,400.31
SKU_004,2023-08-17,174,Food,136.5
SKU_004,2023-08-18,183,Food,299.8
SKU_004,2023-08-19,232,Food,428.32
SKU_004,2023-08-20,219,Food,414.39
SKU_004,2023-08-21,181,Food,229.73
SKU_004,2023-08-22,152,Food,143.73
SKU_004,2023-08-23,180,Food,282.77
SKU_004,2023-08-24,180,Food,118.1
SKU_004,2023-08-25,195,Food,381.37
SKU_004,2023-08-26,254,Food,422.93
SKU_004,2023-08-27,230,Food,441.37
SKU_004,2023-08-28,174,Food,458.05
SKU_004,2023-08-29,204,Food,64.19
SKU_004,2023-08-30,218,Food,496.54
SKU_004,2023-08-31,201,Food,427.24
SKU_004,2023-09-01,175,Food,150.02
SKU_004,2023-09-02,199,Food,391.83
SKU_004,2023-09-03,208,Food,108.13
SKU_004,2023-09-04,171,Food,97.51
SKU_004,2023-09-05,154,Food,137.11
SKU_004,2023-09-06,164,Food,468.79
SKU_004,2023-09-07,171,Food,471.45
SKU_004,2023-09-08,166,Food,244.68
SKU_004,2023-09-09,214,Food,444.38
SKU_004,2023-09-10,176,Food,102.03
SKU_004,2023-09-11,187,Food,217.63
SKU_004,2023-09-12,192,Food,184.88
SKU_004,2023-09-13,178,Food,164.41
SKU_004,2023-09-14,152,Food,72.55
SKU_004,2023-09-15,144,Food,83.09
SKU_004,2023-09-16,183,Food,202.13
SKU_004,2023-09-17,202,Food,257.24
SKU_004,2023-09-18,159,Food,272.54
SKU_004,2023-09-19,167,Food,307.03
SKU_004,2023-09-20,173,Food,314.47
SKU_004,2023-09-21,189,Food,122.0
SKU_004,2023-09-22,179,Food,397.72
SKU_004,2023-09-23,178,Food,371.39
SKU_004,2023-09-24,184,Food,64.1
SKU_004,2023-09-25,221,Food,241.63
SKU_004,2023-09-26,207,Food,72.27
SKU_004,2023-09-27,192,Food,251.39
SKU_004,2023-09-28,176,Food,138.42
SKU_004,2023-09-29,186,Food,440.88
SKU_004,2023-09-30,216,Food,107.5
SKU_004,2023-10-01,283,Food,403.08
SKU_004,2023-10-02,231,Food,134.97
SKU_004,2023-10-03,221,Food,110.6
SKU_004,2023-10-04,249,Food,493.35
SKU_004,2023-10-05,219,Food,203.56
SKU_004,2023-10-06,243,Food,393.38
SKU_004,2023-10-07,279,Food,235.21
SKU_004,2023-10-08,417,Food,293.61
SKU_004,2023-10-09,292,Food,353.99
SKU_004,2023-10-10,322,Food,227.29
SKU_004,2023-10-11,348,Food,441.53
SKU_004,2023-10-12,316,Food,126.42
SKU_004,2023-10-13,327,Food,313.34
SKU_004,2023-10-14,359,Food,303.17
SKU_004,2023-10-15,642,Food,295.05
SKU_004,2023-10-16,236,Food,162.93
SKU_004,2023-10-17,352,Food,102.52
SKU_004,2023-10-18,306,Food,57.02
SKU_004,2023-10-19,371,Food,423.68
SKU_004,2023-10-20,289,Food,415.54
SKU_004,2023-10-21,442,Food,290.69
SKU_004,2023-10-22,380,Food,190.19
SKU_004,2023-10-23,343,Food,264.6
SKU_004,2023-10-24,530,Food,390.39
SKU_004,2023-10-25,232,Food,327.03
SKU_004,2023-10-26,227,Food,417.44
SKU_004,2023-10-27,245,Food,222.98
SKU_004,2023-10-28,291,Food,420.28
SKU_004,2023-10-29,306,Food,57.53
SKU_004,2023-10-30,278,Food,369.41
SKU_004,2023-10-31,268,Food,197.07
SKU_004,2023-11-01,187,Food,187.39
SKU_004,2023-11-02,217,Food,486.97
SKU_004,2023-11-03,205,Food,493.88
SKU_004,2023-11-04,276,Food,421.11
SKU_004,2023-11-05,227,Food,166.14
SKU_004,2023-11-06,225,Food,371.09
SKU_004,2023-11-07,243,Food,180.14
SKU_004,2023-11-08,195,Food,499.11
SKU_004,2023-11-09,202,Food,495.07
SKU_004,2023-11-10,222,Food,460.81
SKU_004,2023-11-11,225,Food,447.91
SKU_004,2023-11-12,244,Food,132.05
SKU_004,2023-11-13,198,Food,413.52
SKU_004,2023-11-14,187,Food,345.24
SKU_004,2023-11-15,238,Food,217.44
SKU_004,2023-11-16,221,Food,182.85
SKU_004,2023-11-17,212,Food,175.96
SKU_004,2023-11-18,262,Food,165.08
SKU_004,2023-11-19,260,Food,348.22
SKU_004,2023-11-20,203,Food,63.03
SKU_004,2023-11-21,223,Food,389.46
SKU_004,2023-11-22,201,Food,291.24
SKU_004,2023-11-23,204,Food,329.2
SKU_004,2023-11-24,214,Food,206.77
SKU_004,2023-11-25,308,Food,338.1
SKU_004,2023-11-26,320,Food,322.91
SKU_004,2023-11-27,271,Food,436.09
SKU_004,2023-11-28,286,Food,213.42
SKU_004,2023-11-29,244,Food,342.85
SKU_004,2023-11-30,223,Food,411.94
SKU_004,2023-12-01,201,Food,450.64
SKU_004,2023-12-02,242,Food,263.17
SKU_004,2023-12-03,295,Food,158.71
SKU_004,2023-12-04,211,Food,336.27
SKU_004,2023-12-05,243,Food,319.04
SKU_004,2023-12-06,236,Food,250.31
SKU_004,2023-12-07,190,Food,497.04
SKU_004,2023-12-08,246,Food,216.56
SKU_004,2023-12-09,229,Food,223.43
SKU_004,2023-12-10,253,Food,363.43
SKU_004,2023-12-11,216,Food,315.68
SKU_004,2023-12-12,235,Food,413.87
SKU_004,2023-12-13,211,Food,80.45
SKU_004,2023-12-14,209,Food,431.81
SKU_004,2023-12-15,213,Food,170.7
SKU_004,2023-12-16,265,Food,150.7
SKU_004,2023-12-17,277,Food,143.46
SKU_004,2023-12-18,232,Food,160.37
SKU_004,2023-12-19,236,Food,458.28
SKU_004,2023-12-20,238,Food,218.28
SKU_004,2023-12-21,249,Food,383.69
SKU_004,2023-12-22,193,Food,499.63
SKU_004,2023-12-23,230,Food,261.76
SKU_004,2023-12-24,229,Food,336.93
SKU_004,2023-12-25,284,Food,364.54
SKU_004,2023-12-26,239,Food,248.17
SKU_004,2023-12-27,228,Food,450.87
SKU_004,2023-12-28,220,Food,448.42
SKU_004,2023-12-29,246,Food,422.61
SKU_004,2023-12-30,344,Food,499.77
SKU_004,2023-12-31,324,Food,284.75
SKU_004,2024-01-01,154,Food,333.18
SKU_004,2024-01-02,188,Food,385.53
SKU_004,2024-01-03,187,Food,128.73
SKU_004,2024-01-04,165,Food,464.11
SKU_004,2024-01-05,151,Food,269.15
SKU_004,2024-01-06,191,Food,266.42
SKU_004,2024-01-07,210,Food,215.04
SKU_004,2024-01-08,264,Food,129.08
SKU_004,2024-01-09,242,Food,405.38
SKU_004,2024-01-10,234,Food,316.88
SKU_004,2024-01-11,270,Food,454.37
SKU_004,2024-01-12,240,Food,251.1
SKU_004,2024-01-13,276,Food,127.84
SKU_004,2024-01-14,310,Food,156.9
SKU_004,2024-01-15,384,Food,470.17
SKU_004,2024-01-16,161,Food,225.81
SKU_004,2024-01-17,151,Food,151.44
SKU_004,2024-01-18,193,Food,164.58
SKU_004,2024-01-19,175,Food,98.89
SKU_004,2024-01-20,217,Food,418.99
SKU_004,2024-01-21,201,Food,185.4
SKU_004,2024-01-22,173,Food,432.57
SKU_004,2024-01-23,152,Food,191.89
SKU_004,2024-01-24,149,Food,374.34
SKU_004,2024-01-25,184,Food,127.53
SKU_004,2024-01-26,171,Food,161.17
SKU_004,2024-01-27,229,Food,270.39
SKU_004,2024-01-28,222,Food,249.85
SKU_004,2024-01-29,176,Food,196.23
SKU_004,2024-01-30,204,Food,364.26
SKU_004,2024-01-31,213,Food,254.13
SKU_004,2024-02-01,179,Food,414.42
SKU_004,2024-02-02,175,Food,420.96
SKU_004,2024-02-03,231,Food,417.81
SKU_004,2024-02-04,173,Food,251.91
SKU_004,2024-02-05,186,Food,266.12
SKU_004,2024-02-06,184,Food,417.02
SKU_004,2024-02-07,182,Food,480.44
SKU_004,2024-02-08,156,Food,297.8
SKU_004,2024-02-09,174,Food,488.85
SKU_004,2024-02-10,197,Food,167.91
SKU_004,2024-02-11,208,Food,492.53
SKU_004,2024-02-12,151,Food,448.45
SKU_004,2024-02-13,180,Food,453.84
SKU_004,2024-02-14,168,Food,203.51
SKU_004,2024-02-15,159,Food,158.67
SKU_004,2024-02-16,167,Food,416.13
SKU_004,2024-02-17,208,Food,319.77
SKU_004,2024-02-18,203,Food,311.74
SKU_004,2024-02-19,159,Food,252.77
SKU_004,2024-02-20,188,Food,205.18
SKU_004,2024-02-21,190,Food,336.38
SKU_004,2024-02-22,184,Food,262.54
SKU_004,2024-02-23,173,Food,421.46
SKU_004,2024-02-24,176,Food,363.63
SKU_004,2024-02-25,250,Food,139.48
SKU_004,2024-02-26,175,Food,279.29
SKU_004,2024-02-27,201,Food,448.05
SKU_004,2024-02-28,197,Food,94.19
SKU_004,2024-02-29,200,Food,137.0
SKU_004,2024-03-01,185,Food,256.74
SKU_004,2024-03-02,185,Food,223.96
SKU_004,2024-03-03,177,Food,416.47
SKU_004,2024-03-04,180,Food,269.9
SKU_004,2024-03-05,162,Food,452.07
SKU_004,2024-03-06,173,Food,390.18
SKU_004,2024-03-07,177,Food,144.42
SKU_004,2024-03-08,143,Food,244.65
SKU_004,2024-03-09,198,Food,211.55
SKU_004,2024-03-10,215,Food,92.69
SKU_004,2024-03-11,159,Food,118.47
SKU_004,2024-03-12,186,Food,342.86
SKU_004,2024-03-13,157,Food,460.07
SKU_004,2024-03-14,143,Food,299.38
SKU_004,2024-03-15,169,Food,231.41
SKU_004,2024-03-16,181,Food,310.49
SKU_004,2024-03-17,202,Food,164.63
SKU_004,2024-03-18,144,Food,465.22
SKU_004,2024-03-19,194,Food,317.31
SKU_004,2024-03-20,161,Food,193.17
SKU_004,2024-03-21,168,Food,162.7
SKU_004,2024-03-22,153,Food,302.38
SKU_004,2024-03-23,212,Food,243.09
SKU_004,2024-03-24,198,Food,390.47
SKU_004,2024-03-25,188,Food,298.02
SKU_004,2024-03-26,197,Food,135.42
SKU_004,2024-03-27,193,Food,382.21
SKU_004,2024-03-28,177,Food,490.16
SKU_004,2024-03-29,165,Food,308.33
SKU_004,2024-03-30,222,Food,253.98
SKU_004,2024-03-31,253,Food,431.61
SKU_004,2024-04-01,169,Food,326.58
SKU_004,2024-04-02,148,Food,135.53
SKU_004,2024-04-03,148,Food,167.35
SKU_004,2024-04-04,151,Food,409.63
SKU_004,2024-04-05,174,Food,173.94
SKU_004,2024-04-06,224,Food,229.25
SKU_004,2024-04-07,198,Food,176.17
SKU_004,2024-04-08,167,Food,360.11
SKU_004,2024-04-09,155,Food,399.15
SKU_004,2024-04-10,145,Food,238.38
SKU_004,2024-04-11,167,Food,499.21
SKU_004,2024-04-12,159,Food,369.16
SKU_004,2024-04-13,224,Food,98.75
SKU_004,2024-04-14,204,Food,190.83
SKU_004,2024-04-15,176,Food,429.81
SKU_004,2024-04-16,172,Food,274.47
SKU_004,2024-04-17,158,Food,220.45
SKU_004,2024-04-18,164,Food,355.91
SKU_004,2024-04-19,167,Food,340.21
SKU_004,2024-04-20,186,Food,488.84
SKU_004,2024-04-21,194,Food,181.88
SKU_004,2024-04-22,191,Food,234.02
SKU_004,2024-04-23,181,Food,78.7
SKU_004,2024-04-24,177,Food,333.21
SKU_004,2024-04-25,184,Food,484.08
SKU_004,2024-04-26,172,Food,248.43
SKU_004,2024-04-27,219,Food,52.41
SKU_004,2024-04-28,225,Food,167.34
SKU_004,2024-04-29,206,Food,493.26
SKU_004,2024-04-30,208,Food,60.4
SKU_004,2024-05-01,178,Food,203.11
SKU_004,2024-05-02,161,Food,208.09
SKU_004,2024-05-03,169,Food,200.5
SKU_004,2024-05-04,214,Food,421.4
SKU_004,2024-05-05,219,Food,288.98
SKU_004,2024-05-06,160,Food,499.85
SKU_004,2024-05-07,155,Food,156.61
SKU_004,2024-05-08,166,Food,397.07
SKU_004,2024-05-09,185,Food,416.18
SKU_004,2024-05-10,166,Food,247.57
SKU_004,2024-05-11,183,Food,463.59
SKU_004,2024-05-12,209,Food,277.51
SKU_004,2024-05-13,167,Food,175.82
SKU_004,2024-05-14,188,Food,402.59
SKU_004,2024-05-15,165,Food,216.17
SKU_004,2024-05-16,156,Food,58.84
SKU_004,2024-05-17,171,Food,257.02
SKU_004,2024-05-18,223,Food,51.24
SKU_004,2024-05-19,180,Food,166.25
SKU_004,2024-05-20,174,Food,284.77
SKU_004,2024-05-21,185,Food,191.97
SKU_004,2024-05-22,165,Food,495.39
SKU_004,2024-05-23,148,Food,259.05
SKU_004,2024-05-24,162,Food,465.63
SKU_004,2024-05-25,210,Food,98.39
SKU_004,2024-05-26,241,Food,393.32
SKU_004,2024-05-27,169,Food,438.25
SKU_004,2024-05-28,182,Food,299.77
SKU_004,2024-05-29,202,Food,140.0
SKU_004,2024-05-30,198,Food,349.29
SKU_004,2024-05-31,202,Food,98.41
SKU_004,2024-06-01,172,Food,489.11
SKU_004,2024-06-02,230,Food,212.36
SKU_004,2024-06-03,152,Food,104.91
SKU_004,2024-06-04,174,Food,472.92
SKU_004,2024-06-05,164,Food,211.43
SKU_004,2024-06-06,178,Food,410.08
SKU_004,2024-06-07,181,Food,383.65
SKU_004,2024-06-08,191,Food,382.0
SKU_004,2024-06-09,174,Food,89.37
SKU_004,2024-06-10,192,Food,161.3
SKU_004,2024-06-11,151,Food,335.94
SKU_004,2024-06-12,169,Food,114.89
SKU_004,2024-06-13,173,Food,64.81
SKU_004,2024-06-14,146,Food,314.71
SKU_004,2024-06-15,225,Food,170.29
SKU_004,2024-06-16,201,Food,109.59
SKU_004,2024-06-17,163,Food,156.06
SKU_004,2024-06-18,192,Food,310.29
SKU_004,2024-06-19,147,Food,397.51
SKU_004,2024-06-20,192,Food,412.06
SKU_004,2024-06-21,172,Food,288.78
SKU_004,2024-06-22,214,Food,365.87
SKU_004,2024-06-23,177,Food,493.86
SKU_004,2024-06-24,164,Food,102.98
SKU_004,2024-06-25,167,Food,385.36
SKU_004,2024-06-26,213,Food,402.28
SKU_004,2024-06-27,182,Food,191.74
SKU_004,2024-06-28,184,Food,464.46
SKU_004,2024-06-29,238,Food,262.93
SKU_004,2024-06-30,251,Food,449.28
SKU_004,2024-07-01,165,Food,61.23
SKU_004,2024-07-02,186,Food,336.33
SKU_004,2024-07-03,168,Food,444.7
SKU_004,2024-07-04,166,Food,150.52
SKU_004,2024-07-05,143,Food,243.77
SKU_004,2024-07-06,181,Food,95.59
SKU_004,2024-07-07,220,Food,467.73
SKU_004,2024-07-08,186,Food,377.34
SKU_004,2024-07-09,163,Food,245.86
SKU_004,2024-07-10,165,Food,238.95
SKU_004,2024-07-11,192,Food,113.62
SKU_004,2024-07-12,180,Food,99.84
SKU_004,2024-07-13,203,Food,305.06
SKU_004,2024-07-14,203,Food,453.19
SKU_004,2024-07-15,193,Food,183.43
SKU_004,2024-07-16,175,Food,220.57
SKU_004,2024-07-17,171,Food,208.38
SKU_004,2024-07-18,180,Food,224.61
SKU_004,2024-07-19,164,Food,71.22
SKU_004,2024-07-20,229,Food,306.1
SKU_004,2024-07-21,195,Food,287.21
SKU_004,2024-07-22,147,Food,292.61
SKU_004,2024-07-23,173,Food,99.97
SKU_004,2024-07-24,153,Food,253.33
SKU_004,2024-07-25,195,Food,413.91
SKU_004,2024-07-26,200,Food,373.22
SKU_004,2024-07-27,245,Food,62.18
SKU_004,2024-07-28,252,Food,174.14
SKU_004,2024-07-29,192,Food,72.35
SKU_004,2024-07-30,195,Food,478.18
SKU_004,2024-07-31,184,Food,339.42
SKU_004,2024-08-01,184,Food,193.39
SKU_004,2024-08-02,172,Food,377.7
SKU_004,2024-08-03,177,Food,218.32
SKU_004,2024-08-04,181,Food,246.24
SKU_004,2024-08-05,176,Food,419.79
SKU_004,2024-08-06,177,Food,96.36
SKU_004,2024-08-07,177,Food,174.33
SKU_004,2024-08-08,193,Food,192.55
SKU_004,2024-08-09,147,Food,180.09
SKU_004,2024-08-10,190,Food,262.17
SKU_004,2024-08-11,189,Food,341.01
SKU_004,2024-08-12,171,Food,478.42
SKU_004,2024-08-13,174,Food,219.12
SKU_004,2024-08-14,172,Food,477.21
SKU_004,2024-08-15,168,Food,337.83
SKU_004,2024-08-16,145,Food,366.51
SKU_004,2024-08-17,197,Food,97.93
SKU_004,2024-08-18,206,Food,361.04
SKU_004,2024-08-19,160,Food,250.2
SKU_004,2024-08-20,152,Food,287.75
SKU_004,2024-08-21,169,Food,345.68
SKU_004,2024-08-22,173,Food,193.27
SKU_004,2024-08-23,153,Food,430.82
SKU_004,2024-08-24,185,Food,127.54
SKU_004,2024-08-25,200,Food,169.11
SKU_004,2024-08-26,221,Food,152.97
SKU_004,2024-08-27,200,Food,135.03
SKU_004,2024-08-28,191,Food,262.45
SKU_004,2024-08-29,206,Food,328.77
SKU_004,2024-08-30,209,Food,125.26
SKU_004,2024-08-31,221,Food,116.95
SKU_004,2024-09-01,220,Food,410.04
SKU_004,2024-09-02,160,Food,213.81
SKU_004,2024-09-03,167,Food,473.24
SKU_004,2024-09-04,189,Food,234.14
SKU_004,2024-09-05,175,Food,499.16
SKU_004,2024-09-06,161,Food,335.62
SKU_004,2024-09-07,215,Food,498.32
SKU_004,2024-09-08,209,Food,60.17
SKU_004,2024-09-09,172,Food,380.83
SKU_004,2024-09-10,188,Food,342.08
SKU_004,2024-09-11,159,Food,392.62
SKU_004,2024-09-12,190,Food,89.85
SKU_004,2024-09-13,159,Food,137.61
SKU_004,2024-09-14,177,Food,411.95
SKU_004,2024-09-15,226,Food,151.19
SKU_004,2024-09-16,146,Food,120.15
SKU_004,2024-09-17,164,Food,230.6
SKU_004,2024-09-18,153,Food,230.35
SKU_004,2024-09-19,179,Food,387.7
SKU_004,2024-09-20,169,Food,105.08
SKU_004,2024-09-21,193,Food,273.47
SKU_004,2024-09-22,207,Food,259.53
SKU_004,2024-09-23,192,Food,313.17
SKU_004,2024-09-24,149,Food,452.04
SKU_004,2024-09-25,221,Food,280.27
SKU_004,2024-09-26,172,Food,320.26
SKU_004,2024-09-27,173,Food,114.3
SKU_004,2024-09-28,218,Food,103.79
SKU_004,2024-09-29,200,Food,373.8
SKU_004,2024-09-30,208,Food,245.5
SKU_004,2024-10-01,235,Food,486.56
SKU_004,2024-10-02,221,Food,205.67
SKU_004,2024-10-03,204,Food,178.65
SKU_004,2024-10-04,208,Food,278.49
SKU_004,2024-10-05,347,Food,105.71
SKU_004,2024-10-06,384,Food,287.03
SKU_004,2024-10-07,367,Food,493.19
SKU_004,2024-10-08,370,Food,299.69
SKU_004,2024-10-09,303,Food,272.48
SKU_004,2024-10-10,374,Food,482.71
SKU_004,2024-10-11,343,Food,468.52
SKU_004,2024-10-12,752,Food,369.75
SKU_004,2024-10-13,258,Food,347.11
SKU_004,2024-10-14,201,Food,238.45
SKU_004,2024-10-15,228,Food,379.5
SKU_004,2024-10-16,242,Food,298.84
SKU_004,2024-10-17,213,Food,317.09
SKU_004,2024-10-18,216,Food,499.48
SKU_004,2024-10-19,258,Food,136.19
SKU_004,2024-10-20,275,Food,281.24
SKU_004,2024-10-21,245,Food,177.5
SKU_004,2024-10-22,204,Food,148.25
SKU_004,2024-10-23,218,Food,351.47
SKU_004,2024-10-24,214,Food,367.13
SKU_004,2024-10-25,403,Food,189.66
SKU_004,2024-10-26,473,Food,362.05
SKU_004,2024-10-27,422,Food,423.24
SKU_004,2024-10-28,357,Food,436.69
SKU_004,2024-10-29,416,Food,421.28
SKU_004,2024-10-30,368,Food,143.18
SKU_004,2024-10-31,418,Food,254.47
SKU_004,2024-11-01,556,Food,242.71
SKU_004,2024-11-02,261,Food,199.03
SKU_004,2024-11-03,290,Food,285.14
SKU_004,2024-11-04,194,Food,104.02
SKU_004,2024-11-05,219,Food,137.46
SKU_004,2024-11-06,247,Food,304.59
SKU_004,2024-11-07,200,Food,491.81
SKU_004,2024-11-08,226,Food,485.34
SKU_004,2024-11-09,236,Food,340.72
SKU_004,2024-11-10,289,Food,328.11
SKU_004,2024-11-11,222,Food,485.52
SKU_004,2024-11-12,193,Food,78.14
SKU_004,2024-11-13,252,Food,436.36
SKU_004,2024-11-14,220,Food,276.65
SKU_004,2024-11-15,244,Food,227.51
SKU_004,2024-11-16,235,Food,442.57
SKU_004,2024-11-17,245,Food,471.53
SKU_004,2024-11-18,224,Food,236.71
SKU_004,2024-11-19,191,Food,179.01
SKU_004,2024-11-20,202,Food,253.34
SKU_004,2024-11-21,206,Food,376.01
SKU_004,2024-11-22,187,Food,461.67
SKU_004,2024-11-23,258,Food,493.28
SKU_004,2024-11-24,297,Food,58.4
SKU_004,2024-11-25,222,Food,418.92
SKU_004,2024-11-26,286,Food,89.33
SKU_004,2024-11-27,256,Food,289.94
SKU_004,2024-11-28,260,Food,372.53
SKU_004,2024-11-29,233,Food,332.3
SKU_004,2024-11-30,320,Food,459.91
SKU_004,2024-12-01,279,Food,445.78
SKU_004,2024-12-02,241,Food,212.14
SKU_004,2024-12-03,220,Food,110.09
SKU_004,2024-12-04,227,Food,411.32
SKU_004,2024-12-05,222,Food,290.66
SKU_004,2024-12-06,215,Food,208.13
SKU_004,2024-12-07,278,Food,50.97
SKU_004,2024-12-08,248,Food,450.68
SKU_004,2024-12-09,227,Food,341.7
SKU_004,2024-12-10,225,Food,216.8
SKU_004,2024-12-11,246,Food,116.23
SKU_004,2024-12-12,197,Food,201.56
SKU_004,2024-12-13,194,Food,235.65
SKU_004,2024-12-14,287,Food,236.59
SKU_004,2024-12-15,300,Food,231.44
SKU_004,2024-12-16,239,Food,460.67
SKU_004,2024-12-17,188,Food,221.51
SKU_004,2024-12-18,242,Food,389.39
SKU_004,2024-12-19,244,Food,342.25
SKU_004,2024-12-20,219,Food,94.36
SKU_004,2024-12-21,282,Food,68.33
SKU_004,2024-12-22,246,Food,126.91
SKU_004,2024-12-23,188,Food,489.33
SKU_004,2024-12-24,197,Food,455.57
SKU_004,2024-12-25,274,Food,354.61
SKU_004,2024-12-26,240,Food,427.61
SKU_004,2024-12-27,259,Food,361.68
SKU_004,2024-12-28,342,Food,433.04
SKU_004,2024-12-29,306,Food,83.49
SKU_004,2024-12-30,261,Food,347.65
SKU_004,2024-12-31,267,Food,473.06
SKU_005,2023-01-01,205,Food,158.16
SKU_005,2023-01-02,162,Food,366.19
SKU_005,2023-01-03,141,Food,226.0
SKU_005,2023-01-04,139,Food,89.73
SKU_005,2023-01-05,171,Food,392.15
SKU_005,2023-01-06,133,Food,334.94
SKU_005,2023-01-07,201,Food,193.87
SKU_005,2023-01-08,184,Food,196.7
SKU_005,2023-01-09,162,Food,334.43
SKU_005,2023-01-10,144,Food,74.6
SKU_005,2023-01-11,149,Food,124.69
SKU_005,2023-01-12,166,Food,499.04
SKU_005,2023-01-13,141,Food,274.04
SKU_005,2023-01-14,185,Food,126.71
SKU_005,2023-01-15,204,Food,149.83
SKU_005,2023-01-16,131,Food,250.04
SKU_005,2023-01-17,137,Food,101.49
SKU_005,2023-01-18,167,Food,155.39
SKU_005,2023-01-19,136,Food,138.79
SKU_005,2023-01-20,142,Food,246.66
SKU_005,2023-01-21,204,Food,219.86
SKU_005,2023-01-22,175,Food,434.44
SKU_005,2023-01-23,172,Food,374.5
SKU_005,2023-01-24,136,Food,407.97
SKU_005,2023-01-25,164,Food,311.84
SKU_005,2023-01-26,164,Food,214.54
SKU_005,2023-01-27,172,Food,282.2
SKU_005,2023-01-28,182,Food,419.87
SKU_005,2023-01-29,196,Food,242.32
SKU_005,2023-01-30,186,Food,494.87
SKU_005,2023-01-31,194,Food,65.68
SKU_005,2023-02-01,168,Food,434.38
SKU_005,2023-02-02,129,Food,478.85
SKU_005,2023-02-03,163,Food,291.95
SKU_005,2023-02-04,158,Food,52.39
SKU_005,2023-02-05,198,Food,109.57
SKU_005,2023-02-06,167,Food,221.07
SKU_005,2023-02-07,161,Food,489.66
SKU_005,2023-02-08,169,Food,397.22
SKU_005,2023-02-09,158,Food,315.49
SKU_005,2023-02-10,133,Food,341.17
SKU_005,2023-02-11,174,Food,248.52
SKU_005,2023-02-12,205,Food,215.63
SKU_005,2023-02-13,134,Food,467.18
SKU_005,2023-02-14,160,Food,95.86
SKU_005,2023-02-15,168,Food,386.69
SKU_005,2023-02-16,131,Food,398.91
SKU_005,2023-02-17,133,Food,164.57
SKU_005,2023-02-18,173,Food,368.7
SKU_005,2023-02-19,193,Food,201.13
SKU_005,2023-02-20,157,Food,72.31
SKU_005,2023-02-21,141,Food,51.62
SKU_005,2023-02-22,151,Food,138.39
SKU_005,2023-02-23,145,Food,257.59
SKU_005,2023-02-24,142,Food,329.76
SKU_005,2023-02-25,202,Food,163.15
SKU_005,2023-02-26,191,Food,421.2
SKU_005,2023-02-27,171,Food,477.61
SKU_005,2023-02-28,168,Food,101.98
SKU_005,2023-03-01,143,Food,370.93
SKU_005,2023-03-02,141,Food,264.76
SKU_005,2023-03-03,134,Food,184.27
SKU_005,2023-03-04,172,Food,420.49
SKU_005,2023-03-05,157,Food,104.0
SKU_005,2023-03-06,156,Food,189.24
SKU_005,2023-03-07,143,Food,260.49
SKU_005,2023-03-08,157,Food,490.79
SKU_005,2023-03-09,131,Food,197.54
SKU_005,2023-03-10,138,Food,375.06
SKU_005,2023-03-11,188,Food,407.46
SKU_005,2023-03-12,156,Food,51.46
SKU_005,2023-03-13,145,Food,118.96
SKU_005,2023-03-14,166,Food,291.53
SKU_005,2023-03-15,157,Food,53.74
SKU_005,2023-03-16,157,Food,336.66
SKU_005,2023-03-17,155,Food,181.47
SKU_005,2023-03-18,194,Food,172.2
SKU_005,2023-03-19,190,Food,199.71
SKU_005,2023-03-20,136,Food,276.79
SKU_005,2023-03-21,141,Food,409.1
SKU_005,2023-03-22,155,Food,410.45
SKU_005,2023-03-23,138,Food,231.95
SKU_005,2023-03-24,169,Food,434.84
SKU_005,2023-03-25,205,Food,372.62
SKU_005,2023-03-26,215,Food,423.59
SKU_005,2023-03-27,164,Food,489.76
SKU_005,2023-03-28,161,Food,158.35
SKU_005,2023-03-29,160,Food,483.47
SKU_005,2023-03-30,162,Food,182.08
SKU_005,2023-03-31,162,Food,374.93
SKU_005,2023-04-01,191,Food,266.27
SKU_005,2023-04-02,157,Food,158.62
SKU_005,2023-04-03,148,Food,317.75
SKU_005,2023-04-04,143,Food,300.5
SKU_005,2023-04-05,150,Food,462.02
SKU_005,2023-04-06,163,Food,120.74
SKU_005,2023-04-07,132,Food,145.32
SKU_005,2023-04-08,175,Food,367.58
SKU_005,2023-04-09,159,Food,326.47
SKU_005,2023-04-10,157,Food,457.15
SKU_005,2023-04-11,133,Food,226.43
SKU_005,2023-04-12,144,Food,411.17
SKU_005,2023-04-13,150,Food,401.11
SKU_005,2023-04-14,160,Food,294.91
SKU_005,2023-04-15,205,Food,361.81
SKU_005,2023-04-16,205,Food,185.14
SKU_005,2023-04-17,158,Food,53.3
SKU_005,2023-04-18,173,Food,162.95
SKU_005,2023-04-19,149,Food,111.8
SKU_005,2023-04-20,147,Food,85.56
SKU_005,2023-04-21,158,Food,278.3
SKU_005,2023-04-22,193,Food,490.1
SKU_005,2023-04-23,164,Food,423.08
SKU_005,2023-04-24,170,Food,426.4
SKU_005,2023-04-25,197,Food,307.0
SKU_005,2023-04-26,166,Food,314.87
SKU_005,2023-04-27,180,Food,346.39
SKU_005,2023-04-28,160,Food,74.58
SKU_005,2023-04-29,204,Food,98.05
SKU_005,2023-04-30,187,Food,100.03
SKU_005,2023-05-01,159,Food,439.4
SKU_005,2023-05-02,129,Food,288.61
SKU_005,2023-05-03,144,Food,203.7
SKU_005,2023-05-04,159,Food,231.62
SKU_005,2023-05-05,156,Food,375.75
SKU_005,2023-05-06,194,Food,116.46
SKU_005,2023-05-07,185,Food,499.83
SKU_005,2023-05-08,149,Food,151.3
SKU_005,2023-05-09,170,Food,414.32
SKU_005,2023-05-10,145,Food,422.34
SKU_005,2023-05-11,156,Food,485.66
SKU_005,2023-05-12,134,Food,482.56
SKU_005,2023-05-13,188,Food,414.78
SKU_005,2023-05-14,170,Food,165.66
SKU_005,2023-05-15,139,Food,215.63
SKU_005,2023-05-16,155,Food,318.49
SKU_005,2023-05-17,139,Food,123.56
SKU_005,2023-05-18,161,Food,92.19
SKU_005,2023-05-19,137,Food,259.22
SKU_005,2023-05-20,157,Food,480.42
SKU_005,2023-05-21,178,Food,106.22
SKU_005,2023-05-22,141,Food,331.78
SKU_005,2023-05-23,173,Food,380.72
SKU_005,2023-05-24,148,Food,151.64
SKU_005,2023-05-25,192,Food,255.3
SKU_005,2023-05-26,162,Food,334.74
SKU_005,2023-05-27,236,Food,149.31
SKU_005,2023-05-28,193,Food,220.96
SKU_005,2023-05-29,156,Food,127.44
SKU_005,2023-05-30,160,Food,390.2
SKU_005,2023-05-31,168,Food,229.24
SKU_005,2023-06-01,147,Food,471.71
SKU_005,2023-06-02,137,Food,358.68
SKU_005,2023-06-03,155,Food,312.33
SKU_005,2023-06-04,168,Food,497.81
SKU_005,2023-06-05,133,Food,220.7
SKU_005,2023-06-06,146,Food,294.65
SKU_005,2023-06-07,150,Food,447.61
SKU_005,2023-06-08,172,Food,80.03
SKU_005,2023-06-09,145,Food,396.73
SKU_005,2023-06-10,196,Food,427.81
SKU_005,2023-06-11,172,Food,118.54
SKU_005,2023-06-12,144,Food,489.2
SKU_005,2023-06-13,166,Food,207.03
SKU_005,2023-06-14,148,Food,330.81
SKU_005,2023-06-15,170,Food,448.74
SKU_005,2023-06-16,153,Food,430.81
SKU_005,2023-06-17,184,Food,425.44
SKU_005,2023-06-18,206,Food,423.81
SKU_005,2023-06-19,146,Food,317.6
SKU_005,2023-06-20,163,Food,478.26
SKU_005,2023-06-21,129,Food,151.12
SKU_005,2023-06-22,140,Food,456.82
SKU_005,2023-06-23,143,Food,225.06
SKU_005,2023-06-24,189,Food,448.24
SKU_005,2023-06-25,190,Food,175.64
SKU_005,2023-06-26,164,Food,228.9
SKU_005,2023-06-27,188,Food,492.16
SKU_005,2023-06-28,184,Food,385.56
SKU_005,2023-06-29,183,Food,360.7
SKU_005,2023-06-30,187,Food,361.09
SKU_005,2023-07-01,157,Food,393.15
SKU_005,2023-07-02,176,Food,303.38
SKU_005,2023-07-03,128,Food,97.28
SKU_005,2023-07-04,138,Food,59.07
SKU_005,2023-07-05,131,Food,486.71
SKU_005,2023-07-06,152,Food,66.62
SKU_005,2023-07-07,152,Food,381.59
SKU_005,2023-07-08,182,Food,484.65
SKU_005,2023-07-09,187,Food,98.5
SKU_005,2023-07-10,131,Food,447.7
SKU_005,2023-07-11,157,Food,236.58
SKU_005,2023-07-12,170,Food,440.66
SKU_005,2023-07-13,166,Food,389.6
SKU_005,2023-07-14,137,Food,240.88
SKU_005,2023-07-15,164,Food,464.19
SKU_005,2023-07-16,206,Food,368.95
SKU_005,2023-07-17,147,Food,186.91
SKU_005,2023-07-18,155,Food,313.81
SKU_005,2023-07-19,171,Food,179.63
SKU_005,2023-07-20,132,Food,247.65
SKU_005,2023-07-21,132,Food,213.99
SKU_005,2023-07-22,170,Food,272.41
SKU_005,2023-07-23,163,Food,331.67
SKU_005,2023-07-24,165,Food,81.23
SKU_005,2023-07-25,164,Food,405.33
SKU_005,2023-07-26,198,Food,453.64
SKU_005,2023-07-27,195,Food,462.78
SKU_005,2023-07-28,180,Food,158.29
SKU_005,2023-07-29,238,Food,296.22
SKU_005,2023-07-30,238,Food,116.28
SKU_005,2023-07-31,151,Food,391.03
SKU_005,2023-08-01,131,Food,454.74
SKU_005,2023-08-02,160,Food,154.99
SKU_005,2023-08-03,151,Food,89.42
SKU_005,2023-08-04,147,Food,132.88
SKU_005,2023-08-05,196,Food,84.25
SKU_005,2023-08-06,155,Food,68.68
SKU_005,2023-08-07,151,Food,50.2
SKU_005,2023-08-08,147,Food,176.67
SKU_005,2023-08-09,169,Food,58.95
SKU_005,2023-08-10,133,Food,58.35
SKU_005,2023-08-11,148,Food,384.24
SKU_005,2023-08-12,169,Food,69.53
SKU_005,2023-08-13,196,Food,360.66
SKU_005,2023-08-14,159,Food,310.82
SKU_005,2023-08-15,164,Food,453.7
SKU_005,2023-08-16,155,Food,151.55
SKU_005,2023-08-17,153,Food,339.33
SKU_005,2023-08-18,152,Food,315.87
SKU_005,2023-08-19,157,Food,56.24
SKU_005,2023-08-20,191,Food,386.83
SKU_005,2023-08-21,164,Food,403.52
SKU_005,2023-08-22,137,Food,277.77
SKU_005,2023-08-23,155,Food,155.11
SKU_005,2023-08-24,172,Food,437.08
SKU_005,2023-08-25,172,Food,154.24
SKU_005,2023-08-26,201,Food,241.87
SKU_005,2023-08-27,190,Food,74.39
SKU_005,2023-08-28,149,Food,196.38
SKU_005,2023-08-29,176,Food,404.02
SKU_005,2023-08-30,160,Food,293.14
SKU_005,2023-08-31,193,Food,394.13
SKU_005,2023-09-01,163,Food,464.82
SKU_005,2023-09-02,165,Food,249.25
SKU_005,2023-09-03,198,Food,454.27
SKU_005,2023-09-04,138,Food,330.44
SKU_005,2023-09-05,130,Food,382.37
SKU_005,2023-09-06,167,Food,332.59
SKU_005,2023-09-07,128,Food,499.3
SKU_005,2023-09-08,152,Food,385.18
SKU_005,2023-09-09,201,Food,131.88
SKU_005,2023-09-10,202,Food,440.86
SKU_005,2023-09-11,167,Food,221.28
SKU_005,2023-09-12,157,Food,169.34
SKU_005,2023-09-13,172,Food,120.1
SKU_005,2023-09-14,151,Food,77.07
SKU_005,2023-09-15,172,Food,286.39
SKU_005,2023-09-16,196,Food,97.25
SKU_005,2023-09-17,189,Food,247.99
SKU_005,2023-09-18,149,Food,326.04
SKU_005,2023-09-19,139,Food,169.08
SKU_005,2023-09-20,171,Food,232.67
SKU_005,2023-09-21,159,Food,177.81
SKU_005,2023-09-22,145,Food,234.65
SKU_005,2023-09-23,164,Food,274.9
SKU_005,2023-09-24,170,Food,342.52
SKU_005,2023-09-25,196,Food,346.22
SKU_005,2023-09-26,172,Food,387.89
SKU_005,2023-09-27,187,Food,69.58
SKU_005,2023-09-28,184,Food,127.59
SKU_005,2023-09-29,153,Food,189.17
SKU_005,2023-09-30,224,Food,261.77
SKU_005,2023-10-01,222,Food,381.88
SKU_005,2023-10-02,185,Food,449.38
SKU_005,2023-10-03,197,Food,492.4
SKU_005,2023-10-04,220,Food,477.9
SKU_005,2023-10-05,193,Food,127.91
SKU_005,2023-10-06,208,Food,203.42
SKU_005,2023-10-07,222,Food,59.35
SKU_005,2023-10-08,333,Food,295.36
SKU_005,2023-10-09,302,Food,376.53
SKU_005,2023-10-10,276,Food,61.48
SKU_005,2023-10-11,266,Food,438.86
SKU_005,2023-10-12,255,Food,131.46
SKU_005,2023-10-13,298,Food,180.19
SKU_005,2023-10-14,335,Food,415.28
SKU_005,2023-10-15,550,Food,151.76
SKU_005,2023-10-16,189,Food,83.42
SKU_005,2023-10-17,270,Food,201.21
SKU_005,2023-10-18,272,Food,412.45
SKU_005,2023-10-19,258,Food,129.71
SKU_005,2023-10-20,332,Food,372.16
SKU_005,2023-10-21,325,Food,58.49
SKU_005,2023-10-22,367,Food,306.68
SKU_005,2023-10-23,329,Food,165.89
SKU_005,2023-10-24,531,Food,359.65
SKU_005,2023-10-25,211,Food,214.39
SKU_005,2023-10-26,212,Food,112.56
SKU_005,2023-10-27,225,Food,387.82
SKU_005,2023-10-28,270,Food,69.1
SKU_005,2023-10-29,297,Food,134.62
SKU_005,2023-10-30,245,Food,232.02
SKU_005,2023-10-31,205,Food,273.46
SKU_005,2023-11-01,184,Food,310.91
SKU_005,2023-11-02,187,Food,82.96
SKU_005,2023-11-03,174,Food,298.82
SKU_005,2023-11-04,234,Food,106.85
SKU_005,2023-11-05,223,Food,416.9
SKU_005,2023-11-06,195,Food,486.94
SKU_005,2023-11-07,224,Food,179.92
SKU_005,2023-11-08,186,Food,418.52
SKU_005,2023-11-09,168,Food,432.08
SKU_005,2023-11-10,220,Food,300.44
SKU_005,2023-11-11,202,Food,187.3
SKU_005,2023-11-12,267,Food,86.04
SKU_005,2023-11-13,186,Food,260.41
SKU_005,2023-11-14,225,Food,223.3
SKU_005,2023-11-15,179,Food,269.2
SKU_005,2023-11-16,223,Food,361.94
SKU_005,2023-11-17,185,Food,330.72
SKU_005,2023-11-18,210,Food,402.15
SKU_005,2023-11-19,231,Food,234.91
SKU_005,2023-11-20,201,Food,52.85
SKU_005,2023-11-21,187,Food,244.78
SKU_005,2023-11-22,222,Food,65.49
SKU_005,2023-11-23,210,Food,267.44
SKU_005,2023-11-24,170,Food,117.72
SKU_005,2023-11-25,307,Food,80.91
SKU_005,2023-11-26,266,Food,81.2
SKU_005,2023-11-27,207,Food,230.18
SKU_005,2023-11-28,193,Food,270.36
SKU_005,2023-11-29,200,Food,176.8
SKU_005,2023-11-30,217,Food,402.5
SKU_005,2023-12-01,183,Food,157.52
SKU_005,2023-12-02,266,Food,249.97
SKU_005,2023-12-03,206,Food,159.0
SKU_005,2023-12-04,209,Food,450.35
SKU_005,2023-12-05,218,Food,161.04
SKU_005,2023-12-06,199,Food,264.85
SKU_005,2023-12-07,225,Food,264.44
SKU_005,2023-12-08,189,Food,222.83
SKU_005,2023-12-09,262,Food,76.34
SKU_005,2023-12-10,214,Food,378.96
SKU_005,2023-12-11,176,Food,450.03
SKU_005,2023-12-12,178,Food,62.47
SKU_005,2023-12-13,211,Food,137.44
SKU_005,2023-12-14,206,Food,156.83
SKU_005,2023-12-15,192,Food,93.58
SKU_005,2023-12-16,243,Food,241.66
SKU_005,2023-12-17,243,Food,485.06
SKU_005,2023-12-18,190,Food,136.35
SKU_005,2023-12-19,190,Food,199.33
SKU_005,2023-12-20,173,Food,154.29
SKU_005,2023-12-21,224,Food,184.52
SKU_005,2023-12-22,217,Food,323.82
SKU_005,2023-12-23,216,Food,108.8
SKU_005,2023-12-24,235,Food,161.13
SKU_005,2023-12-25,204,Food,233.3
SKU_005,2023-12-26,252,Food,300.27
SKU_005,2023-12-27,215,Food,183.42
SKU_005,2023-12-28,255,Food,112.23
SKU_005,2023-12-29,194,Food,236.05
SKU_005,2023-12-30,257,Food,461.46
SKU_005,2023-12-31,290,Food,116.35
SKU_005,2024-01-01,154,Food,458.16
SKU_005,2024-01-02,142,Food,58.43
SKU_005,2024-01-03,154,Food,439.78
SKU_005,2024-01-04,135,Food,373.09
SKU_005,2024-01-05,136,Food,183.88
SKU_005,2024-01-06,175,Food,129.44
SKU_005,2024-01-07,174,Food,316.04
SKU_005,2024-01-08,236,Food,112.5
SKU_005,2024-01-09,247,Food,404.11
SKU_005,2024-01-10,259,Food,269.01
SKU_005,2024-01-11,240,Food,339.23
SKU_005,2024-01-12,236,Food,156.98
SKU_005,2024-01-13,265,Food,326.24
SKU_005,2024-01-14,234,Food,207.22
SKU_005,2024-01-15,404,Food,267.13
SKU_005,2024-01-16,148,Food,215.35
SKU_005,2024-01-17,157,Food,232.84
SKU_005,2024-01-18,147,Food,401.06
SKU_005,2024-01-19,129,Food,206.97
SKU_005,2024-01-20,184,Food,93.72
SKU_005,2024-01-21,166,Food,359.8
SKU_005,2024-01-22,136,Food,127.84
SKU_005,2024-01-23,157,Food,99.6
SKU_005,2024-01-24,144,Food,232.14
SKU_005,2024-01-25,187,Food,174.08
SKU_005,2024-01-26,195,Food,194.21
SKU_005,2024-01-27,184,Food,202.65
SKU_005,2024-01-28,237,Food,409.54
SKU_005,2024-01-29,164,Food,109.89
SKU_005,2024-01-30,151,Food,498.38
SKU_005,2024-01-31,194,Food,333.24
SKU_005,2024-02-01,137,Food,496.21
SKU_005,2024-02-02,144,Food,107.8
SKU_005,2024-02-03,191,Food,399.19
SKU_005,2024-02-04,179,Food,189.87
SKU_005,2024-02-05,160,Food,100.15
SKU_005,2024-02-06,166,Food,329.56
SKU_005,2024-02-07,146,Food,297.23
SKU_005,2024-02-08,165,Food,408.79
SKU_005,2024-02-09,162,Food,398.27
SKU_005,2024-02-10,189,Food,123.35
SKU_005,2024-02-11,193,Food,253.56
SKU_005,2024-02-12,169,Food,211.2
SKU_005,2024-02-13,160,Food,344.98
SKU_005,2024-02-14,133,Food,496.2
SKU_005,2024-02-15,131,Food,111.58
SKU_005,2024-02-16,155,Food,446.92
SKU_005,2024-02-17,179,Food,83.97
SKU_005,2024-02-18,182,Food,103.57
SKU_005,2024-02-19,144,Food,420.29
SKU_005,2024-02-20,173,Food,233.98
SKU_005,2024-02-21,155,Food,214.33
SKU_005,2024-02-22,164,Food,463.08
SKU_005,2024-02-23,133,Food,362.33
SKU_005,2024-02-24,161,Food,348.71
SKU_005,2024-02-25,235,Food,356.82
SKU_005,2024-02-26,182,Food,339.53
SKU_005,2024-02-27,173,Food,68.61
SKU_005,2024-02-28,178,Food,418.62
SKU_005,2024-02-29,150,Food,94.21
SKU_005,2024-03-01,167,Food,488.36
SKU_005,2024-03-02,173,Food,318.1
SKU_005,2024-03-03,187,Food,449.36
SKU_005,2024-03-04,159,Food,127.27
SKU_005,2024-03-05,146,Food,264.41
SKU_005,2024-03-06,137,Food,247.7
SKU_005,2024-03-07,154,Food,64.3
SKU_005,2024-03-08,168,Food,416.86
SKU_005,2024-03-09,185,Food,404.91
SKU_005,2024-03-10,194,Food,260.48
SKU_005,2024-03-11,170,Food,460.86
SKU_005,2024-03-12,151,Food,276.03
SKU_005,2024-03-13,153,Food,263.96
SKU_005,2024-03-14,136,Food,316.99
SKU_005,2024-03-15,153,Food,399.81
SKU_005,2024-03-16,168,Food,240.42
SKU_005,2024-03-17,154,Food,174.06
SKU_005,2024-03-18,166,Food,75.31
SKU_005,2024-03-19,166,Food,158.39
SKU_005,2024-03-20,145,Food,59.67
SKU_005,2024-03-21,152,Food,117.69
SKU_005,2024-03-22,155,Food,407.31
SKU_005,2024-03-23,174,Food,199.34
SKU_005,2024-03-24,184,Food,130.66
SKU_005,2024-03-25,156,Food,222.71
SKU_005,2024-03-26,186,Food,411.86
SKU_005,2024-03-27,186,Food,346.78
SKU_005,2024-03-28,192,Food,103.51
SKU_005,2024-03-29,152,Food,258.77
SKU_005,2024-03-30,225,Food,90.19
SKU_005,2024-03-31,199,Food,316.21
SKU_005,2024-04-01,168,Food,384.75
SKU_005,2024-04-02,147,Food,113.13
SKU_005,2024-04-03,141,Food,221.71
SKU_005,2024-04-04,151,Food,197.61
SKU_005,2024-04-05,131,Food,232.31
SKU_005,2024-04-06,163,Food,499.58
SKU_005,2024-04-07,178,Food,440.2
SKU_005,2024-04-08,141,Food,273.66
SKU_005,2024-04-09,173,Food,111.94
SKU_005,2024-04-10,160,Food,169.51
SKU_005,2024-04-11,135,Food,270.18
SKU_005,2024-04-12,161,Food,322.19
SKU_005,2024-04-13,183,Food,375.58
SKU_005,2024-04-14,158,Food,111.0
SKU_005,2024-04-15,158,Food,294.48
SKU_005,2024-04-16,173,Food,57.67
SKU_005,2024-04-17,147,Food,498.13
SKU_005,2024-04-18,130,Food,115.56
SKU_005,2024-04-19,130,Food,373.82
SKU_005,2024-04-20,178,Food,134.49
SKU_005,2024-04-21,166,Food,203.48
SKU_005,2024-04-22,130,Food,395.28
SKU_005,2024-04-23,160,Food,60.29
SKU_005,2024-04-24,162,Food,138.26
SKU_005,2024-04-25,168,Food,68.67
SKU_005,2024-04-26,169,Food,224.11
SKU_005,2024-04-27,189,Food,97.97
SKU_005,2024-04-28,204,Food,154.69
SKU_005,2024-04-29,172,Food,68.36
SKU_005,2024-04-30,167,Food,452.75
SKU_005,2024-05-01,134,Food,186.06
SKU_005,2024-05-02,147,Food,310.34
SKU_005,2024-05-03,167,Food,322.71
SKU_005,2024-05-04,204,Food,226.19
SKU_005,2024-05-05,174,Food,456.31
SKU_005,2024-05-06,138,Food,386.57
SKU_005,2024-05-07,144,Food,134.69
SKU_005,2024-05-08,155,Food,213.01
SKU_005,2024-05-09,143,Food,330.22
SKU_005,2024-05-10,169,Food,189.67
SKU_005,2024-05-11,183,Food,226.45
SKU_005,2024-05-12,191,Food,364.16
SKU_005,2024-05-13,151,Food,491.67
SKU_005,2024-05-14,134,Food,272.38
SKU_005,2024-05-15,157,Food,53.41
SKU_005,2024-05-16,129,Food,383.62
SKU_005,2024-05-17,147,Food,144.55
SKU_005,2024-05-18,191,Food,155.93
SKU_005,2024-05-19,202,Food,201.91
SKU_005,2024-05-20,136,Food,320.54
SKU_005,2024-05-21,143,Food,498.96
SKU_005,2024-05-22,170,Food,496.81
SKU_005,2024-05-23,146,Food,323.44
SKU_005,2024-05-24,148,Food,258.38
SKU_005,2024-05-25,209,Food,232.99
SKU_005,2024-05-26,229,Food,138.48
SKU_005,2024-05-27,172,Food,235.4
SKU_005,2024-05-28,169,Food,402.28
SKU_005,2024-05-29,193,Food,316.04
SKU_005,2024-05-30,168,Food,473.19
SKU_005,2024-05-31,195,Food,207.14
SKU_005,2024-06-01,174,Food,302.12
SKU_005,2024-06-02,166,Food,237.02
SKU_005,2024-06-03,147,Food,69.84
SKU_005,2024-06-04,136,Food,129.16
SKU_005,2024-06-05,161,Food,178.68
SKU_005,2024-06-06,155,Food,70.1
SKU_005,2024-06-07,157,Food,242.26
SKU_005,2024-06-08,157,Food,320.29
SKU_005,2024-06-09,205,Food,486.36
SKU_005,2024-06-10,142,Food,443.35
SKU_005,2024-06-11,141,Food,242.39
SKU_005,2024-06-12,161,Food,422.09
SKU_005,2024-06-13,149,Food,422.85
SKU_005,2024-06-14,158,Food,131.73
SKU_005,2024-06-15,189,Food,254.96
SKU_005,2024-06-16,179,Food,399.09
SKU_005,2024-06-17,170,Food,451.42
SKU_005,2024-06-18,132,Food,351.54
SKU_005,2024-06-19,130,Food,128.72
SKU_005,2024-06-20,164,Food,328.1
SKU_005,2024-06-21,162,Food,349.98
SKU_005,2024-06-22,164,Food,475.67
SKU_005,2024-06-23,203,Food,260.07
SKU_005,2024-06-24,129,Food,51.37
SKU_005,2024-06-25,152,Food,296.81
SKU_005,2024-06-26,194,Food,215.34
SKU_005,2024-06-27,184,Food,233.8
SKU_005,2024-06-28,165,Food,430.74
SKU_005,2024-06-29,217,Food,52.25
SKU_005,2024-06-30,211,Food,358.18
SKU_005,2024-07-01,167,Food,140.06
SKU_005,2024-07-02,157,Food,334.83
SKU_005,2024-07-03,156,Food,340.96
SKU_005,2024-07-04,138,Food,328.14
SKU_005,2024-07-05,129,Food,393.31
SKU_005,2024-07-06,198,Food,339.35
SKU_005,2024-07-07,178,Food,177.07
SKU_005,2024-07-08,135,Food,478.77
SKU_005,2024-07-09,137,Food,294.41
SKU_005,2024-07-10,154,Food,273.7
SKU_005,2024-07-11,135,Food,473.35
SKU_005,2024-07-12,154,Food,302.88
SKU_005,2024-07-13,187,Food,267.85
SKU_005,2024-07-14,188,Food,213.31
SKU_005,2024-07-15,143,Food,271.25
SKU_005,2024-07-16,148,Food,361.48
SKU_005,2024-07-17,131,Food,209.33
SKU_005,2024-07-18,152,Food,172.38
SKU_005,2024-07-19,142,Food,79.08
SKU_005,2024-07-20,188,Food,205.32
SKU_005,2024-07-21,189,Food,480.12
SKU_005,2024-07-22,155,Food,382.7
SKU_005,2024-07-23,152,Food,55.23
SKU_005,2024-07-24,161,Food,411.91
SKU_005,2024-07-25,151,Food,84.42
SKU_005,2024-07-26,180,Food,167.98
SKU_005,2024-07-27,214,Food,177.11
SKU_005,2024-07-28,206,Food,439.34
SKU_005,2024-07-29,173,Food,176.52
SKU_005,2024-07-30,175,Food,310.72
SKU_005,2024-07-31,149,Food,267.25
SKU_005,2024-08-01,142,Food,334.41
SKU_005,2024-08-02,171,Food,358.32
SKU_005,2024-08-03,172,Food,266.08
SKU_005,2024-08-04,191,Food,329.02
SKU_005,2024-08-05,161,Food,195.54
SKU_005,2024-08-06,141,Food,75.54
SKU_005,2024-08-07,135,Food,150.1
SKU_005,2024-08-08,168,Food,89.76
SKU_005,2024-08-09,156,Food,145.01
SKU_005,2024-08-10,158,Food,289.59
SKU_005,2024-08-11,173,Food,172.96
SKU_005,2024-08-12,149,Food,154.17
SKU_005,2024-08-13,160,Food,191.19
SKU_005,2024-08-14,145,Food,386.71
SKU_005,2024-08-15,161,Food,66.6
SKU_005,2024-08-16,151,Food,291.59
SKU_005,2024-08-17,200,Food,91.52
SKU_005,2024-08-18,182,Food,458.26
SKU_005,2024-08-19,135,Food,158.94
SKU_005,2024-08-20,151,Food,163.15
SKU_005,2024-08-21,148,Food,135.53
SKU_005,2024-08-22,157,Food,339.42
SKU_005,2024-08-23,133,Food,395.96
SKU_005,2024-08-24,164,Food,245.97
SKU_005,2024-08-25,226,Food,191.42
SKU_005,2024-08-26,165,Food,309.55
SKU_005,2024-08-27,178,Food,371.82
SKU_005,2024-08-28,169,Food,178.74
SKU_005,2024-08-29,159,Food,452.59
SKU_005,2024-08-30,170,Food,331.0
SKU_005,2024-08-31,234,Food,293.91
SKU_005,2024-09-01,198,Food,328.01
SKU_005,2024-09-02,166,Food,257.56
SKU_005,2024-09-03,160,Food,158.61
SKU_005,2024-09-04,170,Food,487.87
SKU_005,2024-09-05,156,Food,261.8
SKU_005,2024-09-06,161,Food,255.2
SKU_005,2024-09-07,198,Food,206.84
SKU_005,2024-09-08,201,Food,457.19
SKU_005,2024-09-09,134,Food,141.11
SKU_005,2024-09-10,172,Food,121.55
SKU_005,2024-09-11,135,Food,281.43
SKU_005,2024-09-12,144,Food,379.87
SKU_005,2024-09-13,135,Food,366.24
SKU_005,2024-09-14,159,Food,141.19
SKU_005,2024-09-15,171,Food,151.07
SKU_005,2024-09-16,135,Food,421.89
SKU_005,2024-09-17,168,Food,111.24
SKU_005,2024-09-18,167,Food,235.04
SKU_005,2024-09-19,143,Food,418.55
SKU_005,2024-09-20,140,Food,261.61
SKU_005,2024-09-21,208,Food,362.78
SKU_005,2024-09-22,191,Food,374.77
SKU_005,2024-09-23,159,Food,458.08
SKU_005,2024-09-24,172,Food,262.6
SKU_005,2024-09-25,157,Food,212.11
SKU_005,2024-09-26,179,Food,241.53
SKU_005,2024-09-27,165,Food,277.36
SKU_005,2024-09-28,230,Food,86.81
SKU_005,2024-09-29,215,Food,435.16
SKU_005,2024-09-30,158,Food,301.37
SKU_005,2024-10-01,206,Food,309.72
SKU_005,2024-10-02,168,Food,270.57
SKU_005,2024-10-03,207,Food,492.84
SKU_005,2024-10-04,176,Food,51.09
SKU_005,2024-10-05,317,Food,438.33
SKU_005,2024-10-06,301,Food,499.65
SKU_005,2024-10-07,253,Food,161.56
SKU_005,2024-10-08,295,Food,230.9
SKU_005,2024-10-09,258,Food,76.31
SKU_005,2024-10-10,262,Food,361.62
SKU_005,2024-10-11,264,Food,284.6
SKU_005,2024-10-12,597,Food,252.53
SKU_005,2024-10-13,205,Food,493.2
SKU_005,2024-10-14,219,Food,487.58
SKU_005,2024-10-15,213,Food,192.99
SKU_005,2024-10-16,204,Food,488.52
SKU_005,2024-10-17,178,Food,348.42
SKU_005,2024-10-18,211,Food,367.34
SKU_005,2024-10-19,243,Food,476.48
SKU_005,2024-10-20,242,Food,118.58
SKU_005,2024-10-21,168,Food,434.17
SKU_005,2024-10-22,177,Food,461.59
SKU_005,2024-10-23,202,Food,211.25
SKU_005,2024-10-24,191,Food,445.37
SKU_005,2024-10-25,318,Food,412.23
SKU_005,2024-10-26,381,Food,358.5
SKU_005,2024-10-27,443,Food,273.75
SKU_005,2024-10-28,388,Food,55.56
SKU_005,2024-10-29,295,Food,199.98
SKU_005,2024-10-30,289,Food,347.51
SKU_005,2024-10-31,355,Food,89.49
SKU_005,2024-11-01,533,Food,170.57
SKU_005,2024-11-02,219,Food,468.35
SKU_005,2024-11-03,230,Food,109.84
SKU_005,2024-11-04,196,Food,336.17
SKU_005,2024-11-05,196,Food,382.19
SKU_005,2024-11-06,195,Food,495.65
SKU_005,2024-11-07,172,Food,212.21
SKU_005,2024-11-08,175,Food,329.38
SKU_005,2024-11-09,250,Food,178.32
SKU_005,2024-11-10,217,Food,81.11
SKU_005,2024-11-11,171,Food,134.31
SKU_005,2024-11-12,215,Food,208.32
SKU_005,2024-11-13,224,Food,57.8
SKU_005,2024-11-14,168,Food,268.3
SKU_005,2024-11-15,175,Food,498.11
SKU_005,2024-11-16,250,Food,496.72
SKU_005,2024-11-17,223,Food,246.81
SKU_005,2024-11-18,203,Food,269.96
SKU_005,2024-11-19,194,Food,139.07
SKU_005,2024-11-20,187,Food,319.44
SKU_005,2024-11-21,179,Food,278.33
SKU_005,2024-11-22,183,Food,142.02
SKU_005,2024-11-23,228,Food,132.41
SKU_005,2024-11-24,202,Food,231.72
SKU_005,2024-11-25,192,Food,104.24
SKU_005,2024-11-26,203,Food,76.62
SKU_005,2024-11-27,207,Food,497.79
SKU_005,2024-11-28,251,Food,386.4
SKU_005,2024-11-29,242,Food,158.14
SKU_005,2024-11-30,234,Food,359.87
SKU_005,2024-12-01,237,Food,457.07
SKU_005,2024-12-02,192,Food,365.35
SKU_005,2024-12-03,193,Food,174.46
SKU_005,2024-12-04,190,Food,176.2
SKU_005,2024-12-05,188,Food,393.73
SKU_005,2024-12-06,191,Food,282.85
SKU_005,2024-12-07,215,Food,291.31
SKU_005,2024-12-08,268,Food,251.89
SKU_005,2024-12-09,220,Food,483.97
SKU_005,2024-12-10,204,Food,298.07
SKU_005,2024-12-11,189,Food,153.0
SKU_005,2024-12-12,223,Food,280.39
SKU_005,2024-12-13,209,Food,358.63
SKU_005,2024-12-14,269,Food,141.45
SKU_005,2024-12-15,217,Food,382.99
SKU_005,2024-12-16,186,Food,158.06
SKU_005,2024-12-17,181,Food,308.82
SKU_005,2024-12-18,186,Food,263.94
SKU_005,2024-12-19,220,Food,280.21
SKU_005,2024-12-20,192,Food,395.82
SKU_005,2024-12-21,219,Food,170.94
SKU_005,2024-12-22,253,Food,173.76
SKU_005,2024-12-23,171,Food,235.63
SKU_005,2024-12-24,217,Food,289.68
SKU_005,2024-12-25,213,Food,253.15
SKU_005,2024-12-26,210,Food,221.99
SKU_005,2024-12-27,242,Food,108.87
SKU_005,2024-12-28,276,Food,201.27
SKU_005,2024-12-29,283,Food,129.47
SKU_005,2024-12-30,212,Food,426.93
SKU_005,2024-12-31,259,Food,214.91
SKU_006,2023-01-01,236,Personal Care,66.53
SKU_006,2023-01-02,188,Personal Care,448.3
SKU_006,2023-01-03,210,Personal Care,224.88
SKU_006,2023-01-04,188,Personal Care,379.96
SKU_006,2023-01-05,220,Personal Care,331.31
SKU_006,2023-01-06,204,Personal Care,482.16
SKU_006,2023-01-07,226,Personal Care,365.51
SKU_006,2023-01-08,233,Personal Care,489.22
SKU_006,2023-01-09,206,Personal Care,408.99
SKU_006,2023-01-10,201,Personal Care,81.37
SKU_006,2023-01-11,182,Personal Care,260.29
SKU_006,2023-01-12,200,Personal Care,67.32
SKU_006,2023-01-13,210,Personal Care,149.41
SKU_006,2023-01-14,259,Personal Care,133.82
SKU_006,2023-01-15,217,Personal Care,379.61
SKU_006,2023-01-16,187,Personal Care,432.4
SKU_006,2023-01-17,219,Personal Care,442.56
SKU_006,2023-01-18,187,Personal Care,470.68
SKU_006,2023-01-19,217,Personal Care,151.39
SKU_006,2023-01-20,166,Personal Care,367.54
SKU_006,2023-01-21,223,Personal Care,165.0
SKU_006,2023-01-22,242,Personal Care,67.93
SKU_006,2023-01-23,208,Personal Care,320.63
SKU_006,2023-01-24,185,Personal Care,263.96
SKU_006,2023-01-25,203,Personal Care,229.22
SKU_006,2023-01-26,205,Personal Care,72.55
SKU_006,2023-01-27,190,Personal Care,471.01
SKU_006,2023-01-28,284,Personal Care,211.93
SKU_006,2023-01-29,232,Personal Care,296.76
SKU_006,2023-01-30,205,Personal Care,231.47
SKU_006,2023-01-31,219,Personal Care,340.09
SKU_006,2023-02-01,190,Personal Care,159.1
SKU_006,2023-02-02,205,Personal Care,368.09
SKU_006,2023-02-03,220,Personal Care,157.8
SKU_006,2023-02-04,244,Personal Care,406.89
SKU_006,2023-02-05,206,Personal Care,176.86
SKU_006,2023-02-06,175,Personal Care,464.86
SKU_006,2023-02-07,167,Personal Care,58.6
SKU_006,2023-02-08,200,Personal Care,255.43
SKU_006,2023-02-09,164,Personal Care,191.72
SKU_006,2023-02-10,167,Personal Care,490.37
SKU_006,2023-02-11,257,Personal Care,217.39
SKU_006,2023-02-12,253,Personal Care,135.0
SKU_006,2023-02-13,217,Personal Care,305.94
SKU_006,2023-02-14,210,Personal Care,341.53
SKU_006,2023-02-15,193,Personal Care,233.65
SKU_006,2023-02-16,169,Personal Care,398.86
SKU_006,2023-02-17,192,Personal Care,199.6
SKU_006,2023-02-18,200,Personal Care,408.7
SKU_006,2023-02-19,214,Personal Care,399.47
SKU_006,2023-02-20,192,Personal Care,213.4
SKU_006,2023-02-21,178,Personal Care,353.31
SKU_006,2023-02-22,195,Personal Care,168.47
SKU_006,2023-02-23,213,Personal Care,433.02
SKU_006,2023-02-24,192,Personal Care,55.89
SKU_006,2023-02-25,304,Personal Care,202.19
SKU_006,2023-02-26,246,Personal Care,187.45
SKU_006,2023-02-27,243,Personal Care,133.07
SKU_006,2023-02-28,198,Personal Care,408.46
SKU_006,2023-03-01,183,Personal Care,181.19
SKU_006,2023-03-02,190,Personal Care,248.58
SKU_006,2023-03-03,179,Personal Care,146.35
SKU_006,2023-03-04,257,Personal Care,202.28
SKU_006,2023-03-05,227,Personal Care,201.83
SKU_006,2023-03-06,201,Personal Care,498.5
SKU_006,2023-03-07,173,Personal Care,359.59
SKU_006,2023-03-08,195,Personal Care,240.98
SKU_006,2023-03-09,218,Personal Care,147.33
SKU_006,2023-03-10,185,Personal Care,274.26
SKU_006,2023-03-11,221,Personal Care,117.32
SKU_006,2023-03-12,218,Personal Care,360.91
SKU_006,2023-03-13,217,Personal Care,177.37
SKU_006,2023-03-14,206,Personal Care,497.39
SKU_006,2023-03-15,185,Personal Care,205.22
SKU_006,2023-03-16,171,Personal Care,296.42
SKU_006,2023-03-17,186,Personal Care,219.87
SKU_006,2023-03-18,247,Personal Care,168.79
SKU_006,2023-03-19,210,Personal Care,230.85
SKU_006,2023-03-20,179,Personal Care,58.69
SKU_006,2023-03-21,219,Personal Care,353.07
SKU_006,2023-03-22,208,Personal Care,110.41
SKU_006,2023-03-23,216,Personal Care,246.02
SKU_006,2023-03-24,205,Personal Care,76.99
SKU_006,2023-03-25,300,Personal Care,396.06
SKU_006,2023-03-26,237,Personal Care,84.82
SKU_006,2023-03-27,220,Personal Care,326.4
SKU_006,2023-03-28,249,Personal Care,56.94
SKU_006,2023-03-29,205,Personal Care,492.01
SKU_006,2023-03-30,245,Personal Care,246.99
SKU_006,2023-03-31,209,Personal Care,151.73
SKU_006,2023-04-01,235,Personal Care,60.11
SKU_006,2023-04-02,255,Personal Care,146.57
SKU_006,2023-04-03,213,Personal Care,286.76
SKU_006,2023-04-04,201,Personal Care,175.85
SKU_006,2023-04-05,177,Personal Care,366.47
SKU_006,2023-04-06,194,Personal Care,53.47
SKU_006,2023-04-07,215,Personal Care,307.51
SKU_006,2023-04-08,214,Personal Care,51.56
SKU_006,2023-04-09,211,Personal Care,430.48
SKU_006,2023-04-10,201,Personal Care,351.61
SKU_006,2023-04-11,196,Personal Care,211.69
SKU_006,2023-04-12,181,Personal Care,481.93
SKU_006,2023-04-13,174,Personal Care,103.52
SKU_006,2023-04-14,167,Personal Care,422.62
SKU_006,2023-04-15,264,Personal Care,436.17
SKU_006,2023-04-16,262,Personal Care,66.78
SKU_006,2023-04-17,209,Personal Care,373.15
SKU_006,2023-04-18,194,Personal Care,214.93
SKU_006,2023-04-19,200,Personal Care,130.96
SKU_006,2023-04-20,202,Personal Care,192.48
SKU_006,2023-04-21,218,Personal Care,400.37
SKU_006,2023-04-22,220,Personal Care,94.02
SKU_006,2023-04-23,197,Personal Care,120.74
SKU_006,2023-04-24,186,Personal Care,389.36
SKU_006,2023-04-25,248,Personal Care,212.96
SKU_006,2023-04-26,253,Personal Care,181.2
SKU_006,2023-04-27,217,Personal Care,447.79
SKU_006,2023-04-28,212,Personal Care,339.88
SKU_006,2023-04-29,281,Personal Care,157.89
SKU_006,2023-04-30,290,Personal Care,230.52
SKU_006,2023-05-01,174,Personal Care,277.54
SKU_006,2023-05-02,168,Personal Care,434.4
SKU_006,2023-05-03,208,Personal Care,450.23
SKU_006,2023-05-04,183,Personal Care,173.77
SKU_006,2023-05-05,174,Personal Care,269.68
SKU_006,2023-05-06,225,Personal Care,338.93
SKU_006,2023-05-07,227,Personal Care,420.64
SKU_006,2023-05-08,179,Personal Care,284.53
SKU_006,2023-05-09,195,Personal Care,146.36
SKU_006,2023-05-10,186,Personal Care,318.31
SKU_006,2023-05-11,207,Personal Care,462.84
SKU_006,2023-05-12,194,Personal Care,172.08
SKU_006,2023-05-13,206,Personal Care,95.06
SKU_006,2023-05-14,202,Personal Care,81.92
SKU_006,2023-05-15,186,Personal Care,256.17
SKU_006,2023-05-16,183,Personal Care,285.08
SKU_006,2023-05-17,185,Personal Care,475.8
SKU_006,2023-05-18,165,Personal Care,329.56
SKU_006,2023-05-19,199,Personal Care,480.01
SKU_006,2023-05-20,258,Personal Care,475.3
SKU_006,2023-05-21,245,Personal Care,393.22
SKU_006,2023-05-22,170,Personal Care,141.1
SKU_006,2023-05-23,195,Personal Care,271.45
SKU_006,2023-05-24,190,Personal Care,484.08
SKU_006,2023-05-25,228,Personal Care,323.25
SKU_006,2023-05-26,243,Personal Care,487.94
SKU_006,2023-05-27,275,Personal Care,323.06
SKU_006,2023-05-28,265,Personal Care,197.9
SKU_006,2023-05-29,210,Personal Care,414.64
SKU_006,2023-05-30,241,Personal Care,167.67
SKU_006,2023-05-31,200,Personal Care,173.26
SKU_006,2023-06-01,207,Personal Care,481.33
SKU_006,2023-06-02,184,Personal Care,249.63
SKU_006,2023-06-03,263,Personal Care,97.75
SKU_006,2023-06-04,222,Personal Care,78.37
SKU_006,2023-06-05,187,Personal Care,179.44
SKU_006,2023-06-06,221,Personal Care,50.91
SKU_006,2023-06-07,194,Personal Care,338.02
SKU_006,2023-06-08,197,Personal Care,410.44
SKU_006,2023-06-09,199,Personal Care,400.73
SKU_006,2023-06-10,259,Personal Care,256.21
SKU_006,2023-06-11,200,Personal Care,73.96
SKU_006,2023-06-12,171,Personal Care,214.85
SKU_006,2023-06-13,215,Personal Care,415.32
SKU_006,2023-06-14,171,Personal Care,380.62
SKU_006,2023-06-15,198,Personal Care,477.8
SKU_006,2023-06-16,199,Personal Care,485.1
SKU_006,2023-06-17,237,Personal Care,163.01
SKU_006,2023-06-18,224,Personal Care,473.11
SKU_006,2023-06-19,196,Personal Care,96.28
SKU_006,2023-06-20,181,Personal Care,463.56
SKU_006,2023-06-21,177,Personal Care,56.89
SKU_006,2023-06-22,185,Personal Care,288.42
SKU_006,2023-06-23,203,Personal Care,99.83
SKU_006,2023-06-24,225,Personal Care,285.96
SKU_006,2023-06-25,290,Personal Care,411.53
SKU_006,2023-06-26,210,Personal Care,486.48
SKU_006,2023-06-27,188,Personal Care,316.94
SKU_006,2023-06-28,204,Personal Care,325.34
SKU_006,2023-06-29,190,Personal Care,374.51
SKU_006,2023-06-30,209,Personal Care,222.78
SKU_006,2023-07-01,234,Personal Care,466.02
SKU_006,2023-07-02,198,Personal Care,435.46
SKU_006,2023-07-03,175,Personal Care,95.95
SKU_006,2023-07-04,172,Personal Care,309.67
SKU_006,2023-07-05,205,Personal Care,310.28
SKU_006,2023-07-06,179,Personal Care,466.57
SKU_006,2023-07-07,198,Personal Care,432.08
SKU_006,2023-07-08,263,Personal Care,265.12
SKU_006,2023-07-09,219,Personal Care,118.31
SKU_006,2023-07-10,168,Personal Care,70.62
SKU_006,2023-07-11,195,Personal Care,246.04
SKU_006,2023-07-12,188,Personal Care,396.58
SKU_006,2023-07-13,172,Personal Care,128.07
SKU_006,2023-07-14,214,Personal Care,115.11
SKU_006,2023-07-15,257,Personal Care,481.36
SKU_006,2023-07-16,205,Personal Care,499.79
SKU_006,2023-07-17,202,Personal Care,404.25
SKU_006,2023-07-18,184,Personal Care,57.43
SKU_006,2023-07-19,207,Personal Care,189.6
SKU_006,2023-07-20,201,Personal Care,341.88
SKU_006,2023-07-21,205,Personal Care,277.4
SKU_006,2023-07-22,230,Personal Care,471.68
SKU_006,2023-07-23,254,Personal Care,219.56
SKU_006,2023-07-24,184,Personal Care,420.52
SKU_006,2023-07-25,241,Personal Care,78.58
SKU_006,2023-07-26,234,Personal Care,323.23
SKU_006,2023-07-27,236,Personal Care,258.67
SKU_006,2023-07-28,248,Personal Care,368.42
SKU_006,2023-07-29,288,Personal Care,447.23
SKU_006,2023-07-30,267,Personal Care,167.31
SKU_006,2023-07-31,221,Personal Care,339.76
SKU_006,2023-08-01,196,Personal Care,216.13
SKU_006,2023-08-02,180,Personal Care,417.73
SKU_006,2023-08-03,196,Personal Care,295.82
SKU_006,2023-08-04,174,Personal Care,89.52
SKU_006,2023-08-05,209,Personal Care,401.97
SKU_006,2023-08-06,259,Personal Care,180.47
SKU_006,2023-08-07,179,Personal Care,168.2
SKU_006,2023-08-08,199,Personal Care,257.2
SKU_006,2023-08-09,174,Personal Care,414.92
SKU_006,2023-08-10,209,Personal Care,166.06
SKU_006,2023-08-11,195,Personal Care,109.65
SKU_006,2023-08-12,260,Personal Care,323.46
SKU_006,2023-08-13,226,Personal Care,329.36
SKU_006,2023-08-14,208,Personal Care,490.78
SKU_006,2023-08-15,191,Personal Care,291.22
SKU_006,2023-08-16,171,Personal Care,98.44
SKU_006,2023-08-17,169,Personal Care,103.08
SKU_006,2023-08-18,215,Personal Care,73.61
SKU_006,2023-08-19,254,Personal Care,112.32
SKU_006,2023-08-20,210,Personal Care,484.01
SKU_006,2023-08-21,203,Personal Care,76.64
SKU_006,2023-08-22,195,Personal Care,387.08
SKU_006,2023-08-23,184,Personal Care,471.5
SKU_006,2023-08-24,169,Personal Care,465.72
SKU_006,2023-08-25,233,Personal Care,157.06
SKU_006,2023-08-26,244,Personal Care,144.17
SKU_006,2023-08-27,297,Personal Care,446.49
SKU_006,2023-08-28,238,Personal Care,357.9
SKU_006,2023-08-29,217,Personal Care,269.24
SKU_006,2023-08-30,198,Personal Care,405.02
SKU_006,2023-08-31,227,Personal Care,298.99
SKU_006,2023-09-01,175,Personal Care,397.79
SKU_006,2023-09-02,239,Personal Care,473.33
SKU_006,2023-09-03,217,Personal Care,465.87
SKU_006,2023-09-04,170,Personal Care,259.99
SKU_006,2023-09-05,180,Personal Care,398.47
SKU_006,2023-09-06,166,Personal Care,173.36
SKU_006,2023-09-07,199,Personal Care,89.4
SKU_006,2023-09-08,217,Personal Care,251.67
SKU_006,2023-09-09,201,Personal Care,416.29
SKU_006,2023-09-10,200,Personal Care,415.97
SKU_006,2023-09-11,201,Personal Care,390.04
SKU_006,2023-09-12,179,Personal Care,116.94
SKU_006,2023-09-13,184,Personal Care,466.47
SKU_006,2023-09-14,179,Personal Care,334.02
SKU_006,2023-09-15,201,Personal Care,125.96
SKU_006,2023-09-16,201,Personal Care,491.82
SKU_006,2023-09-17,222,Personal Care,343.63
SKU_006,2023-09-18,212,Personal Care,129.44
SKU_006,2023-09-19,167,Personal Care,107.69
SKU_006,2023-09-20,216,Personal Care,66.12
SKU_006,2023-09-21,199,Personal Care,413.48
SKU_006,2023-09-22,170,Personal Care,169.65
SKU_006,2023-09-23,238,Personal Care,277.17
SKU_006,2023-09-24,197,Personal Care,483.56
SKU_006,2023-09-25,228,Personal Care,258.49
SKU_006,2023-09-26,216,Personal Care,485.87
SKU_006,2023-09-27,222,Personal Care,56.33
SKU_006,2023-09-28,254,Personal Care,461.86
SKU_006,2023-09-29,223,Personal Care,130.81
SKU_006,2023-09-30,227,Personal Care,217.62
SKU_006,2023-10-01,260,Personal Care,443.52
SKU_006,2023-10-02,271,Personal Care,306.26
SKU_006,2023-10-03,215,Personal Care,342.98
SKU_006,2023-10-04,225,Personal Care,260.47
SKU_006,2023-10-05,268,Personal Care,302.89
SKU_006,2023-10-06,223,Personal Care,390.79
SKU_006,2023-10-07,280,Personal Care,244.11
SKU_006,2023-10-08,417,Personal Care,328.39
SKU_006,2023-10-09,390,Personal Care,266.55
SKU_006,2023-10-10,355,Personal Care,66.45
SKU_006,2023-10-11,332,Personal Care,128.74
SKU_006,2023-10-12,364,Personal Care,486.22
SKU_006,2023-10-13,388,Personal Care,287.78
SKU_006,2023-10-14,514,Personal Care,460.97
SKU_006,2023-10-15,733,Personal Care,152.99
SKU_006,2023-10-16,214,Personal Care,344.82
SKU_006,2023-10-17,405,Personal Care,164.69
SKU_006,2023-10-18,376,Personal Care,245.09
SKU_006,2023-10-19,425,Personal Care,299.72
SKU_006,2023-10-20,386,Personal Care,179.87
SKU_006,2023-10-21,425,Personal Care,296.95
SKU_006,2023-10-22,466,Personal Care,442.49
SKU_006,2023-10-23,362,Personal Care,285.05
SKU_006,2023-10-24,671,Personal Care,440.23
SKU_006,2023-10-25,329,Personal Care,80.36
SKU_006,2023-10-26,264,Personal Care,91.06
SKU_006,2023-10-27,269,Personal Care,232.69
SKU_006,2023-10-28,360,Personal Care,348.81
SKU_006,2023-10-29,334,Personal Care,168.32
SKU_006,2023-10-30,257,Personal Care,285.06
SKU_006,2023-10-31,246,Personal Care,225.94
SKU_006,2023-11-01,267,Personal Care,332.59
SKU_006,2023-11-02,247,Personal Care,495.46
SKU_006,2023-11-03,269,Personal Care,424.55
SKU_006,2023-11-04,278,Personal Care,340.33
SKU_006,2023-11-05,344,Personal Care,94.58
SKU_006,2023-11-06,276,Personal Care,195.08
SKU_006,2023-11-07,273,Personal Care,246.86
SKU_006,2023-11-08,229,Personal Care,265.38
SKU_006,2023-11-09,213,Personal Care,72.4
SKU_006,2023-11-10,286,Personal Care,283.03
SKU_006,2023-11-11,338,Personal Care,105.29
SKU_006,2023-11-12,294,Personal Care,207.72
SKU_006,2023-11-13,224,Personal Care,62.64
SKU_006,2023-11-14,214,Personal Care,130.48
SKU_006,2023-11-15,252,Personal Care,208.66
SKU_006,2023-11-16,226,Personal Care,372.39
SKU_006,2023-11-17,255,Personal Care,192.42
SKU_006,2023-11-18,283,Personal Care,410.54
SKU_006,2023-11-19,305,Personal Care,414.25
SKU_006,2023-11-20,283,Personal Care,190.08
SKU_006,2023-11-21,238,Personal Care,285.88
SKU_006,2023-11-22,229,Personal Care,169.01
SKU_006,2023-11-23,276,Personal Care,447.32
SKU_006,2023-11-24,224,Personal Care,499.43
SKU_006,2023-11-25,392,Personal Care,171.99
SKU_006,2023-11-26,354,Personal Care,89.32
SKU_006,2023-11-27,321,Personal Care,385.77
SKU_006,2023-11-28,311,Personal Care,81.05
SKU_006,2023-11-29,245,Personal Care,196.45
SKU_006,2023-11-30,247,Personal Care,458.34
SKU_006,2023-12-01,276,Personal Care,198.88
SKU_006,2023-12-02,263,Personal Care,439.17
SKU_006,2023-12-03,268,Personal Care,302.55
SKU_006,2023-12-04,265,Personal Care,372.94
SKU_006,2023-12-05,219,Personal Care,314.86
SKU_006,2023-12-06,265,Personal Care,452.39
SKU_006,2023-12-07,241,Personal Care,157.11
SKU_006,2023-12-08,251,Personal Care,380.22
SKU_006,2023-12-09,269,Personal Care,88.4
SKU_006,2023-12-10,287,Personal Care,455.29
SKU_006,2023-12-11,242,Personal Care,63.17
SKU_006,2023-12-12,286,Personal Care,454.89
SKU_006,2023-12-13,271,Personal Care,93.62
SKU_006,2023-12-14,286,Personal Care,466.87
SKU_006,2023-12-15,249,Personal Care,282.49
SKU_006,2023-12-16,328,Personal Care,323.6
SKU_006,2023-12-17,286,Personal Care,485.58
SKU_006,2023-12-18,269,Personal Care,199.24
SKU_006,2023-12-19,229,Personal Care,435.86
SKU_006,2023-12-20,252,Personal Care,335.43
SKU_006,2023-12-21,234,Personal Care,407.28
SKU_006,2023-12-22,226,Personal Care,253.96
SKU_006,2023-12-23,304,Personal Care,139.79
SKU_006,2023-12-24,275,Personal Care,429.55
SKU_006,2023-12-25,319,Personal Care,383.97
SKU_006,2023-12-26,294,Personal Care,69.46
SKU_006,2023-12-27,330,Personal Care,165.5
SKU_006,2023-12-28,265,Personal Care,143.37
SKU_006,2023-12-29,253,Personal Care,104.17
SKU_006,2023-12-30,309,Personal Care,307.74
SKU_006,2023-12-31,335,Personal Care,180.57
SKU_006,2024-01-01,196,Personal Care,480.24
SKU_006,2024-01-02,207,Personal Care,251.33
SKU_006,2024-01-03,181,Personal Care,163.45
SKU_006,2024-01-04,206,Personal Care,192.39
SKU_006,2024-01-05,210,Personal Care,432.79
SKU_006,2024-01-06,226,Personal Care,487.83
SKU_006,2024-01-07,198,Personal Care,393.48
SKU_006,2024-01-08,294,Personal Care,410.47
SKU_006,2024-01-09,316,Personal Care,276.55
SKU_006,2024-01-10,280,Personal Care,340.91
SKU_006,2024-01-11,318,Personal Care,464.16
SKU_006,2024-01-12,312,Personal Care,362.78
SKU_006,2024-01-13,337,Personal Care,260.36
SKU_006,2024-01-14,371,Personal Care,400.32
SKU_006,2024-01-15,428,Personal Care,272.83
SKU_006,2024-01-16,194,Personal Care,172.27
SKU_006,2024-01-17,195,Personal Care,181.04
SKU_006,2024-01-18,173,Personal Care,385.42
SKU_006,2024-01-19,171,Personal Care,432.05
SKU_006,2024-01-20,243,Personal Care,163.09
SKU_006,2024-01-21,211,Personal Care,308.43
SKU_006,2024-01-22,181,Personal Care,371.64
SKU_006,2024-01-23,217,Personal Care,366.22
SKU_006,2024-01-24,181,Personal Care,367.89
SKU_006,2024-01-25,207,Personal Care,291.16
SKU_006,2024-01-26,195,Personal Care,316.81
SKU_006,2024-01-27,240,Personal Care,243.41
SKU_006,2024-01-28,283,Personal Care,365.85
SKU_006,2024-01-29,195,Personal Care,69.38
SKU_006,2024-01-30,239,Personal Care,462.15
SKU_006,2024-01-31,216,Personal Care,380.32
SKU_006,2024-02-01,191,Personal Care,439.95
SKU_006,2024-02-02,219,Personal Care,483.38
SKU_006,2024-02-03,244,Personal Care,209.12
SKU_006,2024-02-04,214,Personal Care,452.75
SKU_006,2024-02-05,179,Personal Care,79.21
SKU_006,2024-02-06,171,Personal Care,66.0
SKU_006,2024-02-07,211,Personal Care,441.92
SKU_006,2024-02-08,176,Personal Care,285.64
SKU_006,2024-02-09,180,Personal Care,473.78
SKU_006,2024-02-10,227,Personal Care,319.88
SKU_006,2024-02-11,232,Personal Care,75.76
SKU_006,2024-02-12,190,Personal Care,54.06
SKU_006,2024-02-13,188,Personal Care,403.36
SKU_006,2024-02-14,198,Personal Care,131.13
SKU_006,2024-02-15,187,Personal Care,490.99
SKU_006,2024-02-16,206,Personal Care,246.56
SKU_006,2024-02-17,211,Personal Care,187.93
SKU_006,2024-02-18,254,Personal Care,432.61
SKU_006,2024-02-19,198,Personal Care,137.28
SKU_006,2024-02-20,189,Personal Care,114.69
SKU_006,2024-02-21,204,Personal Care,360.27
SKU_006,2024-02-22,167,Personal Care,264.15
SKU_006,2024-02-23,198,Personal Care,461.61
SKU_006,2024-02-24,265,Personal Care,423.42
SKU_006,2024-02-25,260,Personal Care,108.76
SKU_006,2024-02-26,190,Personal Care,55.72
SKU_006,2024-02-27,225,Personal Care,487.63
SKU_006,2024-02-28,209,Personal Care,66.18
SKU_006,2024-02-29,197,Personal Care,371.31
SKU_006,2024-03-01,166,Personal Care,159.98
SKU_006,2024-03-02,252,Personal Care,318.13
SKU_006,2024-03-03,204,Personal Care,78.57
SKU_006,2024-03-04,165,Personal Care,426.86
SKU_006,2024-03-05,172,Personal Care,112.77
SKU_006,2024-03-06,166,Personal Care,202.32
SKU_006,2024-03-07,213,Personal Care,359.83
SKU_006,2024-03-08,201,Personal Care,371.38
SKU_006,2024-03-09,251,Personal Care,187.56
SKU_006,2024-03-10,211,Personal Care,101.86
SKU_006,2024-03-11,212,Personal Care,82.39
SKU_006,2024-03-12,175,Personal Care,147.58
SKU_006,2024-03-13,175,Personal Care,270.24
SKU_006,2024-03-14,179,Personal Care,273.58
SKU_006,2024-03-15,219,Personal Care,54.5
SKU_006,2024-03-16,233,Personal Care,243.48
SKU_006,2024-03-17,242,Personal Care,409.89
SKU_006,2024-03-18,177,Personal Care,333.51
SKU_006,2024-03-19,205,Personal Care,250.01
SKU_006,2024-03-20,212,Personal Care,125.69
SKU_006,2024-03-21,197,Personal Care,221.23
SKU_006,2024-03-22,181,Personal Care,398.85
SKU_006,2024-03-23,220,Personal Care,108.93
SKU_006,2024-03-24,225,Personal Care,232.75
SKU_006,2024-03-25,235,Personal Care,70.89
SKU_006,2024-03-26,233,Personal Care,207.55
SKU_006,2024-03-27,219,Personal Care,177.53
SKU_006,2024-03-28,246,Personal Care,317.42
SKU_006,2024-03-29,218,Personal Care,454.34
SKU_006,2024-03-30,242,Personal Care,476.25
SKU_006,2024-03-31,263,Personal Care,270.43
SKU_006,2024-04-01,201,Personal Care,307.3
SKU_006,2024-04-02,172,Personal Care,82.99
SKU_006,2024-04-03,213,Personal Care,108.92
SKU_006,2024-04-04,217,Personal Care,289.53
SKU_006,2024-04-05,188,Personal Care,455.95
SKU_006,2024-04-06,252,Personal Care,253.61
SKU_006,2024-04-07,213,Personal Care,147.28
SKU_006,2024-04-08,184,Personal Care,178.09
SKU_006,2024-04-09,207,Personal Care,243.79
SKU_006,2024-04-10,184,Personal Care,434.88
SKU_006,2024-04-11,198,Personal Care,332.4
SKU_006,2024-04-12,180,Personal Care,369.36
SKU_006,2024-04-13,211,Personal Care,152.3
SKU_006,2024-04-14,241,Personal Care,144.98
SKU_006,2024-04-15,190,Personal Care,80.4
SKU_006,2024-04-16,210,Personal Care,160.3
SKU_006,2024-04-17,208,Personal Care,273.37
SKU_006,2024-04-18,215,Personal Care,319.76
SKU_006,2024-04-19,179,Personal Care,187.02
SKU_006,2024-04-20,229,Personal Care,454.89
SKU_006,2024-04-21,219,Personal Care,298.31
SKU_006,2024-04-22,167,Personal Care,101.23
SKU_006,2024-04-23,173,Personal Care,243.95
SKU_006,2024-04-24,210,Personal Care,128.15
SKU_006,2024-04-25,235,Personal Care,59.83
SKU_006,2024-04-26,192,Personal Care,95.27
SKU_006,2024-04-27,266,Personal Care,164.86
SKU_006,2024-04-28,261,Personal Care,301.47
SKU_006,2024-04-29,217,Personal Care,460.3
SKU_006,2024-04-30,226,Personal Care,196.87
SKU_006,2024-05-01,193,Personal Care,252.14
SKU_006,2024-05-02,195,Personal Care,314.36
SKU_006,2024-05-03,187,Personal Care,239.22
SKU_006,2024-05-04,234,Personal Care,472.02
SKU_006,2024-05-05,208,Personal Care,343.66
SKU_006,2024-05-06,178,Personal Care,368.0
SKU_006,2024-05-07,200,Personal Care,278.15
SKU_006,2024-05-08,192,Personal Care,379.84
SKU_006,2024-05-09,213,Personal Care,233.5
SKU_006,2024-05-10,202,Personal Care,307.73
SKU_006,2024-05-11,224,Personal Care,369.28
SKU_006,2024-05-12,250,Personal Care,295.65
SKU_006,2024-05-13,211,Personal Care,470.71
SKU_006,2024-05-14,185,Personal Care,290.87
SKU_006,2024-05-15,215,Personal Care,461.55
SKU_006,2024-05-16,183,Personal Care,85.24
SKU_006,2024-05-17,173,Personal Care,58.49
SKU_006,2024-05-18,235,Personal Care,194.19
SKU_006,2024-05-19,200,Personal Care,491.79
SKU_006,2024-05-20,166,Personal Care,126.21
SKU_006,2024-05-21,212,Personal Care,181.55
SKU_006,2024-05-22,192,Personal Care,248.93
SKU_006,2024-05-23,172,Personal Care,373.4
SKU_006,2024-05-24,194,Personal Care,183.33
SKU_006,2024-05-25,236,Personal Care,453.78
SKU_006,2024-05-26,251,Personal Care,266.39
SKU_006,2024-05-27,224,Personal Care,445.96
SKU_006,2024-05-28,252,Personal Care,423.21
SKU_006,2024-05-29,200,Personal Care,85.74
SKU_006,2024-05-30,193,Personal Care,128.75
SKU_006,2024-05-31,221,Personal Care,273.65
SKU_006,2024-06-01,251,Personal Care,161.21
SKU_006,2024-06-02,244,Personal Care,199.6
SKU_006,2024-06-03,218,Personal Care,444.85
SKU_006,2024-06-04,201,Personal Care,492.46
SKU_006,2024-06-05,207,Personal Care,200.44
SKU_006,2024-06-06,179,Personal Care,300.19
SKU_006,2024-06-07,216,Personal Care,317.61
SKU_006,2024-06-08,247,Personal Care,469.07
SKU_006,2024-06-09,206,Personal Care,273.75
SKU_006,2024-06-10,211,Personal Care,81.53
SKU_006,2024-06-11,173,Personal Care,72.43
SKU_006,2024-06-12,215,Personal Care,250.08
SKU_006,2024-06-13,167,Personal Care,222.66
SKU_006,2024-06-14,193,Personal Care,190.49
SKU_006,2024-06-15,231,Personal Care,106.15
SKU_006,2024-06-16,210,Personal Care,374.85
SKU_006,2024-06-17,186,Personal Care,493.82
SKU_006,2024-06-18,213,Personal Care,200.43
SKU_006,2024-06-19,203,Personal Care,138.53
SKU_006,2024-06-20,203,Personal Care,348.78
SKU_006,2024-06-21,169,Personal Care,272.5
SKU_006,2024-06-22,254,Personal Care,462.05
SKU_006,2024-06-23,234,Personal Care,58.67
SKU_006,2024-06-24,196,Personal Care,459.7
SKU_006,2024-06-25,192,Personal Care,184.05
SKU_006,2024-06-26,244,Personal Care,394.81
SKU_006,2024-06-27,237,Personal Care,278.04
SKU_006,2024-06-28,212,Personal Care,460.78
SKU_006,2024-06-29,235,Personal Care,414.55
SKU_006,2024-06-30,274,Personal Care,252.17
SKU_006,2024-07-01,173,Personal Care,140.82
SKU_006,2024-07-02,171,Personal Care,269.12
SKU_006,2024-07-03,218,Personal Care,79.96
SKU_006,2024-07-04,171,Personal Care,144.25
SKU_006,2024-07-05,174,Personal Care,331.88
SKU_006,2024-07-06,245,Personal Care,405.64
SKU_006,2024-07-07,211,Personal Care,401.64
SKU_006,2024-07-08,180,Personal Care,73.2
SKU_006,2024-07-09,197,Personal Care,324.53
SKU_006,2024-07-10,166,Personal Care,465.99
SKU_006,2024-07-11,204,Personal Care,446.16
SKU_006,2024-07-12,198,Personal Care,197.28
SKU_006,2024-07-13,241,Personal Care,318.25
SKU_006,2024-07-14,210,Personal Care,87.32
SKU_006,2024-07-15,188,Personal Care,102.11
SKU_006,2024-07-16,210,Personal Care,64.59
SKU_006,2024-07-17,190,Personal Care,243.29
SKU_006,2024-07-18,220,Personal Care,100.64
SKU_006,2024-07-19,208,Personal Care,222.34
SKU_006,2024-07-20,250,Personal Care,474.02
SKU_006,2024-07-21,203,Personal Care,475.46
SKU_006,2024-07-22,180,Personal Care,209.9
SKU_006,2024-07-23,167,Personal Care,296.78
SKU_006,2024-07-24,180,Personal Care,366.21
SKU_006,2024-07-25,249,Personal Care,93.74
SKU_006,2024-07-26,246,Personal Care,485.04
SKU_006,2024-07-27,232,Personal Care,215.31
SKU_006,2024-07-28,227,Personal Care,230.73
SKU_006,2024-07-29,197,Personal Care,372.41
SKU_006,2024-07-30,197,Personal Care,162.24
SKU_006,2024-07-31,192,Personal Care,419.55
SKU_006,2024-08-01,179,Personal Care,308.64
SKU_006,2024-08-02,179,Personal Care,404.38
SKU_006,2024-08-03,248,Personal Care,465.69
SKU_006,2024-08-04,236,Personal Care,319.53
SKU_006,2024-08-05,164,Personal Care,123.65
SKU_006,2024-08-06,215,Personal Care,265.17
SKU_006,2024-08-07,191,Personal Care,376.24
SKU_006,2024-08-08,207,Personal Care,178.79
SKU_006,2024-08-09,173,Personal Care,113.95
SKU_006,2024-08-10,243,Personal Care,471.9
SKU_006,2024-08-11,228,Personal Care,104.86
SKU_006,2024-08-12,172,Personal Care,248.94
SKU_006,2024-08-13,173,Personal Care,165.01
SKU_006,2024-08-14,176,Personal Care,201.51
SKU_006,2024-08-15,210,Personal Care,448.9
SKU_006,2024-08-16,175,Personal Care,245.42
SKU_006,2024-08-17,245,Personal Care,186.65
SKU_006,2024-08-18,218,Personal Care,294.31
SKU_006,2024-08-19,190,Personal Care,155.79
SKU_006,2024-08-20,181,Personal Care,180.11
SKU_006,2024-08-21,168,Personal Care,211.35
SKU_006,2024-08-22,180,Personal Care,492.74
SKU_006,2024-08-23,181,Personal Care,112.28
SKU_006,2024-08-24,248,Personal Care,171.98
SKU_006,2024-08-25,275,Personal Care,460.04
SKU_006,2024-08-26,240,Personal Care,398.97
SKU_006,2024-08-27,204,Personal Care,409.99
SKU_006,2024-08-28,251,Personal Care,489.24
SKU_006,2024-08-29,234,Personal Care,270.43
SKU_006,2024-08-30,203,Personal Care,142.66
SKU_006,2024-08-31,273,Personal Care,493.55
SKU_006,2024-09-01,241,Personal Care,421.73
SKU_006,2024-09-02,173,Personal Care,174.66
SKU_006,2024-09-03,205,Personal Care,462.66
SKU_006,2024-09-04,164,Personal Care,480.86
SKU_006,2024-09-05,182,Personal Care,107.05
SKU_006,2024-09-06,171,Personal Care,203.72
SKU_006,2024-09-07,223,Personal Care,176.22
SKU_006,2024-09-08,216,Personal Care,323.95
SKU_006,2024-09-09,216,Personal Care,146.8
SKU_006,2024-09-10,194,Personal Care,286.45
SKU_006,2024-09-11,205,Personal Care,247.97
SKU_006,2024-09-12,173,Personal Care,99.19
SKU_006,2024-09-13,187,Personal Care,310.78
SKU_006,2024-09-14,207,Personal Care,244.02
SKU_006,2024-09-15,226,Personal Care,186.79
SKU_006,2024-09-16,181,Personal Care,215.04
SKU_006,2024-09-17,182,Personal Care,217.03
SKU_006,2024-09-18,189,Personal Care,460.41
SKU_006,2024-09-19,164,Personal Care,62.73
SKU_006,2024-09-20,170,Personal Care,224.36
SKU_006,2024-09-21,265,Personal Care,58.62
SKU_006,2024-09-22,255,Personal Care,112.56
SKU_006,2024-09-23,211,Personal Care,289.74
SKU_006,2024-09-24,197,Personal Care,417.86
SKU_006,2024-09-25,227,Personal Care,208.77
SKU_006,2024-09-26,241,Personal Care,248.88
SKU_006,2024-09-27,251,Personal Care,80.02
SKU_006,2024-09-28,265,Personal Care,97.32
SKU_006,2024-09-29,227,Personal Care,91.98
SKU_006,2024-09-30,191,Personal Care,73.81
SKU_006,2024-10-01,238,Personal Care,133.29
SKU_006,2024-10-02,242,Personal Care,473.33
SKU_006,2024-10-03,240,Personal Care,271.14
SKU_006,2024-10-04,284,Personal Care,270.14
SKU_006,2024-10-05,498,Personal Care,414.65
SKU_006,2024-10-06,460,Personal Care,319.39
SKU_006,2024-10-07,366,Personal Care,199.33
SKU_006,2024-10-08,395,Personal Care,301.59
SKU_006,2024-10-09,429,Personal Care,380.63
SKU_006,2024-10-10,351,Personal Care,281.72
SKU_006,2024-10-11,393,Personal Care,242.68
SKU_006,2024-10-12,817,Personal Care,330.94
SKU_006,2024-10-13,285,Personal Care,448.81
SKU_006,2024-10-14,221,Personal Care,68.64
SKU_006,2024-10-15,229,Personal Care,489.89
SKU_006,2024-10-16,243,Personal Care,371.12
SKU_006,2024-10-17,230,Personal Care,76.92
SKU_006,2024-10-18,244,Personal Care,252.06
SKU_006,2024-10-19,314,Personal Care,330.76
SKU_006,2024-10-20,335,Personal Care,260.3
SKU_006,2024-10-21,261,Personal Care,50.57
SKU_006,2024-10-22,281,Personal Care,125.76
SKU_006,2024-10-23,263,Personal Care,200.82
SKU_006,2024-10-24,272,Personal Care,495.27
SKU_006,2024-10-25,376,Personal Care,204.29
SKU_006,2024-10-26,518,Personal Care,373.31
SKU_006,2024-10-27,458,Personal Care,484.33
SKU_006,2024-10-28,424,Personal Care,104.12
SKU_006,2024-10-29,462,Personal Care,440.84
SKU_006,2024-10-30,387,Personal Care,494.11
SKU_006,2024-10-31,483,Personal Care,165.08
SKU_006,2024-11-01,570,Personal Care,378.33
SKU_006,2024-11-02,289,Personal Care,187.64
SKU_006,2024-11-03,273,Personal Care,450.77
SKU_006,2024-11-04,262,Personal Care,137.16
SKU_006,2024-11-05,229,Personal Care,155.93
SKU_006,2024-11-06,263,Personal Care,479.93
SKU_006,2024-11-07,217,Personal Care,363.05
SKU_006,2024-11-08,236,Personal Care,53.57
SKU_006,2024-11-09,329,Personal Care,408.16
SKU_006,2024-11-10,290,Personal Care,427.93
SKU_006,2024-11-11,244,Personal Care,379.23
SKU_006,2024-11-12,260,Personal Care,141.58
SKU_006,2024-11-13,229,Personal Care,329.64
SKU_006,2024-11-14,244,Personal Care,143.06
SKU_006,2024-11-15,247,Personal Care,406.0
SKU_006,2024-11-16,263,Personal Care,181.51
SKU_006,2024-11-17,267,Personal Care,466.96
SKU_006,2024-11-18,246,Personal Care,105.9
SKU_006,2024-11-19,237,Personal Care,158.68
SKU_006,2024-11-20,277,Personal Care,79.99
SKU_006,2024-11-21,240,Personal Care,173.18
SKU_006,2024-11-22,219,Personal Care,241.68
SKU_006,2024-11-23,342,Personal Care,52.32
SKU_006,2024-11-24,294,Personal Care,83.0
SKU_006,2024-11-25,259,Personal Care,461.68
SKU_006,2024-11-26,328,Personal Care,255.71
SKU_006,2024-11-27,265,Personal Care,325.08
SKU_006,2024-11-28,250,Personal Care,152.51
SKU_006,2024-11-29,253,Personal Care,107.71
SKU_006,2024-11-30,317,Personal Care,445.55
SKU_006,2024-12-01,336,Personal Care,210.72
SKU_006,2024-12-02,248,Personal Care,307.71
SKU_006,2024-12-03,276,Personal Care,461.74
SKU_006,2024-12-04,244,Personal Care,350.97
SKU_006,2024-12-05,261,Personal Care,96.34
SKU_006,2024-12-06,284,Personal Care,417.24
SKU_006,2024-12-07,334,Personal Care,150.84
SKU_006,2024-12-08,259,Personal Care,193.28
SKU_006,2024-12-09,217,Personal Care,274.81
SKU_006,2024-12-10,261,Personal Care,178.15
SKU_006,2024-12-11,236,Personal Care,401.97
SKU_006,2024-12-12,232,Personal Care,233.39
SKU_006,2024-12-13,243,Personal Care,256.62
SKU_006,2024-12-14,276,Personal Care,441.93
SKU_006,2024-12-15,345,Personal Care,492.83
SKU_006,2024-12-16,269,Personal Care,102.86
SKU_006,2024-12-17,242,Personal Care,480.72
SKU_006,2024-12-18,262,Personal Care,354.26
SKU_006,2024-12-19,280,Personal Care,249.46
SKU_006,2024-12-20,228,Personal Care,316.26
SKU_006,2024-12-21,298,Personal Care,144.22
SKU_006,2024-12-22,317,Personal Care,100.66
SKU_006,2024-12-23,213,Personal Care,496.88
SKU_006,2024-12-24,287,Personal Care,266.92
SKU_006,2024-12-25,256,Personal Care,177.3
SKU_006,2024-12-26,284,Personal Care,200.25
SKU_006,2024-12-27,297,Personal Care,68.89
SKU_006,2024-12-28,359,Personal Care,403.31
SKU_006,2024-12-29,397,Personal Care,328.24
SKU_006,2024-12-30,264,Personal Care,154.53
SKU_006,2024-12-31,261,Personal Care,298.49
SKU_007,2023-01-01,178,Beverage,224.63
SKU_007,2023-01-02,170,Beverage,155.65
SKU_007,2023-01-03,147,Beverage,426.18
SKU_007,2023-01-04,162,Beverage,314.06
SKU_007,2023-01-05,172,Beverage,395.13
SKU_007,2023-01-06,144,Beverage,227.26
SKU_007,2023-01-07,207,Beverage,381.37
SKU_007,2023-01-08,205,Beverage,305.78
SKU_007,2023-01-09,129,Beverage,153.65
SKU_007,2023-01-10,151,Beverage,484.91
SKU_007,2023-01-11,140,Beverage,230.87
SKU_007,2023-01-12,164,Beverage,371.72
SKU_007,2023-01-13,138,Beverage,331.57
SKU_007,2023-01-14,183,Beverage,464.39
SKU_007,2023-01-15,162,Beverage,103.15
SKU_007,2023-01-16,158,Beverage,395.21
SKU_007,2023-01-17,137,Beverage,391.43
SKU_007,2023-01-18,156,Beverage,117.77
SKU_007,2023-01-19,161,Beverage,153.94
SKU_007,2023-01-20,160,Beverage,67.0
SKU_007,2023-01-21,176,Beverage,215.73
SKU_007,2023-01-22,156,Beverage,131.95
SKU_007,2023-01-23,167,Beverage,277.85
SKU_007,2023-01-24,130,Beverage,387.59
SKU_007,2023-01-25,163,Beverage,250.25
SKU_007,2023-01-26,159,Beverage,122.16
SKU_007,2023-01-27,149,Beverage,178.64
SKU_007,2023-01-28,210,Beverage,330.82
SKU_007,2023-01-29,191,Beverage,441.72
SKU_007,2023-01-30,148,Beverage,419.75
SKU_007,2023-01-31,185,Beverage,216.44
SKU_007,2023-02-01,151,Beverage,375.35
SKU_007,2023-02-02,164,Beverage,401.85
SKU_007,2023-02-03,166,Beverage,215.09
SKU_007,2023-02-04,176,Beverage,446.64
SKU_007,2023-02-05,160,Beverage,283.85
SKU_007,2023-02-06,163,Beverage,416.14
SKU_007,2023-02-07,155,Beverage,306.63
SKU_007,2023-02-08,131,Beverage,88.73
SKU_007,2023-02-09,151,Beverage,206.17
SKU_007,2023-02-10,155,Beverage,231.07
SKU_007,2023-02-11,170,Beverage,272.08
SKU_007,2023-02-12,202,Beverage,334.11
SKU_007,2023-02-13,135,Beverage,419.06
SKU_007,2023-02-14,162,Beverage,233.52
SKU_007,2023-02-15,152,Beverage,337.45
SKU_007,2023-02-16,140,Beverage,170.03
SKU_007,2023-02-17,163,Beverage,275.3
SKU_007,2023-02-18,195,Beverage,136.98
SKU_007,2023-02-19,178,Beverage,237.85
SKU_007,2023-02-20,169,Beverage,349.54
SKU_007,2023-02-21,146,Beverage,128.65
SKU_007,2023-02-22,170,Beverage,403.84
SKU_007,2023-02-23,169,Beverage,332.41
SKU_007,2023-02-24,163,Beverage,443.41
SKU_007,2023-02-25,179,Beverage,498.48
SKU_007,2023-02-26,191,Beverage,82.73
SKU_007,2023-02-27,166,Beverage,228.07
SKU_007,2023-02-28,173,Beverage,347.18
SKU_007,2023-03-01,167,Beverage,219.6
SKU_007,2023-03-02,167,Beverage,488.05
SKU_007,2023-03-03,137,Beverage,480.46
SKU_007,2023-03-04,157,Beverage,483.74
SKU_007,2023-03-05,173,Beverage,131.67
SKU_007,2023-03-06,173,Beverage,223.96
SKU_007,2023-03-07,129,Beverage,121.39
SKU_007,2023-03-08,155,Beverage,298.26
SKU_007,2023-03-09,146,Beverage,385.61
SKU_007,2023-03-10,131,Beverage,449.85
SKU_007,2023-03-11,169,Beverage,364.69
SKU_007,2023-03-12,203,Beverage,163.95
SKU_007,2023-03-13,143,Beverage,294.37
SKU_007,2023-03-14,141,Beverage,181.87
SKU_007,2023-03-15,147,Beverage,80.39
SKU_007,2023-03-16,136,Beverage,202.31
SKU_007,2023-03-17,172,Beverage,361.47
SKU_007,2023-03-18,170,Beverage,381.59
SKU_007,2023-03-19,155,Beverage,168.43
SKU_007,2023-03-20,151,Beverage,319.11
SKU_007,2023-03-21,148,Beverage,484.23
SKU_007,2023-03-22,153,Beverage,355.55
SKU_007,2023-03-23,144,Beverage,113.27
SKU_007,2023-03-24,156,Beverage,417.92
SKU_007,2023-03-25,183,Beverage,332.19
SKU_007,2023-03-26,199,Beverage,400.61
SKU_007,2023-03-27,149,Beverage,276.91
SKU_007,2023-03-28,191,Beverage,396.57
SKU_007,2023-03-29,194,Beverage,138.92
SKU_007,2023-03-30,190,Beverage,465.05
SKU_007,2023-03-31,184,Beverage,297.84
SKU_007,2023-04-01,187,Beverage,432.19
SKU_007,2023-04-02,201,Beverage,438.04
SKU_007,2023-04-03,152,Beverage,313.89
SKU_007,2023-04-04,169,Beverage,76.2
SKU_007,2023-04-05,167,Beverage,472.32
SKU_007,2023-04-06,160,Beverage,116.12
SKU_007,2023-04-07,133,Beverage,374.41
SKU_007,2023-04-08,181,Beverage,80.0
SKU_007,2023-04-09,167,Beverage,130.98
SKU_007,2023-04-10,132,Beverage,222.01
SKU_007,2023-04-11,141,Beverage,362.01
SKU_007,2023-04-12,141,Beverage,480.37
SKU_007,2023-04-13,145,Beverage,50.43
SKU_007,2023-04-14,148,Beverage,434.73
SKU_007,2023-04-15,198,Beverage,191.22
SKU_007,2023-04-16,182,Beverage,185.42
SKU_007,2023-04-17,153,Beverage,56.42
SKU_007,2023-04-18,142,Beverage,438.17
SKU_007,2023-04-19,166,Beverage,409.09
SKU_007,2023-04-20,130,Beverage,391.57
SKU_007,2023-04-21,167,Beverage,161.56
SKU_007,2023-04-22,168,Beverage,347.3
SKU_007,2023-04-23,182,Beverage,111.54
SKU_007,2023-04-24,145,Beverage,168.9
SKU_007,2023-04-25,166,Beverage,126.29
SKU_007,2023-04-26,156,Beverage,387.93
SKU_007,2023-04-27,177,Beverage,299.54
SKU_007,2023-04-28,159,Beverage,372.62
SKU_007,2023-04-29,200,Beverage,428.7
SKU_007,2023-04-30,232,Beverage,310.07
SKU_007,2023-05-01,164,Beverage,189.55
SKU_007,2023-05-02,155,Beverage,231.35
SKU_007,2023-05-03,159,Beverage,205.59
SKU_007,2023-05-04,132,Beverage,464.81
SKU_007,2023-05-05,160,Beverage,182.14
SKU_007,2023-05-06,166,Beverage,109.79
SKU_007,2023-05-07,162,Beverage,67.14
SKU_007,2023-05-08,159,Beverage,376.26
SKU_007,2023-05-09,150,Beverage,249.78
SKU_007,2023-05-10,167,Beverage,255.09
SKU_007,2023-05-11,168,Beverage,358.55
SKU_007,2023-05-12,136,Beverage,481.74
SKU_007,2023-05-13,155,Beverage,462.0
SKU_007,2023-05-14,158,Beverage,266.01
SKU_007,2023-05-15,172,Beverage,132.98
SKU_007,2023-05-16,130,Beverage,406.18
SKU_007,2023-05-17,154,Beverage,349.49
SKU_007,2023-05-18,153,Beverage,237.53
SKU_007,2023-05-19,159,Beverage,98.22
SKU_007,2023-05-20,156,Beverage,406.22
SKU_007,2023-05-21,193,Beverage,415.09
SKU_007,2023-05-22,157,Beverage,302.5
SKU_007,2023-05-23,139,Beverage,188.67
SKU_007,2023-05-24,167,Beverage,337.02
SKU_007,2023-05-25,174,Beverage,177.07
SKU_007,2023-05-26,185,Beverage,252.77
SKU_007,2023-05-27,212,Beverage,137.08
SKU_007,2023-05-28,184,Beverage,353.18
SKU_007,2023-05-29,190,Beverage,464.65
SKU_007,2023-05-30,153,Beverage,335.25
SKU_007,2023-05-31,183,Beverage,57.64
SKU_007,2023-06-01,143,Beverage,89.37
SKU_007,2023-06-02,160,Beverage,174.72
SKU_007,2023-06-03,173,Beverage,473.36
SKU_007,2023-06-04,197,Beverage,411.31
SKU_007,2023-06-05,158,Beverage,340.89
SKU_007,2023-06-06,164,Beverage,492.52
SKU_007,2023-06-07,152,Beverage,484.2
SKU_007,2023-06-08,139,Beverage,172.57
SKU_007,2023-06-09,147,Beverage,196.68
SKU_007,2023-06-10,170,Beverage,308.02
SKU_007,2023-06-11,187,Beverage,334.0
SKU_007,2023-06-12,140,Beverage,180.07
SKU_007,2023-06-13,141,Beverage,487.91
SKU_007,2023-06-14,161,Beverage,177.11
SKU_007,2023-06-15,172,Beverage,211.75
SKU_007,2023-06-16,152,Beverage,495.68
SKU_007,2023-06-17,169,Beverage,411.1
SKU_007,2023-06-18,194,Beverage,75.81
SKU_007,2023-06-19,170,Beverage,117.56
SKU_007,2023-06-20,157,Beverage,103.04
SKU_007,2023-06-21,167,Beverage,101.09
SKU_007,2023-06-22,165,Beverage,385.17
SKU_007,2023-06-23,134,Beverage,420.15
SKU_007,2023-06-24,161,Beverage,455.93
SKU_007,2023-06-25,214,Beverage,317.36
SKU_007,2023-06-26,159,Beverage,261.04
SKU_007,2023-06-27,155,Beverage,474.89
SKU_007,2023-06-28,154,Beverage,486.75
SKU_007,2023-06-29,177,Beverage,355.41
SKU_007,2023-06-30,160,Beverage,144.08
SKU_007,2023-07-01,170,Beverage,406.18
SKU_007,2023-07-02,188,Beverage,359.93
SKU_007,2023-07-03,129,Beverage,351.26
SKU_007,2023-07-04,146,Beverage,173.66
SKU_007,2023-07-05,129,Beverage,467.78
SKU_007,2023-07-06,168,Beverage,489.27
SKU_007,2023-07-07,139,Beverage,484.21
SKU_007,2023-07-08,186,Beverage,159.62
SKU_007,2023-07-09,203,Beverage,360.66
SKU_007,2023-07-10,168,Beverage,469.6
SKU_007,2023-07-11,150,Beverage,167.74
SKU_007,2023-07-12,170,Beverage,486.98
SKU_007,2023-07-13,155,Beverage,264.11
SKU_007,2023-07-14,129,Beverage,74.89
SKU_007,2023-07-15,154,Beverage,258.83
SKU_007,2023-07-16,161,Beverage,442.89
SKU_007,2023-07-17,138,Beverage,331.21
SKU_007,2023-07-18,150,Beverage,498.26
SKU_007,2023-07-19,155,Beverage,75.77
SKU_007,2023-07-20,134,Beverage,483.06
SKU_007,2023-07-21,130,Beverage,91.23
SKU_007,2023-07-22,193,Beverage,58.62
SKU_007,2023-07-23,155,Beverage,278.28
SKU_007,2023-07-24,149,Beverage,268.93
SKU_007,2023-07-25,193,Beverage,278.44
SKU_007,2023-07-26,154,Beverage,292.45
SKU_007,2023-07-27,187,Beverage,381.01
SKU_007,2023-07-28,164,Beverage,144.99
SKU_007,2023-07-29,190,Beverage,427.72
SKU_007,2023-07-30,203,Beverage,344.38
SKU_007,2023-07-31,184,Beverage,296.52
SKU_007,2023-08-01,139,Beverage,257.48
SKU_007,2023-08-02,150,Beverage,389.55
SKU_007,2023-08-03,135,Beverage,378.47
SKU_007,2023-08-04,147,Beverage,468.53
SKU_007,2023-08-05,167,Beverage,203.09
SKU_007,2023-08-06,206,Beverage,154.72
SKU_007,2023-08-07,148,Beverage,335.08
SKU_007,2023-08-08,158,Beverage,482.85
SKU_007,2023-08-09,155,Beverage,408.92
SKU_007,2023-08-10,139,Beverage,402.93
SKU_007,2023-08-11,170,Beverage,159.47
SKU_007,2023-08-12,164,Beverage,475.8
SKU_007,2023-08-13,190,Beverage,494.12
SKU_007,2023-08-14,133,Beverage,63.36
SKU_007,2023-08-15,148,Beverage,204.21
SKU_007,2023-08-16,140,Beverage,357.45
SKU_007,2023-08-17,131,Beverage,203.47
SKU_007,2023-08-18,159,Beverage,74.08
SKU_007,2023-08-19,158,Beverage,185.98
SKU_007,2023-08-20,163,Beverage,374.0
SKU_007,2023-08-21,131,Beverage,373.71
SKU_007,2023-08-22,154,Beverage,146.77
SKU_007,2023-08-23,140,Beverage,161.21
SKU_007,2023-08-24,163,Beverage,244.55
SKU_007,2023-08-25,174,Beverage,301.96
SKU_007,2023-08-26,222,Beverage,418.76
SKU_007,2023-08-27,238,Beverage,119.2
SKU_007,2023-08-28,180,Beverage,488.66
SKU_007,2023-08-29,190,Beverage,113.86
SKU_007,2023-08-30,157,Beverage,372.72
SKU_007,2023-08-31,159,Beverage,152.46
SKU_007,2023-09-01,158,Beverage,364.83
SKU_007,2023-09-02,207,Beverage,476.59
SKU_007,2023-09-03,190,Beverage,294.76
SKU_007,2023-09-04,164,Beverage,317.49
SKU_007,2023-09-05,139,Beverage,112.75
SKU_007,2023-09-06,131,Beverage,357.5
SKU_007,2023-09-07,135,Beverage,301.74
SKU_007,2023-09-08,133,Beverage,244.25
SKU_007,2023-09-09,156,Beverage,180.24
SKU_007,2023-09-10,199,Beverage,439.02
SKU_007,2023-09-11,157,Beverage,204.87
SKU_007,2023-09-12,141,Beverage,330.8
SKU_007,2023-09-13,161,Beverage,182.11
SKU_007,2023-09-14,131,Beverage,125.78
SKU_007,2023-09-15,170,Beverage,263.88
SKU_007,2023-09-16,173,Beverage,191.96
SKU_007,2023-09-17,159,Beverage,108.81
SKU_007,2023-09-18,144,Beverage,63.82
SKU_007,2023-09-19,150,Beverage,293.47
SKU_007,2023-09-20,137,Beverage,52.2
SKU_007,2023-09-21,158,Beverage,96.14
SKU_007,2023-09-22,129,Beverage,381.39
SKU_007,2023-09-23,199,Beverage,367.36
SKU_007,2023-09-24,167,Beverage,371.03
SKU_007,2023-09-25,176,Beverage,351.47
SKU_007,2023-09-26,159,Beverage,160.45
SKU_007,2023-09-27,159,Beverage,244.39
SKU_007,2023-09-28,187,Beverage,60.0
SKU_007,2023-09-29,149,Beverage,123.87
SKU_007,2023-09-30,192,Beverage,208.88
SKU_007,2023-10-01,203,Beverage,193.68
SKU_007,2023-10-02,221,Beverage,398.25
SKU_007,2023-10-03,180,Beverage,348.23
SKU_007,2023-10-04,216,Beverage,52.17
SKU_007,2023-10-05,206,Beverage,77.19
SKU_007,2023-10-06,183,Beverage,345.35
SKU_007,2023-10-07,250,Beverage,415.2
SKU_007,2023-10-08,320,Beverage,341.28
SKU_007,2023-10-09,328,Beverage,444.28
SKU_007,2023-10-10,291,Beverage,300.45
SKU_007,2023-10-11,302,Beverage,435.99
SKU_007,2023-10-12,338,Beverage,270.25
SKU_007,2023-10-13,325,Beverage,455.33
SKU_007,2023-10-14,335,Beverage,139.68
SKU_007,2023-10-15,565,Beverage,198.02
SKU_007,2023-10-16,205,Beverage,214.32
SKU_007,2023-10-17,306,Beverage,86.88
SKU_007,2023-10-18,273,Beverage,422.37
SKU_007,2023-10-19,262,Beverage,91.48
SKU_007,2023-10-20,258,Beverage,81.05
SKU_007,2023-10-21,329,Beverage,357.53
SKU_007,2023-10-22,399,Beverage,121.54
SKU_007,2023-10-23,315,Beverage,374.6
SKU_007,2023-10-24,540,Beverage,296.52
SKU_007,2023-10-25,214,Beverage,376.24
SKU_007,2023-10-26,213,Beverage,182.51
SKU_007,2023-10-27,229,Beverage,100.61
SKU_007,2023-10-28,262,Beverage,301.03
SKU_007,2023-10-29,236,Beverage,401.23
SKU_007,2023-10-30,222,Beverage,294.63
SKU_007,2023-10-31,222,Beverage,140.25
SKU_007,2023-11-01,222,Beverage,422.7
SKU_007,2023-11-02,224,Beverage,83.22
SKU_007,2023-11-03,205,Beverage,335.83
SKU_007,2023-11-04,231,Beverage,51.59
SKU_007,2023-11-05,264,Beverage,354.5
SKU_007,2023-11-06,221,Beverage,115.0
SKU_007,2023-11-07,215,Beverage,437.42
SKU_007,2023-11-08,213,Beverage,118.8
SKU_007,2023-11-09,186,Beverage,400.81
SKU_007,2023-11-10,169,Beverage,244.34
SKU_007,2023-11-11,225,Beverage,350.45
SKU_007,2023-11-12,264,Beverage,120.69
SKU_007,2023-11-13,209,Beverage,168.88
SKU_007,2023-11-14,175,Beverage,398.93
SKU_007,2023-11-15,198,Beverage,374.02
SKU_007,2023-11-16,201,Beverage,299.53
SKU_007,2023-11-17,211,Beverage,459.14
SKU_007,2023-11-18,251,Beverage,281.64
SKU_007,2023-11-19,205,Beverage,134.15
SKU_007,2023-11-20,203,Beverage,446.71
SKU_007,2023-11-21,212,Beverage,171.18
SKU_007,2023-11-22,186,Beverage,300.2
SKU_007,2023-11-23,188,Beverage,200.36
SKU_007,2023-11-24,197,Beverage,451.02
SKU_007,2023-11-25,236,Beverage,455.76
SKU_007,2023-11-26,239,Beverage,205.42
SKU_007,2023-11-27,259,Beverage,132.42
SKU_007,2023-11-28,224,Beverage,485.42
SKU_007,2023-11-29,204,Beverage,130.61
SKU_007,2023-11-30,248,Beverage,357.74
SKU_007,2023-12-01,170,Beverage,177.62
SKU_007,2023-12-02,229,Beverage,117.09
SKU_007,2023-12-03,225,Beverage,225.09
SKU_007,2023-12-04,200,Beverage,133.87
SKU_007,2023-12-05,203,Beverage,330.98
SKU_007,2023-12-06,220,Beverage,447.23
SKU_007,2023-12-07,224,Beverage,466.56
SKU_007,2023-12-08,172,Beverage,218.0
SKU_007,2023-12-09,253,Beverage,276.06
SKU_007,2023-12-10,259,Beverage,363.29
SKU_007,2023-12-11,180,Beverage,276.02
SKU_007,2023-12-12,204,Beverage,365.51
SKU_007,2023-12-13,187,Beverage,335.03
SKU_007,2023-12-14,178,Beverage,371.41
SKU_007,2023-12-15,186,Beverage,87.83
SKU_007,2023-12-16,211,Beverage,168.98
SKU_007,2023-12-17,264,Beverage,401.37
SKU_007,2023-12-18,178,Beverage,197.45
SKU_007,2023-12-19,218,Beverage,375.75
SKU_007,2023-12-20,203,Beverage,467.56
SKU_007,2023-12-21,172,Beverage,421.78
SKU_007,2023-12-22,187,Beverage,457.5
SKU_007,2023-12-23,250,Beverage,422.79
SKU_007,2023-12-24,200,Beverage,480.49
SKU_007,2023-12-25,243,Beverage,127.37
SKU_007,2023-12-26,239,Beverage,235.83
SKU_007,2023-12-27,235,Beverage,311.34
SKU_007,2023-12-28,197,Beverage,127.88
SKU_007,2023-12-29,239,Beverage,236.14
SKU_007,2023-12-30,305,Beverage,191.29
SKU_007,2023-12-31,236,Beverage,73.06
SKU_007,2024-01-01,160,Beverage,123.16
SKU_007,2024-01-02,164,Beverage,428.83
SKU_007,2024-01-03,134,Beverage,434.5
SKU_007,2024-01-04,172,Beverage,279.27
SKU_007,2024-01-05,148,Beverage,56.7
SKU_007,2024-01-06,177,Beverage,101.22
SKU_007,2024-01-07,177,Beverage,318.41
SKU_007,2024-01-08,195,Beverage,416.73
SKU_007,2024-01-09,238,Beverage,387.92
SKU_007,2024-01-10,250,Beverage,203.61
SKU_007,2024-01-11,233,Beverage,75.25
SKU_007,2024-01-12,213,Beverage,165.6
SKU_007,2024-01-13,244,Beverage,99.6
SKU_007,2024-01-14,255,Beverage,108.59
SKU_007,2024-01-15,360,Beverage,474.06
SKU_007,2024-01-16,133,Beverage,64.83
SKU_007,2024-01-17,154,Beverage,475.66
SKU_007,2024-01-18,170,Beverage,252.03
SKU_007,2024-01-19,149,Beverage,58.35
SKU_007,2024-01-20,189,Beverage,95.21
SKU_007,2024-01-21,203,Beverage,367.26
SKU_007,2024-01-22,162,Beverage,484.89
SKU_007,2024-01-23,145,Beverage,141.23
SKU_007,2024-01-24,172,Beverage,377.34
SKU_007,2024-01-25,153,Beverage,265.31
SKU_007,2024-01-26,198,Beverage,452.23
SKU_007,2024-01-27,237,Beverage,313.1
SKU_007,2024-01-28,237,Beverage,210.14
SKU_007,2024-01-29,177,Beverage,264.63
SKU_007,2024-01-30,173,Beverage,158.26
SKU_007,2024-01-31,189,Beverage,391.13
SKU_007,2024-02-01,144,Beverage,261.06
SKU_007,2024-02-02,132,Beverage,486.43
SKU_007,2024-02-03,186,Beverage,408.03
SKU_007,2024-02-04,161,Beverage,197.98
SKU_007,2024-02-05,141,Beverage,195.37
SKU_007,2024-02-06,146,Beverage,193.78
SKU_007,2024-02-07,136,Beverage,482.57
SKU_007,2024-02-08,151,Beverage,380.11
SKU_007,2024-02-09,129,Beverage,220.45
SKU_007,2024-02-10,179,Beverage,199.74
SKU_007,2024-02-11,188,Beverage,129.65
SKU_007,2024-02-12,171,Beverage,153.44
SKU_007,2024-02-13,131,Beverage,375.56
SKU_007,2024-02-14,139,Beverage,181.68
SKU_007,2024-02-15,162,Beverage,104.53
SKU_007,2024-02-16,139,Beverage,304.15
SKU_007,2024-02-17,188,Beverage,412.56
SKU_007,2024-02-18,189,Beverage,342.0
SKU_007,2024-02-19,131,Beverage,75.63
SKU_007,2024-02-20,152,Beverage,328.9
SKU_007,2024-02-21,162,Beverage,288.95
SKU_007,2024-02-22,156,Beverage,179.44
SKU_007,2024-02-23,131,Beverage,334.51
SKU_007,2024-02-24,178,Beverage,131.4
SKU_007,2024-02-25,190,Beverage,332.61
SKU_007,2024-02-26,179,Beverage,296.33
SKU_007,2024-02-27,172,Beverage,376.79
SKU_007,2024-02-28,150,Beverage,445.63
SKU_007,2024-02-29,188,Beverage,171.25
SKU_007,2024-03-01,130,Beverage,336.76
SKU_007,2024-03-02,188,Beverage,493.27
SKU_007,2024-03-03,165,Beverage,250.53
SKU_007,2024-03-04,134,Beverage,140.16
SKU_007,2024-03-05,130,Beverage,124.04
SKU_007,2024-03-06,157,Beverage,143.33
SKU_007,2024-03-07,167,Beverage,53.13
SKU_007,2024-03-08,152,Beverage,496.94
SKU_007,2024-03-09,188,Beverage,213.75
SKU_007,2024-03-10,186,Beverage,181.78
SKU_007,2024-03-11,137,Beverage,441.7
SKU_007,2024-03-12,172,Beverage,194.63
SKU_007,2024-03-13,134,Beverage,423.44
SKU_007,2024-03-14,137,Beverage,316.31
SKU_007,2024-03-15,142,Beverage,165.71
SKU_007,2024-03-16,156,Beverage,327.2
SKU_007,2024-03-17,196,Beverage,312.99
SKU_007,2024-03-18,149,Beverage,450.19
SKU_007,2024-03-19,131,Beverage,355.8
SKU_007,2024-03-20,130,Beverage,369.36
SKU_007,2024-03-21,144,Beverage,298.82
SKU_007,2024-03-22,128,Beverage,181.38
SKU_007,2024-03-23,154,Beverage,355.68
SKU_007,2024-03-24,178,Beverage,204.97
SKU_007,2024-03-25,183,Beverage,369.16
SKU_007,2024-03-26,160,Beverage,376.91
SKU_007,2024-03-27,192,Beverage,78.45
SKU_007,2024-03-28,166,Beverage,210.31
SKU_007,2024-03-29,190,Beverage,327.03
SKU_007,2024-03-30,206,Beverage,88.21
SKU_007,2024-03-31,230,Beverage,93.86
SKU_007,2024-04-01,171,Beverage,288.49
SKU_007,2024-04-02,170,Beverage,347.87
SKU_007,2024-04-03,165,Beverage,244.54
SKU_007,2024-04-04,138,Beverage,323.49
SKU_007,2024-04-05,172,Beverage,148.05
SKU_007,2024-04-06,161,Beverage,211.87
SKU_007,2024-04-07,205,Beverage,130.97
SKU_007,2024-04-08,153,Beverage,175.41
SKU_007,2024-04-09,153,Beverage,458.62
SKU_007,2024-04-10,164,Beverage,399.61
SKU_007,2024-04-11,138,Beverage,480.42
SKU_007,2024-04-12,155,Beverage,246.62
SKU_007,2024-04-13,167,Beverage,59.14
SKU_007,2024-04-14,183,Beverage,241.2
SKU_007,2024-04-15,171,Beverage,120.33
SKU_007,2024-04-16,147,Beverage,65.31
SKU_007,2024-04-17,163,Beverage,146.5
SKU_007,2024-04-18,156,Beverage,377.52
SKU_007,2024-04-19,155,Beverage,370.4
SKU_007,2024-04-20,207,Beverage,148.95
SKU_007,2024-04-21,161,Beverage,492.05
SKU_007,2024-04-22,136,Beverage,79.59
SKU_007,2024-04-23,131,Beverage,252.52
SKU_007,2024-04-24,155,Beverage,429.31
SKU_007,2024-04-25,173,Beverage,389.06
SKU_007,2024-04-26,177,Beverage,360.87
SKU_007,2024-04-27,237,Beverage,387.25
SKU_007,2024-04-28,177,Beverage,83.13
SKU_007,2024-04-29,178,Beverage,196.07
SKU_007,2024-04-30,199,Beverage,121.99
SKU_007,2024-05-01,146,Beverage,447.96
SKU_007,2024-05-02,158,Beverage,476.41
SKU_007,2024-05-03,154,Beverage,90.83
SKU_007,2024-05-04,174,Beverage,104.89
SKU_007,2024-05-05,157,Beverage,447.63
SKU_007,2024-05-06,129,Beverage,189.73
SKU_007,2024-05-07,160,Beverage,69.14
SKU_007,2024-05-08,170,Beverage,379.05
SKU_007,2024-05-09,153,Beverage,370.61
SKU_007,2024-05-10,166,Beverage,480.84
SKU_007,2024-05-11,161,Beverage,116.0
SKU_007,2024-05-12,168,Beverage,134.92
SKU_007,2024-05-13,162,Beverage,55.95
SKU_007,2024-05-14,130,Beverage,413.51
SKU_007,2024-05-15,144,Beverage,367.23
SKU_007,2024-05-16,169,Beverage,475.56
SKU_007,2024-05-17,141,Beverage,80.61
SKU_007,2024-05-18,157,Beverage,499.53
SKU_007,2024-05-19,185,Beverage,103.91
SKU_007,2024-05-20,143,Beverage,466.3
SKU_007,2024-05-21,130,Beverage,255.1
SKU_007,2024-05-22,128,Beverage,470.05
SKU_007,2024-05-23,147,Beverage,275.48
SKU_007,2024-05-24,168,Beverage,408.67
SKU_007,2024-05-25,225,Beverage,350.58
SKU_007,2024-05-26,191,Beverage,72.16
SKU_007,2024-05-27,186,Beverage,243.69
SKU_007,2024-05-28,164,Beverage,294.05
SKU_007,2024-05-29,171,Beverage,176.81
SKU_007,2024-05-30,158,Beverage,346.46
SKU_007,2024-05-31,183,Beverage,64.2
SKU_007,2024-06-01,203,Beverage,439.69
SKU_007,2024-06-02,198,Beverage,120.42
SKU_007,2024-06-03,135,Beverage,318.74
SKU_007,2024-06-04,168,Beverage,477.62
SKU_007,2024-06-05,142,Beverage,426.06
SKU_007,2024-06-06,132,Beverage,86.28
SKU_007,2024-06-07,153,Beverage,486.41
SKU_007,2024-06-08,172,Beverage,426.69
SKU_007,2024-06-09,177,Beverage,468.67
SKU_007,2024-06-10,135,Beverage,294.43
SKU_007,2024-06-11,136,Beverage,317.88
SKU_007,2024-06-12,143,Beverage,348.26
SKU_007,2024-06-13,164,Beverage,456.51
SKU_007,2024-06-14,173,Beverage,370.47
SKU_007,2024-06-15,188,Beverage,168.06
SKU_007,2024-06-16,208,Beverage,291.3
SKU_007,2024-06-17,155,Beverage,222.74
SKU_007,2024-06-18,164,Beverage,361.05
SKU_007,2024-06-19,155,Beverage,270.76
SKU_007,2024-06-20,154,Beverage,204.31
SKU_007,2024-06-21,149,Beverage,79.15
SKU_007,2024-06-22,206,Beverage,305.37
SKU_007,2024-06-23,188,Beverage,290.12
SKU_007,2024-06-24,167,Beverage,201.24
SKU_007,2024-06-25,158,Beverage,240.07
SKU_007,2024-06-26,157,Beverage,405.07
SKU_007,2024-06-27,194,Beverage,210.17
SKU_007,2024-06-28,157,Beverage,343.14
SKU_007,2024-06-29,192,Beverage,343.15
SKU_007,2024-06-30,180,Beverage,447.89
SKU_007,2024-07-01,129,Beverage,347.29
SKU_007,2024-07-02,148,Beverage,460.89
SKU_007,2024-07-03,158,Beverage,126.54
SKU_007,2024-07-04,157,Beverage,242.69
SKU_007,2024-07-05,148,Beverage,296.14
SKU_007,2024-07-06,194,Beverage,256.2
SKU_007,2024-07-07,195,Beverage,331.0
SKU_007,2024-07-08,162,Beverage,235.44
SKU_007,2024-07-09,130,Beverage,468.19
SKU_007,2024-07-10,138,Beverage,153.12
SKU_007,2024-07-11,131,Beverage,149.23
SKU_007,2024-07-12,157,Beverage,334.95
SKU_007,2024-07-13,155,Beverage,221.29
SKU_007,2024-07-14,182,Beverage,52.57
SKU_007,2024-07-15,128,Beverage,463.1
SKU_007,2024-07-16,133,Beverage,157.23
SKU_007,2024-07-17,131,Beverage,96.66
SKU_007,2024-07-18,148,Beverage,100.83
SKU_007,2024-07-19,140,Beverage,51.58
SKU_007,2024-07-20,181,Beverage,407.44
SKU_007,2024-07-21,194,Beverage,375.15
SKU_007,2024-07-22,154,Beverage,351.59
SKU_007,2024-07-23,163,Beverage,384.23
SKU_007,2024-07-24,136,Beverage,335.93
SKU_007,2024-07-25,195,Beverage,294.91
SKU_007,2024-07-26,157,Beverage,324.45
SKU_007,2024-07-27,202,Beverage,135.11
SKU_007,2024-07-28,195,Beverage,417.93
SKU_007,2024-07-29,150,Beverage,109.17
SKU_007,2024-07-30,164,Beverage,98.62
SKU_007,2024-07-31,170,Beverage,231.38
SKU_007,2024-08-01,159,Beverage,416.03
SKU_007,2024-08-02,156,Beverage,257.31
SKU_007,2024-08-03,199,Beverage,392.67
SKU_007,2024-08-04,175,Beverage,292.73
SKU_007,2024-08-05,136,Beverage,209.9
SKU_007,2024-08-06,137,Beverage,423.52
SKU_007,2024-08-07,168,Beverage,126.68
SKU_007,2024-08-08,162,Beverage,51.6
SKU_007,2024-08-09,141,Beverage,112.43
SKU_007,2024-08-10,178,Beverage,123.55
SKU_007,2024-08-11,162,Beverage,389.24
SKU_007,2024-08-12,143,Beverage,285.94
SKU_007,2024-08-13,154,Beverage,151.14
SKU_007,2024-08-14,168,Beverage,70.55
SKU_007,2024-08-15,147,Beverage,280.4
SKU_007,2024-08-16,172,Beverage,159.91
SKU_007,2024-08-17,176,Beverage,336.24
SKU_007,2024-08-18,171,Beverage,308.1
SKU_007,2024-08-19,161,Beverage,371.73
SKU_007,2024-08-20,160,Beverage,342.29
SKU_007,2024-08-21,140,Beverage,229.34
SKU_007,2024-08-22,143,Beverage,463.86
SKU_007,2024-08-23,131,Beverage,134.08
SKU_007,2024-08-24,161,Beverage,396.44
SKU_007,2024-08-25,200,Beverage,419.18
SKU_007,2024-08-26,181,Beverage,462.27
SKU_007,2024-08-27,180,Beverage,448.75
SKU_007,2024-08-28,177,Beverage,296.33
SKU_007,2024-08-29,153,Beverage,101.98
SKU_007,2024-08-30,148,Beverage,143.23
SKU_007,2024-08-31,213,Beverage,168.19
SKU_007,2024-09-01,198,Beverage,378.46
SKU_007,2024-09-02,170,Beverage,233.62
SKU_007,2024-09-03,173,Beverage,312.65
SKU_007,2024-09-04,158,Beverage,354.25
SKU_007,2024-09-05,143,Beverage,480.51
SKU_007,2024-09-06,166,Beverage,411.82
SKU_007,2024-09-07,165,Beverage,413.83
SKU_007,2024-09-08,205,Beverage,477.5
SKU_007,2024-09-09,158,Beverage,266.07
SKU_007,2024-09-10,142,Beverage,145.0
SKU_007,2024-09-11,172,Beverage,80.04
SKU_007,2024-09-12,149,Beverage,421.44
SKU_007,2024-09-13,168,Beverage,189.86
SKU_007,2024-09-14,180,Beverage,269.78
SKU_007,2024-09-15,165,Beverage,332.26
SKU_007,2024-09-16,137,Beverage,237.23
SKU_007,2024-09-17,167,Beverage,382.87
SKU_007,2024-09-18,130,Beverage,375.86
SKU_007,2024-09-19,158,Beverage,187.03
SKU_007,2024-09-20,133,Beverage,317.17
SKU_007,2024-09-21,206,Beverage,259.72
SKU_007,2024-09-22,191,Beverage,107.76
SKU_007,2024-09-23,134,Beverage,85.14
SKU_007,2024-09-24,143,Beverage,373.03
SKU_007,2024-09-25,149,Beverage,279.51
SKU_007,2024-09-26,151,Beverage,223.9
SKU_007,2024-09-27,151,Beverage,346.87
SKU_007,2024-09-28,189,Beverage,281.29
SKU_007,2024-09-29,238,Beverage,221.9
SKU_007,2024-09-30,162,Beverage,424.83
SKU_007,2024-10-01,201,Beverage,405.02
SKU_007,2024-10-02,194,Beverage,371.53
SKU_007,2024-10-03,223,Beverage,187.14
SKU_007,2024-10-04,218,Beverage,278.69
SKU_007,2024-10-05,358,Beverage,307.59
SKU_007,2024-10-06,337,Beverage,107.41
SKU_007,2024-10-07,330,Beverage,69.17
SKU_007,2024-10-08,254,Beverage,52.66
SKU_007,2024-10-09,305,Beverage,493.95
SKU_007,2024-10-10,292,Beverage,240.02
SKU_007,2024-10-11,324,Beverage,414.49
SKU_007,2024-10-12,664,Beverage,278.39
SKU_007,2024-10-13,228,Beverage,381.91
SKU_007,2024-10-14,186,Beverage,209.83
SKU_007,2024-10-15,209,Beverage,387.95
SKU_007,2024-10-16,224,Beverage,119.21
SKU_007,2024-10-17,218,Beverage,400.45
SKU_007,2024-10-18,181,Beverage,247.77
SKU_007,2024-10-19,235,Beverage,63.7
SKU_007,2024-10-20,266,Beverage,254.87
SKU_007,2024-10-21,223,Beverage,401.01
SKU_007,2024-10-22,190,Beverage,295.96
SKU_007,2024-10-23,209,Beverage,414.1
SKU_007,2024-10-24,225,Beverage,283.99
SKU_007,2024-10-25,380,Beverage,297.83
SKU_007,2024-10-26,386,Beverage,187.7
SKU_007,2024-10-27,372,Beverage,80.26
SKU_007,2024-10-28,318,Beverage,126.61
SKU_007,2024-10-29,291,Beverage,463.45
SKU_007,2024-10-30,299,Beverage,347.89
SKU_007,2024-10-31,375,Beverage,231.67
SKU_007,2024-11-01,535,Beverage,111.02
SKU_007,2024-11-02,250,Beverage,325.56
SKU_007,2024-11-03,234,Beverage,121.8
SKU_007,2024-11-04,210,Beverage,390.83
SKU_007,2024-11-05,172,Beverage,68.36
SKU_007,2024-11-06,220,Beverage,459.34
SKU_007,2024-11-07,208,Beverage,141.21
SKU_007,2024-11-08,177,Beverage,57.34
SKU_007,2024-11-09,248,Beverage,234.88
SKU_007,2024-11-10,241,Beverage,340.03
SKU_007,2024-11-11,199,Beverage,449.82
SKU_007,2024-11-12,206,Beverage,173.89
SKU_007,2024-11-13,221,Beverage,113.14
SKU_007,2024-11-14,169,Beverage,238.21
SKU_007,2024-11-15,185,Beverage,108.47
SKU_007,2024-11-16,207,Beverage,112.15
SKU_007,2024-11-17,234,Beverage,137.33
SKU_007,2024-11-18,225,Beverage,174.85
SKU_007,2024-11-19,211,Beverage,108.56
SKU_007,2024-11-20,195,Beverage,125.52
SKU_007,2024-11-21,169,Beverage,299.38
SKU_007,2024-11-22,207,Beverage,496.77
SKU_007,2024-11-23,265,Beverage,227.93
SKU_007,2024-11-24,247,Beverage,277.14
SKU_007,2024-11-25,193,Beverage,62.99
SKU_007,2024-11-26,243,Beverage,434.26
SKU_007,2024-11-27,224,Beverage,393.99
SKU_007,2024-11-28,198,Beverage,205.2
SKU_007,2024-11-29,242,Beverage,86.68
SKU_007,2024-11-30,265,Beverage,94.26
SKU_007,2024-12-01,265,Beverage,360.83
SKU_007,2024-12-02,200,Beverage,133.5
SKU_007,2024-12-03,210,Beverage,255.98
SKU_007,2024-12-04,204,Beverage,140.82
SKU_007,2024-12-05,174,Beverage,74.39
SKU_007,2024-12-06,223,Beverage,90.52
SKU_007,2024-12-07,230,Beverage,435.43
SKU_007,2024-12-08,236,Beverage,221.2
SKU_007,2024-12-09,186,Beverage,391.65
SKU_007,2024-12-10,213,Beverage,133.07
SKU_007,2024-12-11,182,Beverage,329.74
SKU_007,2024-12-12,175,Beverage,360.26
SKU_007,2024-12-13,203,Beverage,259.99
SKU_007,2024-12-14,243,Beverage,440.12
SKU_007,2024-12-15,225,Beverage,412.87
SKU_007,2024-12-16,224,Beverage,371.85
SKU_007,2024-12-17,217,Beverage,476.21
SKU_007,2024-12-18,201,Beverage,308.89
SKU_007,2024-12-19,190,Beverage,144.08
SKU_007,2024-12-20,219,Beverage,218.75
SKU_007,2024-12-21,212,Beverage,203.17
SKU_007,2024-12-22,256,Beverage,392.04
SKU_007,2024-12-23,222,Beverage,257.2
SKU_007,2024-12-24,225,Beverage,451.19
SKU_007,2024-12-25,199,Beverage,215.55
SKU_007,2024-12-26,245,Beverage,121.31
SKU_007,2024-12-27,245,Beverage,153.71
SKU_007,2024-12-28,280,Beverage,295.29
SKU_007,2024-12-29,276,Beverage,365.76
SKU_007,2024-12-30,210,Beverage,317.75
SKU_007,2024-12-31,203,Beverage,424.77
SKU_008,2023-01-01,126,Household,438.3
SKU_008,2023-01-02,106,Household,491.08
SKU_008,2023-01-03,103,Household,124.1
SKU_008,2023-01-04,96,Household,181.21
SKU_008,2023-01-05,108,Household,426.11
SKU_008,2023-01-06,92,Household,375.56
SKU_008,2023-01-07,121,Household,358.4
SKU_008,2023-01-08,129,Household,288.15
SKU_008,2023-01-09,87,Household,348.28
SKU_008,2023-01-10,98,Household,399.8
SKU_008,2023-01-11,86,Household,354.0
SKU_008,2023-01-12,96,Household,420.68
SKU_008,2023-01-13,87,Household,286.06
SKU_008,2023-01-14,121,Household,110.19
SKU_008,2023-01-15,112,Household,368.26
SKU_008,2023-01-16,102,Household,77.99
SKU_008,2023-01-17,88,Household,58.84
SKU_008,2023-01-18,108,Household,273.33
SKU_008,2023-01-19,88,Household,104.97
SKU_008,2023-01-20,91,Household,221.01
SKU_008,2023-01-21,115,Household,312.53
SKU_008,2023-01-22,121,Household,457.66
SKU_008,2023-01-23,100,Household,162.63
SKU_008,2023-01-24,89,Household,382.58
SKU_008,2023-01-25,103,Household,435.6
SKU_008,2023-01-26,118,Household,327.24
SKU_008,2023-01-27,121,Household,158.06
SKU_008,2023-01-28,147,Household,363.62
SKU_008,2023-01-29,134,Household,295.61
SKU_008,2023-01-30,133,Household,331.27
SKU_008,2023-01-31,114,Household,246.54
SKU_008,2023-02-01,93,Household,188.42
SKU_008,2023-02-02,110,Household,233.23
SKU_008,2023-02-03,90,Household,175.73
SKU_008,2023-02-04,119,Household,465.58
SKU_008,2023-02-05,113,Household,151.0
SKU_008,2023-02-06,99,Household,394.05
SKU_008,2023-02-07,115,Household,202.31
SKU_008,2023-02-08,103,Household,134.8
SKU_008,2023-02-09,90,Household,461.02
SKU_008,2023-02-10,98,Household,414.53
SKU_008,2023-02-11,116,Household,222.72
SKU_008,2023-02-12,123,Household,468.48
SKU_008,2023-02-13,98,Household,376.8
SKU_008,2023-02-14,89,Household,287.75
SKU_008,2023-02-15,87,Household,349.18
SKU_008,2023-02-16,114,Household,287.01
SKU_008,2023-02-17,94,Household,130.39
SKU_008,2023-02-18,123,Household,135.28
SKU_008,2023-02-19,105,Household,467.49
SKU_008,2023-02-20,102,Household,261.0
SKU_008,2023-02-21,110,Household,362.43
SKU_008,2023-02-22,113,Household,346.32
SKU_008,2023-02-23,105,Household,375.78
SKU_008,2023-02-24,114,Household,480.57
SKU_008,2023-02-25,143,Household,403.16
SKU_008,2023-02-26,126,Household,83.79
SKU_008,2023-02-27,120,Household,235.84
SKU_008,2023-02-28,126,Household,443.36
SKU_008,2023-03-01,93,Household,484.68
SKU_008,2023-03-02,111,Household,436.3
SKU_008,2023-03-03,104,Household,96.33
SKU_008,2023-03-04,131,Household,294.03
SKU_008,2023-03-05,109,Household,152.69
SKU_008,2023-03-06,100,Household,397.71
SKU_008,2023-03-07,100,Household,57.84
SKU_008,2023-03-08,114,Household,71.84
SKU_008,2023-03-09,95,Household,320.21
SKU_008,2023-03-10,99,Household,416.61
SKU_008,2023-03-11,120,Household,461.94
SKU_008,2023-03-12,128,Household,257.88
SKU_008,2023-03-13,116,Household,187.47
SKU_008,2023-03-14,94,Household,60.21
SKU_008,2023-03-15,89,Household,113.96
SKU_008,2023-03-16,90,Household,143.61
SKU_008,2023-03-17,116,Household,312.44
SKU_008,2023-03-18,117,Household,237.49
SKU_008,2023-03-19,119,Household,342.66
SKU_008,2023-03-20,88,Household,246.22
SKU_008,2023-03-21,103,Household,140.21
SKU_008,2023-03-22,99,Household,257.23
SKU_008,2023-03-23,104,Household,305.14
SKU_008,2023-03-24,100,Household,91.94
SKU_008,2023-03-25,153,Household,364.29
SKU_008,2023-03-26,122,Household,360.1
SKU_008,2023-03-27,126,Household,253.18
SKU_008,2023-03-28,134,Household,480.47
SKU_008,2023-03-29,119,Household,409.33
SKU_008,2023-03-30,128,Household,385.41
SKU_008,2023-03-31,130,Household,309.78
SKU_008,2023-04-01,137,Household,366.48
SKU_008,2023-04-02,124,Household,377.03
SKU_008,2023-04-03,116,Household,149.09
SKU_008,2023-04-04,97,Household,266.83
SKU_008,2023-04-05,92,Household,290.62
SKU_008,2023-04-06,87,Household,421.22
SKU_008,2023-04-07,109,Household,264.98
SKU_008,2023-04-08,122,Household,351.92
SKU_008,2023-04-09,120,Household,304.54
SKU_008,2023-04-10,87,Household,424.88
SKU_008,2023-04-11,112,Household,252.54
SKU_008,2023-04-12,100,Household,104.05
SKU_008,2023-04-13,101,Household,58.36
SKU_008,2023-04-14,113,Household,72.14
SKU_008,2023-04-15,111,Household,184.32
SKU_008,2023-04-16,123,Household,115.07
SKU_008,2023-04-17,111,Household,90.55
SKU_008,2023-04-18,101,Household,415.62
SKU_008,2023-04-19,104,Household,99.83
SKU_008,2023-04-20,107,Household,343.44
SKU_008,2023-04-21,96,Household,368.72
SKU_008,2023-04-22,118,Household,306.67
SKU_008,2023-04-23,131,Household,419.35
SKU_008,2023-04-24,96,Household,450.0
SKU_008,2023-04-25,117,Household,153.3
SKU_008,2023-04-26,100,Household,296.56
SKU_008,2023-04-27,117,Household,467.3
SKU_008,2023-04-28,100,Household,270.94
SKU_008,2023-04-29,154,Household,67.57
SKU_008,2023-04-30,161,Household,158.15
SKU_008,2023-05-01,108,Household,254.6
SKU_008,2023-05-02,105,Household,369.85
SKU_008,2023-05-03,102,Household,289.29
SKU_008,2023-05-04,106,Household,469.79
SKU_008,2023-05-05,106,Household,186.88
SKU_008,2023-05-06,139,Household,423.82
SKU_008,2023-05-07,128,Household,334.35
SKU_008,2023-05-08,117,Household,375.24
SKU_008,2023-05-09,114,Household,242.12
SKU_008,2023-05-10,105,Household,127.63
SKU_008,2023-05-11,91,Household,439.44
SKU_008,2023-05-12,91,Household,204.23
SKU_008,2023-05-13,114,Household,93.66
SKU_008,2023-05-14,126,Household,191.56
SKU_008,2023-05-15,116,Household,279.14
SKU_008,2023-05-16,117,Household,124.44
SKU_008,2023-05-17,110,Household,413.78
SKU_008,2023-05-18,95,Household,406.71
SKU_008,2023-05-19,113,Household,325.47
SKU_008,2023-05-20,131,Household,402.15
SKU_008,2023-05-21,130,Household,210.92
SKU_008,2023-05-22,111,Household,486.38
SKU_008,2023-05-23,112,Household,444.76
SKU_008,2023-05-24,99,Household,223.11
SKU_008,2023-05-25,100,Household,467.99
SKU_008,2023-05-26,109,Household,267.96
SKU_008,2023-05-27,124,Household,333.67
SKU_008,2023-05-28,154,Household,253.86
SKU_008,2023-05-29,123,Household,363.0
SKU_008,2023-05-30,111,Household,271.38
SKU_008,2023-05-31,125,Household,331.73
SKU_008,2023-06-01,90,Household,137.96
SKU_008,2023-06-02,98,Household,443.79
SKU_008,2023-06-03,135,Household,170.8
SKU_008,2023-06-04,105,Household,139.07
SKU_008,2023-06-05,93,Household,277.37
SKU_008,2023-06-06,106,Household,260.96
SKU_008,2023-06-07,108,Household,396.01
SKU_008,2023-06-08,97,Household,398.48
SKU_008,2023-06-09,114,Household,200.44
SKU_008,2023-06-10,128,Household,380.58
SKU_008,2023-06-11,134,Household,153.38
SKU_008,2023-06-12,107,Household,290.7
SKU_008,2023-06-13,99,Household,64.02
SKU_008,2023-06-14,94,Household,416.73
SKU_008,2023-06-15,101,Household,121.77
SKU_008,2023-06-16,95,Household,216.29
SKU_008,2023-06-17,125,Household,233.46
SKU_008,2023-06-18,120,Household,453.98
SKU_008,2023-06-19,108,Household,185.8
SKU_008,2023-06-20,106,Household,91.3
SKU_008,2023-06-21,93,Household,305.97
SKU_008,2023-06-22,92,Household,72.09
SKU_008,2023-06-23,94,Household,242.82
SKU_008,2023-06-24,109,Household,122.75
SKU_008,2023-06-25,140,Household,398.16
SKU_008,2023-06-26,113,Household,344.15
SKU_008,2023-06-27,102,Household,250.79
SKU_008,2023-06-28,114,Household,361.11
SKU_008,2023-06-29,105,Household,284.71
SKU_008,2023-06-30,110,Household,90.46
SKU_008,2023-07-01,126,Household,245.15
SKU_008,2023-07-02,114,Household,441.77
SKU_008,2023-07-03,91,Household,402.61
SKU_008,2023-07-04,94,Household,307.44
SKU_008,2023-07-05,102,Household,161.45
SKU_008,2023-07-06,115,Household,426.33
SKU_008,2023-07-07,87,Household,300.16
SKU_008,2023-07-08,137,Household,156.73
SKU_008,2023-07-09,127,Household,59.91
SKU_008,2023-07-10,93,Household,315.37
SKU_008,2023-07-11,94,Household,92.25
SKU_008,2023-07-12,102,Household,262.55
SKU_008,2023-07-13,100,Household,241.34
SKU_008,2023-07-14,88,Household,345.44
SKU_008,2023-07-15,133,Household,78.34
SKU_008,2023-07-16,133,Household,216.1
SKU_008,2023-07-17,87,Household,213.78
SKU_008,2023-07-18,91,Household,487.37
SKU_008,2023-07-19,102,Household,460.75
SKU_008,2023-07-20,102,Household,435.5
SKU_008,2023-07-21,94,Household,362.85
SKU_008,2023-07-22,137,Household,121.51
SKU_008,2023-07-23,108,Household,125.6
SKU_008,2023-07-24,115,Household,94.37
SKU_008,2023-07-25,125,Household,62.32
SKU_008,2023-07-26,125,Household,401.47
SKU_008,2023-07-27,132,Household,186.47
SKU_008,2023-07-28,101,Household,60.08
SKU_008,2023-07-29,154,Household,292.81
SKU_008,2023-07-30,155,Household,212.78
SKU_008,2023-07-31,115,Household,254.12
SKU_008,2023-08-01,113,Household,334.47
SKU_008,2023-08-02,106,Household,153.34
SKU_008,2023-08-03,104,Household,369.25
SKU_008,2023-08-04,88,Household,180.89
SKU_008,2023-08-05,117,Household,346.55
SKU_008,2023-08-06,114,Household,468.73
SKU_008,2023-08-07,97,Household,382.95
SKU_008,2023-08-08,100,Household,269.57
SKU_008,2023-08-09,93,Household,304.39
SKU_008,2023-08-10,111,Household,420.77
SKU_008,2023-08-11,96,Household,458.39
SKU_008,2023-08-12,107,Household,205.64
SKU_008,2023-08-13,110,Household,406.39
SKU_008,2023-08-14,102,Household,141.4
SKU_008,2023-08-15,89,Household,497.57
SKU_008,2023-08-16,92,Household,340.75
SKU_008,2023-08-17,97,Household,116.83
SKU_008,2023-08-18,112,Household,383.57
SKU_008,2023-08-19,116,Household,89.59
SKU_008,2023-08-20,127,Household,205.16
SKU_008,2023-08-21,117,Household,163.99
SKU_008,2023-08-22,95,Household,221.44
SKU_008,2023-08-23,114,Household,85.94
SKU_008,2023-08-24,114,Household,484.96
SKU_008,2023-08-25,102,Household,190.25
SKU_008,2023-08-26,138,Household,222.01
SKU_008,2023-08-27,145,Household,83.4
SKU_008,2023-08-28,112,Household,338.32
SKU_008,2023-08-29,110,Household,190.51
SKU_008,2023-08-30,106,Household,52.15
SKU_008,2023-08-31,103,Household,362.56
SKU_008,2023-09-01,104,Household,449.9
SKU_008,2023-09-02,131,Household,451.51
SKU_008,2023-09-03,130,Household,177.17
SKU_008,2023-09-04,100,Household,204.0
SKU_008,2023-09-05,112,Household,167.04
SKU_008,2023-09-06,107,Household,304.64
SKU_008,2023-09-07,88,Household,432.33
SKU_008,2023-09-08,109,Household,135.44
SKU_008,2023-09-09,131,Household,102.35
SKU_008,2023-09-10,112,Household,349.78
SKU_008,2023-09-11,99,Household,299.29
SKU_008,2023-09-12,96,Household,428.68
SKU_008,2023-09-13,95,Household,273.06
SKU_008,2023-09-14,97,Household,247.31
SKU_008,2023-09-15,100,Household,149.46
SKU_008,2023-09-16,135,Household,407.78
SKU_008,2023-09-17,121,Household,448.96
SKU_008,2023-09-18,103,Household,199.02
SKU_008,2023-09-19,111,Household,95.95
SKU_008,2023-09-20,87,Household,358.97
SKU_008,2023-09-21,90,Household,152.48
SKU_008,2023-09-22,114,Household,368.93
SKU_008,2023-09-23,138,Household,161.95
SKU_008,2023-09-24,130,Household,389.76
SKU_008,2023-09-25,109,Household,386.88
SKU_008,2023-09-26,122,Household,68.49
SKU_008,2023-09-27,115,Household,299.47
SKU_008,2023-09-28,133,Household,425.07
SKU_008,2023-09-29,109,Household,214.73
SKU_008,2023-09-30,138,Household,341.76
SKU_008,2023-10-01,164,Household,457.35
SKU_008,2023-10-02,113,Household,327.3
SKU_008,2023-10-03,136,Household,120.64
SKU_008,2023-10-04,131,Household,314.15
SKU_008,2023-10-05,120,Household,380.61
SKU_008,2023-10-06,146,Household,232.27
SKU_008,2023-10-07,178,Household,385.42
SKU_008,2023-10-08,225,Household,133.91
SKU_008,2023-10-09,196,Household,311.85
SKU_008,2023-10-10,210,Household,246.8
SKU_008,2023-10-11,172,Household,200.14
SKU_008,2023-10-12,201,Household,128.48
SKU_008,2023-10-13,177,Household,473.63
SKU_008,2023-10-14,267,Household,232.3
SKU_008,2023-10-15,374,Household,422.33
SKU_008,2023-10-16,139,Household,260.8
SKU_008,2023-10-17,198,Household,336.1
SKU_008,2023-10-18,221,Household,172.01
SKU_008,2023-10-19,184,Household,356.15
SKU_008,2023-10-20,175,Household,416.33
SKU_008,2023-10-21,265,Household,413.97
SKU_008,2023-10-22,269,Household,469.55
SKU_008,2023-10-23,223,Household,189.85
SKU_008,2023-10-24,306,Household,80.99
SKU_008,2023-10-25,167,Household,251.91
SKU_008,2023-10-26,168,Household,378.15
SKU_008,2023-10-27,150,Household,310.39
SKU_008,2023-10-28,175,Household,348.8
SKU_008,2023-10-29,187,Household,477.59
SKU_008,2023-10-30,144,Household,188.73
SKU_008,2023-10-31,149,Household,187.59
SKU_008,2023-11-01,143,Household,84.81
SKU_008,2023-11-02,130,Household,373.69
SKU_008,2023-11-03,121,Household,458.67
SKU_008,2023-11-04,150,Household,339.82
SKU_008,2023-11-05,141,Household,191.76
SKU_008,2023-11-06,119,Household,132.82
SKU_008,2023-11-07,145,Household,459.81
SKU_008,2023-11-08,144,Household,133.17
SKU_008,2023-11-09,116,Household,467.75
SKU_008,2023-11-10,143,Household,203.11
SKU_008,2023-11-11,177,Household,395.45
SKU_008,2023-11-12,173,Household,72.46
SKU_008,2023-11-13,136,Household,207.27
SKU_008,2023-11-14,127,Household,283.62
SKU_008,2023-11-15,119,Household,381.28
SKU_008,2023-11-16,141,Household,51.16
SKU_008,2023-11-17,119,Household,59.32
SKU_008,2023-11-18,143,Household,134.79
SKU_008,2023-11-19,164,Household,354.11
SKU_008,2023-11-20,122,Household,426.06
SKU_008,2023-11-21,118,Household,483.47
SKU_008,2023-11-22,138,Household,496.96
SKU_008,2023-11-23,149,Household,260.14
SKU_008,2023-11-24,151,Household,308.13
SKU_008,2023-11-25,185,Household,160.41
SKU_008,2023-11-26,165,Household,306.58
SKU_008,2023-11-27,164,Household,173.36
SKU_008,2023-11-28,158,Household,136.09
SKU_008,2023-11-29,144,Household,173.24
SKU_008,2023-11-30,158,Household,166.89
SKU_008,2023-12-01,151,Household,140.49
SKU_008,2023-12-02,168,Household,173.09
SKU_008,2023-12-03,180,Household,251.3
SKU_008,2023-12-04,144,Household,259.86
SKU_008,2023-12-05,134,Household,309.12
SKU_008,2023-12-06,121,Household,188.71
SKU_008,2023-12-07,147,Household,427.1
SKU_008,2023-12-08,139,Household,197.4
SKU_008,2023-12-09,163,Household,460.37
SKU_008,2023-12-10,181,Household,450.39
SKU_008,2023-12-11,141,Household,433.4
SKU_008,2023-12-12,151,Household,342.86
SKU_008,2023-12-13,146,Household,209.01
SKU_008,2023-12-14,140,Household,254.41
SKU_008,2023-12-15,149,Household,344.52
SKU_008,2023-12-16,158,Household,115.94
SKU_008,2023-12-17,148,Household,134.99
SKU_008,2023-12-18,135,Household,387.82
SKU_008,2023-12-19,135,Household,278.08
SKU_008,2023-12-20,123,Household,200.21
SKU_008,2023-12-21,140,Household,307.69
SKU_008,2023-12-22,136,Household,197.5
SKU_008,2023-12-23,182,Household,370.21
SKU_008,2023-12-24,176,Household,96.3
SKU_008,2023-12-25,138,Household,269.67
SKU_008,2023-12-26,148,Household,443.8
SKU_008,2023-12-27,167,Household,116.36
SKU_008,2023-12-28,149,Household,140.7
SKU_008,2023-12-29,137,Household,369.07
SKU_008,2023-12-30,197,Household,165.95
SKU_008,2023-12-31,203,Household,407.43
SKU_008,2024-01-01,113,Household,155.69
SKU_008,2024-01-02,113,Household,458.58
SKU_008,2024-01-03,97,Household,308.48
SKU_008,2024-01-04,97,Household,354.03
SKU_008,2024-01-05,104,Household,150.31
SKU_008,2024-01-06,114,Household,192.76
SKU_008,2024-01-07,125,Household,436.21
SKU_008,2024-01-08,170,Household,478.55
SKU_008,2024-01-09,142,Household,474.46
SKU_008,2024-01-10,152,Household,393.56
SKU_008,2024-01-11,135,Household,106.82
SKU_008,2024-01-12,158,Household,136.54
SKU_008,2024-01-13,177,Household,233.95
SKU_008,2024-01-14,194,Household,111.31
SKU_008,2024-01-15,239,Household,118.84
SKU_008,2024-01-16,108,Household,384.94
SKU_008,2024-01-17,115,Household,213.49
SKU_008,2024-01-18,92,Household,295.67
SKU_008,2024-01-19,92,Household,300.3
SKU_008,2024-01-20,135,Household,293.01
SKU_008,2024-01-21,114,Household,52.25
SKU_008,2024-01-22,108,Household,117.64
SKU_008,2024-01-23,107,Household,352.24
SKU_008,2024-01-24,116,Household,443.61
SKU_008,2024-01-25,121,Household,234.48
SKU_008,2024-01-26,113,Household,181.04
SKU_008,2024-01-27,160,Household,311.57
SKU_008,2024-01-28,159,Household,237.67
SKU_008,2024-01-29,106,Household,216.7
SKU_008,2024-01-30,107,Household,214.33
SKU_008,2024-01-31,101,Household,158.09
SKU_008,2024-02-01,108,Household,328.73
SKU_008,2024-02-02,116,Household,473.53
SKU_008,2024-02-03,110,Household,333.52
SKU_008,2024-02-04,122,Household,209.79
SKU_008,2024-02-05,101,Household,231.6
SKU_008,2024-02-06,106,Household,383.9
SKU_008,2024-02-07,99,Household,275.81
SKU_008,2024-02-08,98,Household,389.07
SKU_008,2024-02-09,103,Household,207.0
SKU_008,2024-02-10,108,Household,147.28
SKU_008,2024-02-11,125,Household,363.14
SKU_008,2024-02-12,101,Household,72.82
SKU_008,2024-02-13,112,Household,442.86
SKU_008,2024-02-14,87,Household,478.38
SKU_008,2024-02-15,94,Household,201.65
SKU_008,2024-02-16,91,Household,485.55
SKU_008,2024-02-17,140,Household,287.06
SKU_008,2024-02-18,119,Household,74.85
SKU_008,2024-02-19,100,Household,396.55
SKU_008,2024-02-20,108,Household,295.84
SKU_008,2024-02-21,101,Household,125.02
SKU_008,2024-02-22,110,Household,153.99
SKU_008,2024-02-23,108,Household,467.69
SKU_008,2024-02-24,109,Household,193.6
SKU_008,2024-02-25,139,Household,353.24
SKU_008,2024-02-26,132,Household,208.32
SKU_008,2024-02-27,131,Household,413.83
SKU_008,2024-02-28,133,Household,341.95
SKU_008,2024-02-29,134,Household,92.95
SKU_008,2024-03-01,112,Household,393.96
SKU_008,2024-03-02,134,Household,428.01
SKU_008,2024-03-03,122,Household,250.97
SKU_008,2024-03-04,113,Household,497.89
SKU_008,2024-03-05,106,Household,364.56
SKU_008,2024-03-06,90,Household,170.37
SKU_008,2024-03-07,108,Household,293.38
SKU_008,2024-03-08,101,Household,143.86
SKU_008,2024-03-09,120,Household,83.25
SKU_008,2024-03-10,133,Household,153.89
SKU_008,2024-03-11,116,Household,102.74
SKU_008,2024-03-12,109,Household,430.79
SKU_008,2024-03-13,111,Household,397.74
SKU_008,2024-03-14,95,Household,113.62
SKU_008,2024-03-15,87,Household,142.25
SKU_008,2024-03-16,140,Household,258.95
SKU_008,2024-03-17,132,Household,192.44
SKU_008,2024-03-18,89,Household,484.05
SKU_008,2024-03-19,107,Household,352.92
SKU_008,2024-03-20,98,Household,187.54
SKU_008,2024-03-21,104,Household,102.02
SKU_008,2024-03-22,101,Household,281.29
SKU_008,2024-03-23,138,Household,307.24
SKU_008,2024-03-24,138,Household,269.6
SKU_008,2024-03-25,119,Household,302.36
SKU_008,2024-03-26,117,Household,133.34
SKU_008,2024-03-27,117,Household,158.0
SKU_008,2024-03-28,128,Household,344.05
SKU_008,2024-03-29,104,Household,132.97
SKU_008,2024-03-30,134,Household,291.66
SKU_008,2024-03-31,121,Household,155.94
SKU_008,2024-04-01,113,Household,52.57
SKU_008,2024-04-02,100,Household,91.08
SKU_008,2024-04-03,95,Household,226.81
SKU_008,2024-04-04,112,Household,275.33
SKU_008,2024-04-05,115,Household,442.66
SKU_008,2024-04-06,107,Household,158.26
SKU_008,2024-04-07,113,Household,64.83
SKU_008,2024-04-08,100,Household,376.53
SKU_008,2024-04-09,110,Household,283.4
SKU_008,2024-04-10,101,Household,186.35
SKU_008,2024-04-11,102,Household,377.81
SKU_008,2024-04-12,103,Household,137.81
SKU_008,2024-04-13,140,Household,51.03
SKU_008,2024-04-14,126,Household,238.92
SKU_008,2024-04-15,87,Household,276.75
SKU_008,2024-04-16,106,Household,338.49
SKU_008,2024-04-17,96,Household,376.52
SKU_008,2024-04-18,96,Household,334.46
SKU_008,2024-04-19,94,Household,467.1
SKU_008,2024-04-20,107,Household,384.18
SKU_008,2024-04-21,113,Household,55.46
SKU_008,2024-04-22,104,Household,81.64
SKU_008,2024-04-23,91,Household,308.44
SKU_008,2024-04-24,105,Household,484.84
SKU_008,2024-04-25,127,Household,417.72
SKU_008,2024-04-26,119,Household,219.84
SKU_008,2024-04-27,155,Household,125.9
SKU_008,2024-04-28,149,Household,140.37
SKU_008,2024-04-29,106,Household,486.19
SKU_008,2024-04-30,110,Household,160.42
SKU_008,2024-05-01,103,Household,209.06
SKU_008,2024-05-02,112,Household,256.69
SKU_008,2024-05-03,108,Household,207.89
SKU_008,2024-05-04,128,Household,497.03
SKU_008,2024-05-05,107,Household,219.0
SKU_008,2024-05-06,95,Household,454.56
SKU_008,2024-05-07,87,Household,346.47
SKU_008,2024-05-08,92,Household,145.2
SKU_008,2024-05-09,100,Household,272.19
SKU_008,2024-05-10,87,Household,95.61
SKU_008,2024-05-11,119,Household,329.58
SKU_008,2024-05-12,114,Household,493.46
SKU_008,2024-05-13,92,Household,98.34
SKU_008,2024-05-14,90,Household,297.25
SKU_008,2024-05-15,107,Household,104.86
SKU_008,2024-05-16,86,Household,343.23
SKU_008,2024-05-17,89,Household,421.31
SKU_008,2024-05-18,136,Household,126.55
SKU_008,2024-05-19,138,Household,168.94
SKU_008,2024-05-20,115,Household,271.22
SKU_008,2024-05-21,92,Household,50.55
SKU_008,2024-05-22,106,Household,490.04
SKU_008,2024-05-23,89,Household,213.18
SKU_008,2024-05-24,94,Household,82.32
SKU_008,2024-05-25,154,Household,311.65
SKU_008,2024-05-26,160,Household,480.53
SKU_008,2024-05-27,127,Household,130.06
SKU_008,2024-05-28,101,Household,291.53
SKU_008,2024-05-29,105,Household,256.01
SKU_008,2024-05-30,110,Household,203.88
SKU_008,2024-05-31,108,Household,51.98
SKU_008,2024-06-01,136,Household,280.15
SKU_008,2024-06-02,128,Household,280.85
SKU_008,2024-06-03,88,Household,185.33
SKU_008,2024-06-04,111,Household,57.68
SKU_008,2024-06-05,102,Household,73.48
SKU_008,2024-06-06,100,Household,441.33
SKU_008,2024-06-07,92,Household,157.28
SKU_008,2024-06-08,114,Household,382.84
SKU_008,2024-06-09,130,Household,188.83
SKU_008,2024-06-10,117,Household,71.25
SKU_008,2024-06-11,97,Household,119.95
SKU_008,2024-06-12,89,Household,394.34
SKU_008,2024-06-13,95,Household,172.1
SKU_008,2024-06-14,88,Household,455.14
SKU_008,2024-06-15,130,Household,330.0
SKU_008,2024-06-16,140,Household,341.11
SKU_008,2024-06-17,98,Household,416.15
SKU_008,2024-06-18,115,Household,333.43
SKU_008,2024-06-19,97,Household,423.76
SKU_008,2024-06-20,108,Household,480.68
SKU_008,2024-06-21,113,Household,296.34
SKU_008,2024-06-22,128,Household,65.08
SKU_008,2024-06-23,111,Household,226.88
SKU_008,2024-06-24,91,Household,250.58
SKU_008,2024-06-25,112,Household,237.26
SKU_008,2024-06-26,102,Household,317.87
SKU_008,2024-06-27,123,Household,201.81
SKU_008,2024-06-28,111,Household,370.77
SKU_008,2024-06-29,121,Household,159.33
SKU_008,2024-06-30,145,Household,258.15
SKU_008,2024-07-01,97,Household,155.63
SKU_008,2024-07-02,91,Household,197.41
SKU_008,2024-07-03,92,Household,337.14
SKU_008,2024-07-04,97,Household,208.51
SKU_008,2024-07-05,95,Household,294.34
SKU_008,2024-07-06,114,Household,442.97
SKU_008,2024-07-07,104,Household,332.74
SKU_008,2024-07-08,107,Household,297.1
SKU_008,2024-07-09,90,Household,246.0
SKU_008,2024-07-10,109,Household,138.83
SKU_008,2024-07-11,97,Household,297.2
SKU_008,2024-07-12,116,Household,302.11
SKU_008,2024-07-13,108,Household,482.71
SKU_008,2024-07-14,130,Household,327.04
SKU_008,2024-07-15,111,Household,246.08
SKU_008,2024-07-16,89,Household,158.5
SKU_008,2024-07-17,102,Household,383.33
SKU_008,2024-07-18,117,Household,426.94
SKU_008,2024-07-19,111,Household,341.38
SKU_008,2024-07-20,125,Household,348.12
SKU_008,2024-07-21,125,Household,59.4
SKU_008,2024-07-22,96,Household,82.49
SKU_008,2024-07-23,91,Household,278.29
SKU_008,2024-07-24,116,Household,332.2
SKU_008,2024-07-25,111,Household,311.23
SKU_008,2024-07-26,103,Household,130.55
SKU_008,2024-07-27,128,Household,176.1
SKU_008,2024-07-28,136,Household,373.46
SKU_008,2024-07-29,108,Household,193.72
SKU_008,2024-07-30,110,Household,429.11
SKU_008,2024-07-31,127,Household,169.92
SKU_008,2024-08-01,91,Household,217.33
SKU_008,2024-08-02,106,Household,390.07
SKU_008,2024-08-03,131,Household,193.56
SKU_008,2024-08-04,110,Household,491.04
SKU_008,2024-08-05,107,Household,485.07
SKU_008,2024-08-06,89,Household,339.95
SKU_008,2024-08-07,100,Household,104.68
SKU_008,2024-08-08,94,Household,63.82
SKU_008,2024-08-09,104,Household,56.08
SKU_008,2024-08-10,135,Household,93.56
SKU_008,2024-08-11,138,Household,144.32
SKU_008,2024-08-12,109,Household,305.16
SKU_008,2024-08-13,93,Household,166.64
SKU_008,2024-08-14,89,Household,265.05
SKU_008,2024-08-15,97,Household,458.67
SKU_008,2024-08-16,100,Household,120.41
SKU_008,2024-08-17,109,Household,318.03
SKU_008,2024-08-18,137,Household,481.2
SKU_008,2024-08-19,112,Household,222.65
SKU_008,2024-08-20,107,Household,107.86
SKU_008,2024-08-21,98,Household,176.49
SKU_008,2024-08-22,114,Household,279.18
SKU_008,2024-08-23,110,Household,210.75
SKU_008,2024-08-24,109,Household,474.25
SKU_008,2024-08-25,146,Household,461.92
SKU_008,2024-08-26,103,Household,387.46
SKU_008,2024-08-27,125,Household,162.64
SKU_008,2024-08-28,131,Household,183.64
SKU_008,2024-08-29,118,Household,431.39
SKU_008,2024-08-30,126,Household,415.16
SKU_008,2024-08-31,155,Household,401.09
SKU_008,2024-09-01,117,Household,491.97
SKU_008,2024-09-02,113,Household,129.2
SKU_008,2024-09-03,117,Household,433.86
SKU_008,2024-09-04,93,Household,161.57
SKU_008,2024-09-05,111,Household,289.19
SKU_008,2024-09-06,110,Household,70.27
SKU_008,2024-09-07,127,Household,181.42
SKU_008,2024-09-08,128,Household,419.26
SKU_008,2024-09-09,99,Household,159.72
SKU_008,2024-09-10,90,Household,260.71
SKU_008,2024-09-11,104,Household,217.0
SKU_008,2024-09-12,115,Household,135.85
SKU_008,2024-09-13,104,Household,299.5
SKU_008,2024-09-14,140,Household,467.46
SKU_008,2024-09-15,126,Household,339.15
SKU_008,2024-09-16,106,Household,140.84
SKU_008,2024-09-17,113,Household,480.83
SKU_008,2024-09-18,113,Household,89.79
SKU_008,2024-09-19,110,Household,87.96
SKU_008,2024-09-20,91,Household,298.18
SKU_008,2024-09-21,132,Household,59.23
SKU_008,2024-09-22,140,Household,494.13
SKU_008,2024-09-23,103,Household,69.85
SKU_008,2024-09-24,97,Household,378.47
SKU_008,2024-09-25,127,Household,293.4
SKU_008,2024-09-26,134,Household,412.75
SKU_008,2024-09-27,126,Household,445.42
SKU_008,2024-09-28,131,Household,204.78
SKU_008,2024-09-29,130,Household,315.25
SKU_008,2024-09-30,111,Household,418.33
SKU_008,2024-10-01,125,Household,445.15
SKU_008,2024-10-02,140,Household,302.63
SKU_008,2024-10-03,132,Household,214.16
SKU_008,2024-10-04,126,Household,310.7
SKU_008,2024-10-05,204,Household,229.55
SKU_008,2024-10-06,229,Household,439.38
SKU_008,2024-10-07,198,Household,267.84
SKU_008,2024-10-08,210,Household,67.54
SKU_008,2024-10-09,201,Household,420.45
SKU_008,2024-10-10,210,Household,299.37
SKU_008,2024-10-11,209,Household,478.52
SKU_008,2024-10-12,356,Household,351.7
SKU_008,2024-10-13,149,Household,156.45
SKU_008,2024-10-14,126,Household,485.07
SKU_008,2024-10-15,134,Household,119.81
SKU_008,2024-10-16,116,Household,297.88
SKU_008,2024-10-17,122,Household,477.17
SKU_008,2024-10-18,133,Household,56.6
SKU_008,2024-10-19,178,Household,372.92
SKU_008,2024-10-20,154,Household,489.22
SKU_008,2024-10-21,138,Household,461.19
SKU_008,2024-10-22,148,Household,105.74
SKU_008,2024-10-23,133,Household,180.64
SKU_008,2024-10-24,132,Household,494.85
SKU_008,2024-10-25,256,Household,71.94
SKU_008,2024-10-26,257,Household,361.17
SKU_008,2024-10-27,290,Household,487.45
SKU_008,2024-10-28,232,Household,221.06
SKU_008,2024-10-29,248,Household,402.72
SKU_008,2024-10-30,233,Household,321.87
SKU_008,2024-10-31,196,Household,327.49
SKU_008,2024-11-01,285,Household,364.37
SKU_008,2024-11-02,135,Household,229.56
SKU_008,2024-11-03,140,Household,149.11
SKU_008,2024-11-04,118,Household,241.93
SKU_008,2024-11-05,130,Household,371.39
SKU_008,2024-11-06,144,Household,107.59
SKU_008,2024-11-07,144,Household,56.68
SKU_008,2024-11-08,126,Household,234.65
SKU_008,2024-11-09,139,Household,258.15
SKU_008,2024-11-10,176,Household,282.3
SKU_008,2024-11-11,124,Household,107.52
SKU_008,2024-11-12,118,Household,130.46
SKU_008,2024-11-13,146,Household,355.32
SKU_008,2024-11-14,141,Household,368.27
SKU_008,2024-11-15,141,Household,430.78
SKU_008,2024-11-16,169,Household,263.07
SKU_008,2024-11-17,145,Household,308.17
SKU_008,2024-11-18,133,Household,499.1
SKU_008,2024-11-19,126,Household,307.77
SKU_008,2024-11-20,113,Household,262.17
SKU_008,2024-11-21,138,Household,145.61
SKU_008,2024-11-22,149,Household,479.46
SKU_008,2024-11-23,136,Household,286.31
SKU_008,2024-11-24,135,Household,170.82
SKU_008,2024-11-25,141,Household,141.26
SKU_008,2024-11-26,172,Household,225.46
SKU_008,2024-11-27,148,Household,330.33
SKU_008,2024-11-28,143,Household,349.94
SKU_008,2024-11-29,145,Household,356.11
SKU_008,2024-11-30,183,Household,376.03
SKU_008,2024-12-01,168,Household,151.24
SKU_008,2024-12-02,150,Household,105.33
SKU_008,2024-12-03,114,Household,307.82
SKU_008,2024-12-04,124,Household,54.17
SKU_008,2024-12-05,136,Household,483.78
SKU_008,2024-12-06,132,Household,360.35
SKU_008,2024-12-07,147,Household,489.46
SKU_008,2024-12-08,177,Household,289.75
SKU_008,2024-12-09,137,Household,139.21
SKU_008,2024-12-10,117,Household,329.99
SKU_008,2024-12-11,115,Household,51.93
SKU_008,2024-12-12,114,Household,159.07
SKU_008,2024-12-13,116,Household,253.37
SKU_008,2024-12-14,175,Household,440.84
SKU_008,2024-12-15,140,Household,102.11
SKU_008,2024-12-16,149,Household,300.45
SKU_008,2024-12-17,138,Household,333.73
SKU_008,2024-12-18,135,Household,101.77
SKU_008,2024-12-19,123,Household,81.55
SKU_008,2024-12-20,113,Household,455.68
SKU_008,2024-12-21,161,Household,238.21
SKU_008,2024-12-22,163,Household,107.68
SKU_008,2024-12-23,131,Household,407.88
SKU_008,2024-12-24,134,Household,499.2
SKU_008,2024-12-25,158,Household,291.44
SKU_008,2024-12-26,140,Household,344.83
SKU_008,2024-12-27,153,Household,237.44
SKU_008,2024-12-28,164,Household,169.68
SKU_008,2024-12-29,166,Household,363.95
SKU_008,2024-12-30,172,Household,78.43
SKU_008,2024-12-31,167,Household,102.58
SKU_009,2023-01-01,179,Beverage,135.7
SKU_009,2023-01-02,155,Beverage,50.76
SKU_009,2023-01-03,156,Beverage,85.55
SKU_009,2023-01-04,155,Beverage,144.38
SKU_009,2023-01-05,126,Beverage,115.62
SKU_009,2023-01-06,134,Beverage,217.43
SKU_009,2023-01-07,169,Beverage,433.88
SKU_009,2023-01-08,170,Beverage,200.6
SKU_009,2023-01-09,129,Beverage,245.05
SKU_009,2023-01-10,132,Beverage,489.88
SKU_009,2023-01-11,127,Beverage,140.91
SKU_009,2023-01-12,129,Beverage,86.35
SKU_009,2023-01-13,148,Beverage,222.34
SKU_009,2023-01-14,146,Beverage,266.32
SKU_009,2023-01-15,155,Beverage,258.53
SKU_009,2023-01-16,128,Beverage,197.81
SKU_009,2023-01-17,117,Beverage,392.0
SKU_009,2023-01-18,151,Beverage,143.99
SKU_009,2023-01-19,129,Beverage,311.31
SKU_009,2023-01-20,117,Beverage,377.77
SKU_009,2023-01-21,177,Beverage,426.65
SKU_009,2023-01-22,184,Beverage,409.23
SKU_009,2023-01-23,147,Beverage,476.32
SKU_009,2023-01-24,118,Beverage,277.89
SKU_009,2023-01-25,153,Beverage,390.23
SKU_009,2023-01-26,164,Beverage,123.33
SKU_009,2023-01-27,151,Beverage,157.47
SKU_009,2023-01-28,170,Beverage,248.66
SKU_009,2023-01-29,196,Beverage,460.46
SKU_009,2023-01-30,163,Beverage,357.06
SKU_009,2023-01-31,137,Beverage,274.72
SKU_009,2023-02-01,145,Beverage,206.08
SKU_009,2023-02-02,151,Beverage,496.16
SKU_009,2023-02-03,120,Beverage,62.52
SKU_009,2023-02-04,181,Beverage,181.87
SKU_009,2023-02-05,179,Beverage,461.9
SKU_009,2023-02-06,126,Beverage,308.35
SKU_009,2023-02-07,133,Beverage,281.31
SKU_009,2023-02-08,128,Beverage,483.83
SKU_009,2023-02-09,137,Beverage,222.22
SKU_009,2023-02-10,136,Beverage,193.23
SKU_009,2023-02-11,180,Beverage,448.07
SKU_009,2023-02-12,160,Beverage,127.31
SKU_009,2023-02-13,143,Beverage,321.58
SKU_009,2023-02-14,130,Beverage,260.13
SKU_009,2023-02-15,123,Beverage,229.1
SKU_009,2023-02-16,126,Beverage,330.4
SKU_009,2023-02-17,134,Beverage,222.56
SKU_009,2023-02-18,147,Beverage,83.27
SKU_009,2023-02-19,161,Beverage,414.92
SKU_009,2023-02-20,152,Beverage,432.24
SKU_009,2023-02-21,150,Beverage,373.16
SKU_009,2023-02-22,120,Beverage,406.78
SKU_009,2023-02-23,128,Beverage,198.54
SKU_009,2023-02-24,117,Beverage,66.1
SKU_009,2023-02-25,208,Beverage,283.48
SKU_009,2023-02-26,170,Beverage,330.44
SKU_009,2023-02-27,171,Beverage,326.66
SKU_009,2023-02-28,153,Beverage,426.52
SKU_009,2023-03-01,152,Beverage,412.81
SKU_009,2023-03-02,147,Beverage,412.36
SKU_009,2023-03-03,116,Beverage,296.33
SKU_009,2023-03-04,186,Beverage,299.2
SKU_009,2023-03-05,176,Beverage,439.91
SKU_009,2023-03-06,131,Beverage,140.99
SKU_009,2023-03-07,150,Beverage,485.94
SKU_009,2023-03-08,128,Beverage,274.86
SKU_009,2023-03-09,119,Beverage,100.4
SKU_009,2023-03-10,148,Beverage,73.08
SKU_009,2023-03-11,165,Beverage,164.17
SKU_009,2023-03-12,145,Beverage,482.39
SKU_009,2023-03-13,122,Beverage,410.94
SKU_009,2023-03-14,123,Beverage,426.69
SKU_009,2023-03-15,131,Beverage,423.0
SKU_009,2023-03-16,123,Beverage,410.1
SKU_009,2023-03-17,146,Beverage,57.09
SKU_009,2023-03-18,182,Beverage,314.83
SKU_009,2023-03-19,177,Beverage,347.19
SKU_009,2023-03-20,119,Beverage,141.09
SKU_009,2023-03-21,148,Beverage,434.12
SKU_009,2023-03-22,144,Beverage,72.69
SKU_009,2023-03-23,146,Beverage,52.26
SKU_009,2023-03-24,120,Beverage,425.44
SKU_009,2023-03-25,162,Beverage,494.84
SKU_009,2023-03-26,203,Beverage,74.65
SKU_009,2023-03-27,176,Beverage,109.49
SKU_009,2023-03-28,151,Beverage,175.69
SKU_009,2023-03-29,135,Beverage,444.67
SKU_009,2023-03-30,171,Beverage,374.97
SKU_009,2023-03-31,158,Beverage,250.54
SKU_009,2023-04-01,148,Beverage,431.77
SKU_009,2023-04-02,160,Beverage,195.94
SKU_009,2023-04-03,120,Beverage,401.52
SKU_009,2023-04-04,151,Beverage,230.19
SKU_009,2023-04-05,150,Beverage,275.55
SKU_009,2023-04-06,122,Beverage,77.06
SKU_009,2023-04-07,147,Beverage,464.16
SKU_009,2023-04-08,181,Beverage,315.76
SKU_009,2023-04-09,176,Beverage,79.48
SKU_009,2023-04-10,130,Beverage,467.68
SKU_009,2023-04-11,138,Beverage,302.79
SKU_009,2023-04-12,118,Beverage,60.43
SKU_009,2023-04-13,147,Beverage,402.58
SKU_009,2023-04-14,144,Beverage,181.4
SKU_009,2023-04-15,175,Beverage,315.2
SKU_009,2023-04-16,163,Beverage,203.46
SKU_009,2023-04-17,132,Beverage,341.9
SKU_009,2023-04-18,132,Beverage,380.81
SKU_009,2023-04-19,142,Beverage,323.65
SKU_009,2023-04-20,128,Beverage,253.5
SKU_009,2023-04-21,147,Beverage,114.37
SKU_009,2023-04-22,146,Beverage,124.97
SKU_009,2023-04-23,173,Beverage,167.32
SKU_009,2023-04-24,127,Beverage,282.26
SKU_009,2023-04-25,140,Beverage,491.2
SKU_009,2023-04-26,167,Beverage,486.65
SKU_009,2023-04-27,164,Beverage,301.37
SKU_009,2023-04-28,178,Beverage,220.38
SKU_009,2023-04-29,201,Beverage,242.58
SKU_009,2023-04-30,190,Beverage,87.25
SKU_009,2023-05-01,148,Beverage,75.1
SKU_009,2023-05-02,155,Beverage,438.95
SKU_009,2023-05-03,128,Beverage,287.48
SKU_009,2023-05-04,153,Beverage,68.92
SKU_009,2023-05-05,134,Beverage,418.52
SKU_009,2023-05-06,147,Beverage,269.32
SKU_009,2023-05-07,183,Beverage,460.36
SKU_009,2023-05-08,127,Beverage,356.44
SKU_009,2023-05-09,149,Beverage,380.89
SKU_009,2023-05-10,146,Beverage,490.09
SKU_009,2023-05-11,144,Beverage,386.44
SKU_009,2023-05-12,118,Beverage,53.43
SKU_009,2023-05-13,187,Beverage,312.84
SKU_009,2023-05-14,161,Beverage,193.39
SKU_009,2023-05-15,155,Beverage,64.82
SKU_009,2023-05-16,124,Beverage,280.11
SKU_009,2023-05-17,146,Beverage,318.9
SKU_009,2023-05-18,140,Beverage,231.65
SKU_009,2023-05-19,116,Beverage,107.83
SKU_009,2023-05-20,166,Beverage,417.87
SKU_009,2023-05-21,146,Beverage,417.22
SKU_009,2023-05-22,152,Beverage,250.05
SKU_009,2023-05-23,126,Beverage,450.28
SKU_009,2023-05-24,156,Beverage,256.52
SKU_009,2023-05-25,158,Beverage,128.25
SKU_009,2023-05-26,136,Beverage,182.8
SKU_009,2023-05-27,202,Beverage,365.91
SKU_009,2023-05-28,210,Beverage,71.89
SKU_009,2023-05-29,150,Beverage,498.83
SKU_009,2023-05-30,164,Beverage,241.76
SKU_009,2023-05-31,153,Beverage,361.37
SKU_009,2023-06-01,145,Beverage,382.68
SKU_009,2023-06-02,117,Beverage,351.54
SKU_009,2023-06-03,164,Beverage,363.85
SKU_009,2023-06-04,178,Beverage,156.86
SKU_009,2023-06-05,128,Beverage,234.57
SKU_009,2023-06-06,149,Beverage,53.23
SKU_009,2023-06-07,140,Beverage,181.7
SKU_009,2023-06-08,123,Beverage,84.98
SKU_009,2023-06-09,141,Beverage,424.66
SKU_009,2023-06-10,144,Beverage,461.76
SKU_009,2023-06-11,153,Beverage,356.25
SKU_009,2023-06-12,116,Beverage,461.32
SKU_009,2023-06-13,120,Beverage,125.51
SKU_009,2023-06-14,144,Beverage,88.22
SKU_009,2023-06-15,146,Beverage,490.53
SKU_009,2023-06-16,146,Beverage,132.12
SKU_009,2023-06-17,174,Beverage,186.41
SKU_009,2023-06-18,146,Beverage,349.37
SKU_009,2023-06-19,147,Beverage,422.88
SKU_009,2023-06-20,127,Beverage,460.65
SKU_009,2023-06-21,125,Beverage,133.32
SKU_009,2023-06-22,132,Beverage,196.44
SKU_009,2023-06-23,124,Beverage,382.25
SKU_009,2023-06-24,148,Beverage,67.36
SKU_009,2023-06-25,178,Beverage,350.79
SKU_009,2023-06-26,138,Beverage,313.09
SKU_009,2023-06-27,157,Beverage,445.26
SKU_009,2023-06-28,169,Beverage,284.73
SKU_009,2023-06-29,161,Beverage,58.03
SKU_009,2023-06-30,176,Beverage,457.36
SKU_009,2023-07-01,157,Beverage,451.24
SKU_009,2023-07-02,152,Beverage,203.09
SKU_009,2023-07-03,150,Beverage,224.77
SKU_009,2023-07-04,146,Beverage,170.31
SKU_009,2023-07-05,146,Beverage,369.61
SKU_009,2023-07-06,123,Beverage,159.35
SKU_009,2023-07-07,134,Beverage,447.92
SKU_009,2023-07-08,163,Beverage,466.16
SKU_009,2023-07-09,180,Beverage,344.75
SKU_009,2023-07-10,119,Beverage,225.98
SKU_009,2023-07-11,123,Beverage,65.93
SKU_009,2023-07-12,117,Beverage,87.52
SKU_009,2023-07-13,137,Beverage,478.35
SKU_009,2023-07-14,122,Beverage,464.4
SKU_009,2023-07-15,173,Beverage,139.48
SKU_009,2023-07-16,185,Beverage,210.92
SKU_009,2023-07-17,117,Beverage,90.01
SKU_009,2023-07-18,127,Beverage,473.57
SKU_009,2023-07-19,133,Beverage,327.41
SKU_009,2023-07-20,133,Beverage,189.11
SKU_009,2023-07-21,144,Beverage,251.55
SKU_009,2023-07-22,172,Beverage,374.37
SKU_009,2023-07-23,143,Beverage,299.2
SKU_009,2023-07-24,146,Beverage,196.92
SKU_009,2023-07-25,157,Beverage,466.5
SKU_009,2023-07-26,154,Beverage,64.42
SKU_009,2023-07-27,140,Beverage,126.56
SKU_009,2023-07-28,154,Beverage,328.61
SKU_009,2023-07-29,195,Beverage,180.15
SKU_009,2023-07-30,202,Beverage,92.44
SKU_009,2023-07-31,140,Beverage,189.97
SKU_009,2023-08-01,137,Beverage,385.2
SKU_009,2023-08-02,129,Beverage,476.04
SKU_009,2023-08-03,140,Beverage,185.31
SKU_009,2023-08-04,128,Beverage,419.92
SKU_009,2023-08-05,143,Beverage,283.3
SKU_009,2023-08-06,164,Beverage,79.54
SKU_009,2023-08-07,132,Beverage,136.62
SKU_009,2023-08-08,133,Beverage,145.28
SKU_009,2023-08-09,135,Beverage,196.95
SKU_009,2023-08-10,134,Beverage,282.42
SKU_009,2023-08-11,118,Beverage,167.54
SKU_009,2023-08-12,162,Beverage,444.67
SKU_009,2023-08-13,140,Beverage,290.03
SKU_009,2023-08-14,127,Beverage,294.17
SKU_009,2023-08-15,129,Beverage,174.6
SKU_009,2023-08-16,147,Beverage,255.99
SKU_009,2023-08-17,129,Beverage,280.96
SKU_009,2023-08-18,145,Beverage,134.38
SKU_009,2023-08-19,163,Beverage,264.18
SKU_009,2023-08-20,169,Beverage,309.96
SKU_009,2023-08-21,155,Beverage,292.78
SKU_009,2023-08-22,126,Beverage,98.06
SKU_009,2023-08-23,152,Beverage,359.17
SKU_009,2023-08-24,123,Beverage,193.32
SKU_009,2023-08-25,148,Beverage,152.66
SKU_009,2023-08-26,166,Beverage,193.02
SKU_009,2023-08-27,210,Beverage,485.71
SKU_009,2023-08-28,155,Beverage,127.21
SKU_009,2023-08-29,167,Beverage,206.87
SKU_009,2023-08-30,142,Beverage,130.57
SKU_009,2023-08-31,139,Beverage,252.02
SKU_009,2023-09-01,121,Beverage,465.57
SKU_009,2023-09-02,178,Beverage,150.53
SKU_009,2023-09-03,157,Beverage,84.32
SKU_009,2023-09-04,127,Beverage,294.37
SKU_009,2023-09-05,145,Beverage,272.56
SKU_009,2023-09-06,149,Beverage,83.72
SKU_009,2023-09-07,145,Beverage,282.13
SKU_009,2023-09-08,131,Beverage,129.46
SKU_009,2023-09-09,157,Beverage,323.13
SKU_009,2023-09-10,167,Beverage,384.39
SKU_009,2023-09-11,116,Beverage,284.62
SKU_009,2023-09-12,136,Beverage,218.69
SKU_009,2023-09-13,140,Beverage,75.07
SKU_009,2023-09-14,124,Beverage,77.27
SKU_009,2023-09-15,127,Beverage,379.97
SKU_009,2023-09-16,145,Beverage,415.82
SKU_009,2023-09-17,142,Beverage,64.25
SKU_009,2023-09-18,139,Beverage,350.59
SKU_009,2023-09-19,141,Beverage,457.22
SKU_009,2023-09-20,116,Beverage,253.67
SKU_009,2023-09-21,134,Beverage,301.4
SKU_009,2023-09-22,142,Beverage,86.54
SKU_009,2023-09-23,148,Beverage,54.46
SKU_009,2023-09-24,163,Beverage,426.45
SKU_009,2023-09-25,143,Beverage,127.75
SKU_009,2023-09-26,176,Beverage,436.77
SKU_009,2023-09-27,161,Beverage,301.56
SKU_009,2023-09-28,139,Beverage,114.6
SKU_009,2023-09-29,162,Beverage,418.04
SKU_009,2023-09-30,182,Beverage,431.16
SKU_009,2023-10-01,190,Beverage,354.25
SKU_009,2023-10-02,168,Beverage,83.12
SKU_009,2023-10-03,181,Beverage,208.7
SKU_009,2023-10-04,191,Beverage,103.0
SKU_009,2023-10-05,162,Beverage,306.65
SKU_009,2023-10-06,190,Beverage,396.05
SKU_009,2023-10-07,233,Beverage,168.17
SKU_009,2023-10-08,275,Beverage,363.85
SKU_009,2023-10-09,261,Beverage,442.14
SKU_009,2023-10-10,256,Beverage,98.98
SKU_009,2023-10-11,269,Beverage,146.1
SKU_009,2023-10-12,236,Beverage,483.21
SKU_009,2023-10-13,234,Beverage,397.56
SKU_009,2023-10-14,286,Beverage,160.31
SKU_009,2023-10-15,522,Beverage,438.9
SKU_009,2023-10-16,171,Beverage,142.67
SKU_009,2023-10-17,248,Beverage,53.73
SKU_009,2023-10-18,273,Beverage,336.56
SKU_009,2023-10-19,300,Beverage,351.44
SKU_009,2023-10-20,266,Beverage,489.56
SKU_009,2023-10-21,347,Beverage,485.83
SKU_009,2023-10-22,347,Beverage,472.11
SKU_009,2023-10-23,236,Beverage,288.51
SKU_009,2023-10-24,454,Beverage,396.68
SKU_009,2023-10-25,203,Beverage,175.15
SKU_009,2023-10-26,188,Beverage,187.51
SKU_009,2023-10-27,201,Beverage,395.97
SKU_009,2023-10-28,208,Beverage,259.78
SKU_009,2023-10-29,224,Beverage,71.82
SKU_009,2023-10-30,212,Beverage,329.36
SKU_009,2023-10-31,208,Beverage,343.28
SKU_009,2023-11-01,194,Beverage,64.8
SKU_009,2023-11-02,174,Beverage,60.91
SKU_009,2023-11-03,183,Beverage,365.39
SKU_009,2023-11-04,193,Beverage,262.17
SKU_009,2023-11-05,205,Beverage,453.14
SKU_009,2023-11-06,152,Beverage,487.84
SKU_009,2023-11-07,167,Beverage,241.7
SKU_009,2023-11-08,193,Beverage,280.09
SKU_009,2023-11-09,193,Beverage,461.03
SKU_009,2023-11-10,151,Beverage,432.36
SKU_009,2023-11-11,189,Beverage,100.82
SKU_009,2023-11-12,190,Beverage,390.51
SKU_009,2023-11-13,154,Beverage,409.41
SKU_009,2023-11-14,188,Beverage,341.42
SKU_009,2023-11-15,176,Beverage,98.84
SKU_009,2023-11-16,189,Beverage,419.33
SKU_009,2023-11-17,200,Beverage,377.52
SKU_009,2023-11-18,218,Beverage,131.72
SKU_009,2023-11-19,198,Beverage,64.36
SKU_009,2023-11-20,157,Beverage,279.65
SKU_009,2023-11-21,171,Beverage,404.09
SKU_009,2023-11-22,177,Beverage,413.64
SKU_009,2023-11-23,162,Beverage,254.83
SKU_009,2023-11-24,174,Beverage,354.8
SKU_009,2023-11-25,267,Beverage,485.81
SKU_009,2023-11-26,260,Beverage,173.07
SKU_009,2023-11-27,200,Beverage,65.91
SKU_009,2023-11-28,227,Beverage,272.5
SKU_009,2023-11-29,204,Beverage,373.57
SKU_009,2023-11-30,213,Beverage,290.91
SKU_009,2023-12-01,184,Beverage,218.11
SKU_009,2023-12-02,233,Beverage,152.63
SKU_009,2023-12-03,197,Beverage,450.75
SKU_009,2023-12-04,177,Beverage,357.3
SKU_009,2023-12-05,197,Beverage,352.56
SKU_009,2023-12-06,202,Beverage,442.92
SKU_009,2023-12-07,152,Beverage,192.35
SKU_009,2023-12-08,186,Beverage,209.06
SKU_009,2023-12-09,204,Beverage,191.51
SKU_009,2023-12-10,230,Beverage,358.08
SKU_009,2023-12-11,175,Beverage,152.11
SKU_009,2023-12-12,154,Beverage,381.47
SKU_009,2023-12-13,167,Beverage,333.33
SKU_009,2023-12-14,176,Beverage,268.22
SKU_009,2023-12-15,155,Beverage,386.05
SKU_009,2023-12-16,204,Beverage,113.53
SKU_009,2023-12-17,234,Beverage,277.76
SKU_009,2023-12-18,155,Beverage,161.11
SKU_009,2023-12-19,197,Beverage,225.63
SKU_009,2023-12-20,172,Beverage,316.4
SKU_009,2023-12-21,173,Beverage,448.79
SKU_009,2023-12-22,151,Beverage,481.65
SKU_009,2023-12-23,209,Beverage,362.14
SKU_009,2023-12-24,205,Beverage,55.07
SKU_009,2023-12-25,203,Beverage,397.42
SKU_009,2023-12-26,187,Beverage,435.56
SKU_009,2023-12-27,188,Beverage,267.32
SKU_009,2023-12-28,196,Beverage,83.7
SKU_009,2023-12-29,215,Beverage,280.51
SKU_009,2023-12-30,217,Beverage,436.76
SKU_009,2023-12-31,243,Beverage,76.88
SKU_009,2024-01-01,147,Beverage,155.31
SKU_009,2024-01-02,143,Beverage,471.19
SKU_009,2024-01-03,138,Beverage,278.37
SKU_009,2024-01-04,120,Beverage,151.21
SKU_009,2024-01-05,126,Beverage,291.63
SKU_009,2024-01-06,183,Beverage,96.45
SKU_009,2024-01-07,148,Beverage,114.93
SKU_009,2024-01-08,189,Beverage,69.59
SKU_009,2024-01-09,196,Beverage,174.62
SKU_009,2024-01-10,191,Beverage,388.26
SKU_009,2024-01-11,212,Beverage,444.69
SKU_009,2024-01-12,231,Beverage,198.19
SKU_009,2024-01-13,238,Beverage,206.9
SKU_009,2024-01-14,232,Beverage,305.47
SKU_009,2024-01-15,383,Beverage,465.67
SKU_009,2024-01-16,133,Beverage,358.9
SKU_009,2024-01-17,145,Beverage,262.89
SKU_009,2024-01-18,121,Beverage,149.53
SKU_009,2024-01-19,127,Beverage,143.66
SKU_009,2024-01-20,173,Beverage,117.58
SKU_009,2024-01-21,177,Beverage,416.36
SKU_009,2024-01-22,138,Beverage,383.83
SKU_009,2024-01-23,124,Beverage,280.0
SKU_009,2024-01-24,150,Beverage,457.78
SKU_009,2024-01-25,156,Beverage,260.42
SKU_009,2024-01-26,143,Beverage,257.64
SKU_009,2024-01-27,187,Beverage,60.4
SKU_009,2024-01-28,207,Beverage,60.44
SKU_009,2024-01-29,160,Beverage,198.17
SKU_009,2024-01-30,165,Beverage,125.71
SKU_009,2024-01-31,146,Beverage,468.08
SKU_009,2024-02-01,127,Beverage,430.69
SKU_009,2024-02-02,145,Beverage,55.79
SKU_009,2024-02-03,156,Beverage,299.85
SKU_009,2024-02-04,184,Beverage,146.76
SKU_009,2024-02-05,154,Beverage,308.38
SKU_009,2024-02-06,145,Beverage,309.32
SKU_009,2024-02-07,120,Beverage,386.04
SKU_009,2024-02-08,139,Beverage,336.12
SKU_009,2024-02-09,147,Beverage,264.78
SKU_009,2024-02-10,152,Beverage,344.83
SKU_009,2024-02-11,160,Beverage,239.23
SKU_009,2024-02-12,149,Beverage,152.23
SKU_009,2024-02-13,151,Beverage,116.62
SKU_009,2024-02-14,130,Beverage,327.79
SKU_009,2024-02-15,116,Beverage,290.99
SKU_009,2024-02-16,123,Beverage,458.74
SKU_009,2024-02-17,170,Beverage,468.27
SKU_009,2024-02-18,183,Beverage,283.33
SKU_009,2024-02-19,140,Beverage,351.26
SKU_009,2024-02-20,149,Beverage,186.94
SKU_009,2024-02-21,134,Beverage,262.73
SKU_009,2024-02-22,134,Beverage,91.38
SKU_009,2024-02-23,152,Beverage,263.35
SKU_009,2024-02-24,180,Beverage,156.37
SKU_009,2024-02-25,182,Beverage,210.83
SKU_009,2024-02-26,147,Beverage,52.27
SKU_009,2024-02-27,134,Beverage,134.87
SKU_009,2024-02-28,162,Beverage,314.34
SKU_009,2024-02-29,160,Beverage,343.11
SKU_009,2024-03-01,139,Beverage,51.32
SKU_009,2024-03-02,180,Beverage,332.9
SKU_009,2024-03-03,159,Beverage,428.44
SKU_009,2024-03-04,150,Beverage,226.3
SKU_009,2024-03-05,151,Beverage,126.03
SKU_009,2024-03-06,144,Beverage,301.03
SKU_009,2024-03-07,150,Beverage,198.28
SKU_009,2024-03-08,130,Beverage,396.24
SKU_009,2024-03-09,167,Beverage,178.65
SKU_009,2024-03-10,178,Beverage,489.06
SKU_009,2024-03-11,115,Beverage,395.86
SKU_009,2024-03-12,132,Beverage,118.19
SKU_009,2024-03-13,151,Beverage,106.89
SKU_009,2024-03-14,131,Beverage,462.4
SKU_009,2024-03-15,153,Beverage,246.74
SKU_009,2024-03-16,178,Beverage,458.86
SKU_009,2024-03-17,169,Beverage,353.31
SKU_009,2024-03-18,153,Beverage,421.37
SKU_009,2024-03-19,151,Beverage,460.83
SKU_009,2024-03-20,137,Beverage,310.91
SKU_009,2024-03-21,123,Beverage,432.56
SKU_009,2024-03-22,144,Beverage,476.14
SKU_009,2024-03-23,182,Beverage,388.85
SKU_009,2024-03-24,154,Beverage,329.79
SKU_009,2024-03-25,165,Beverage,393.83
SKU_009,2024-03-26,166,Beverage,191.18
SKU_009,2024-03-27,155,Beverage,397.33
SKU_009,2024-03-28,157,Beverage,310.31
SKU_009,2024-03-29,174,Beverage,424.83
SKU_009,2024-03-30,207,Beverage,173.53
SKU_009,2024-03-31,211,Beverage,148.51
SKU_009,2024-04-01,133,Beverage,418.07
SKU_009,2024-04-02,142,Beverage,346.88
SKU_009,2024-04-03,123,Beverage,66.12
SKU_009,2024-04-04,146,Beverage,492.48
SKU_009,2024-04-05,151,Beverage,482.52
SKU_009,2024-04-06,143,Beverage,440.59
SKU_009,2024-04-07,180,Beverage,68.74
SKU_009,2024-04-08,130,Beverage,275.04
SKU_009,2024-04-09,143,Beverage,417.65
SKU_009,2024-04-10,132,Beverage,224.21
SKU_009,2024-04-11,147,Beverage,266.83
SKU_009,2024-04-12,132,Beverage,198.68
SKU_009,2024-04-13,142,Beverage,317.31
SKU_009,2024-04-14,165,Beverage,90.74
SKU_009,2024-04-15,116,Beverage,108.8
SKU_009,2024-04-16,130,Beverage,249.72
SKU_009,2024-04-17,152,Beverage,392.53
SKU_009,2024-04-18,146,Beverage,217.96
SKU_009,2024-04-19,136,Beverage,229.64
SKU_009,2024-04-20,177,Beverage,479.69
SKU_009,2024-04-21,150,Beverage,452.79
SKU_009,2024-04-22,144,Beverage,387.01
SKU_009,2024-04-23,147,Beverage,317.39
SKU_009,2024-04-24,127,Beverage,320.7
SKU_009,2024-04-25,139,Beverage,487.76
SKU_009,2024-04-26,158,Beverage,405.91
SKU_009,2024-04-27,187,Beverage,249.08
SKU_009,2024-04-28,182,Beverage,295.63
SKU_009,2024-04-29,173,Beverage,264.89
SKU_009,2024-04-30,154,Beverage,259.41
SKU_009,2024-05-01,148,Beverage,422.0
SKU_009,2024-05-02,127,Beverage,480.07
SKU_009,2024-05-03,154,Beverage,181.76
SKU_009,2024-05-04,177,Beverage,321.1
SKU_009,2024-05-05,166,Beverage,266.11
SKU_009,2024-05-06,129,Beverage,465.48
SKU_009,2024-05-07,137,Beverage,75.96
SKU_009,2024-05-08,127,Beverage,407.21
SKU_009,2024-05-09,154,Beverage,426.72
SKU_009,2024-05-10,117,Beverage,218.31
SKU_009,2024-05-11,175,Beverage,76.16
SKU_009,2024-05-12,176,Beverage,424.75
SKU_009,2024-05-13,147,Beverage,431.83
SKU_009,2024-05-14,116,Beverage,237.54
SKU_009,2024-05-15,132,Beverage,142.39
SKU_009,2024-05-16,125,Beverage,368.11
SKU_009,2024-05-17,134,Beverage,204.98
SKU_009,2024-05-18,162,Beverage,208.1
SKU_009,2024-05-19,151,Beverage,348.54
SKU_009,2024-05-20,136,Beverage,110.03
SKU_009,2024-05-21,131,Beverage,374.01
SKU_009,2024-05-22,140,Beverage,126.75
SKU_009,2024-05-23,144,Beverage,72.89
SKU_009,2024-05-24,127,Beverage,318.42
SKU_009,2024-05-25,160,Beverage,160.66
SKU_009,2024-05-26,197,Beverage,397.39
SKU_009,2024-05-27,149,Beverage,227.23
SKU_009,2024-05-28,172,Beverage,150.42
SKU_009,2024-05-29,152,Beverage,235.76
SKU_009,2024-05-30,155,Beverage,471.75
SKU_009,2024-05-31,134,Beverage,464.93
SKU_009,2024-06-01,142,Beverage,483.64
SKU_009,2024-06-02,152,Beverage,319.07
SKU_009,2024-06-03,156,Beverage,442.8
SKU_009,2024-06-04,151,Beverage,160.52
SKU_009,2024-06-05,117,Beverage,153.15
SKU_009,2024-06-06,129,Beverage,424.31
SKU_009,2024-06-07,124,Beverage,330.23
SKU_009,2024-06-08,143,Beverage,479.16
SKU_009,2024-06-09,174,Beverage,268.61
SKU_009,2024-06-10,138,Beverage,140.26
SKU_009,2024-06-11,146,Beverage,481.04
SKU_009,2024-06-12,131,Beverage,413.71
SKU_009,2024-06-13,131,Beverage,288.03
SKU_009,2024-06-14,142,Beverage,65.28
SKU_009,2024-06-15,172,Beverage,108.82
SKU_009,2024-06-16,173,Beverage,350.84
SKU_009,2024-06-17,139,Beverage,139.87
SKU_009,2024-06-18,117,Beverage,322.83
SKU_009,2024-06-19,148,Beverage,487.47
SKU_009,2024-06-20,126,Beverage,155.7
SKU_009,2024-06-21,154,Beverage,344.62
SKU_009,2024-06-22,155,Beverage,252.21
SKU_009,2024-06-23,182,Beverage,351.31
SKU_009,2024-06-24,153,Beverage,304.56
SKU_009,2024-06-25,143,Beverage,148.74
SKU_009,2024-06-26,147,Beverage,54.54
SKU_009,2024-06-27,176,Beverage,184.39
SKU_009,2024-06-28,172,Beverage,124.88
SKU_009,2024-06-29,161,Beverage,312.19
SKU_009,2024-06-30,193,Beverage,147.78
SKU_009,2024-07-01,143,Beverage,163.86
SKU_009,2024-07-02,151,Beverage,181.96
SKU_009,2024-07-03,144,Beverage,77.62
SKU_009,2024-07-04,134,Beverage,393.52
SKU_009,2024-07-05,126,Beverage,306.91
SKU_009,2024-07-06,177,Beverage,313.53
SKU_009,2024-07-07,152,Beverage,194.39
SKU_009,2024-07-08,146,Beverage,87.03
SKU_009,2024-07-09,141,Beverage,51.3
SKU_009,2024-07-10,152,Beverage,319.23
SKU_009,2024-07-11,119,Beverage,423.3
SKU_009,2024-07-12,133,Beverage,176.08
SKU_009,2024-07-13,153,Beverage,467.47
SKU_009,2024-07-14,178,Beverage,149.28
SKU_009,2024-07-15,143,Beverage,267.91
SKU_009,2024-07-16,150,Beverage,203.3
SKU_009,2024-07-17,141,Beverage,479.39
SKU_009,2024-07-18,155,Beverage,107.4
SKU_009,2024-07-19,132,Beverage,52.47
SKU_009,2024-07-20,175,Beverage,210.95
SKU_009,2024-07-21,176,Beverage,78.73
SKU_009,2024-07-22,133,Beverage,146.87
SKU_009,2024-07-23,138,Beverage,247.64
SKU_009,2024-07-24,139,Beverage,314.68
SKU_009,2024-07-25,137,Beverage,232.15
SKU_009,2024-07-26,159,Beverage,474.71
SKU_009,2024-07-27,201,Beverage,104.53
SKU_009,2024-07-28,209,Beverage,179.92
SKU_009,2024-07-29,139,Beverage,53.67
SKU_009,2024-07-30,152,Beverage,246.55
SKU_009,2024-07-31,142,Beverage,146.9
SKU_009,2024-08-01,125,Beverage,247.63
SKU_009,2024-08-02,119,Beverage,463.44
SKU_009,2024-08-03,160,Beverage,335.32
SKU_009,2024-08-04,169,Beverage,108.55
SKU_009,2024-08-05,117,Beverage,123.02
SKU_009,2024-08-06,148,Beverage,310.02
SKU_009,2024-08-07,156,Beverage,341.94
SKU_009,2024-08-08,137,Beverage,70.08
SKU_009,2024-08-09,135,Beverage,211.1
SKU_009,2024-08-10,175,Beverage,268.98
SKU_009,2024-08-11,172,Beverage,282.53
SKU_009,2024-08-12,137,Beverage,99.38
SKU_009,2024-08-13,137,Beverage,131.0
SKU_009,2024-08-14,119,Beverage,93.23
SKU_009,2024-08-15,142,Beverage,82.56
SKU_009,2024-08-16,144,Beverage,452.98
SKU_009,2024-08-17,178,Beverage,473.64
SKU_009,2024-08-18,167,Beverage,207.73
SKU_009,2024-08-19,152,Beverage,107.54
SKU_009,2024-08-20,150,Beverage,398.49
SKU_009,2024-08-21,121,Beverage,249.18
SKU_009,2024-08-22,120,Beverage,308.06
SKU_009,2024-08-23,150,Beverage,182.3
SKU_009,2024-08-24,184,Beverage,347.45
SKU_009,2024-08-25,193,Beverage,143.43
SKU_009,2024-08-26,143,Beverage,95.16
SKU_009,2024-08-27,151,Beverage,485.02
SKU_009,2024-08-28,160,Beverage,369.32
SKU_009,2024-08-29,136,Beverage,384.35
SKU_009,2024-08-30,138,Beverage,277.52
SKU_009,2024-08-31,173,Beverage,115.97
SKU_009,2024-09-01,164,Beverage,60.19
SKU_009,2024-09-02,145,Beverage,299.6
SKU_009,2024-09-03,136,Beverage,209.06
SKU_009,2024-09-04,128,Beverage,272.31
SKU_009,2024-09-05,149,Beverage,135.64
SKU_009,2024-09-06,122,Beverage,433.6
SKU_009,2024-09-07,145,Beverage,365.4
SKU_009,2024-09-08,177,Beverage,164.74
SKU_009,2024-09-09,155,Beverage,486.86
SKU_009,2024-09-10,130,Beverage,207.98
SKU_009,2024-09-11,142,Beverage,457.05
SKU_009,2024-09-12,141,Beverage,134.25
SKU_009,2024-09-13,118,Beverage,161.38
SKU_009,2024-09-14,179,Beverage,107.85
SKU_009,2024-09-15,151,Beverage,190.77
SKU_009,2024-09-16,133,Beverage,236.51
SKU_009,2024-09-17,121,Beverage,232.6
SKU_009,2024-09-18,121,Beverage,347.25
SKU_009,2024-09-19,122,Beverage,299.58
SKU_009,2024-09-20,148,Beverage,470.79
SKU_009,2024-09-21,163,Beverage,311.14
SKU_009,2024-09-22,187,Beverage,396.12
SKU_009,2024-09-23,131,Beverage,72.31
SKU_009,2024-09-24,126,Beverage,309.97
SKU_009,2024-09-25,167,Beverage,51.49
SKU_009,2024-09-26,175,Beverage,428.22
SKU_009,2024-09-27,155,Beverage,284.8
SKU_009,2024-09-28,186,Beverage,308.29
SKU_009,2024-09-29,204,Beverage,249.97
SKU_009,2024-09-30,159,Beverage,284.89
SKU_009,2024-10-01,169,Beverage,410.28
SKU_009,2024-10-02,157,Beverage,101.18
SKU_009,2024-10-03,200,Beverage,487.15
SKU_009,2024-10-04,174,Beverage,301.3
SKU_009,2024-10-05,313,Beverage,455.05
SKU_009,2024-10-06,298,Beverage,133.27
SKU_009,2024-10-07,261,Beverage,82.9
SKU_009,2024-10-08,297,Beverage,128.89
SKU_009,2024-10-09,257,Beverage,226.47
SKU_009,2024-10-10,227,Beverage,368.77
SKU_009,2024-10-11,288,Beverage,339.29
SKU_009,2024-10-12,570,Beverage,456.25
SKU_009,2024-10-13,233,Beverage,420.22
SKU_009,2024-10-14,201,Beverage,373.48
SKU_009,2024-10-15,176,Beverage,291.15
SKU_009,2024-10-16,194,Beverage,223.97
SKU_009,2024-10-17,176,Beverage,93.44
SKU_009,2024-10-18,155,Beverage,393.86
SKU_009,2024-10-19,203,Beverage,67.17
SKU_009,2024-10-20,208,Beverage,69.71
SKU_009,2024-10-21,179,Beverage,463.47
SKU_009,2024-10-22,184,Beverage,384.19
SKU_009,2024-10-23,201,Beverage,444.0
SKU_009,2024-10-24,166,Beverage,180.52
SKU_009,2024-10-25,260,Beverage,381.03
SKU_009,2024-10-26,406,Beverage,441.41
SKU_009,2024-10-27,369,Beverage,79.4
SKU_009,2024-10-28,331,Beverage,88.25
SKU_009,2024-10-29,339,Beverage,426.91
SKU_009,2024-10-30,287,Beverage,306.58
SKU_009,2024-10-31,341,Beverage,312.23
SKU_009,2024-11-01,446,Beverage,447.63
SKU_009,2024-11-02,221,Beverage,371.54
SKU_009,2024-11-03,241,Beverage,344.11
SKU_009,2024-11-04,186,Beverage,467.56
SKU_009,2024-11-05,189,Beverage,348.06
SKU_009,2024-11-06,187,Beverage,86.67
SKU_009,2024-11-07,169,Beverage,343.23
SKU_009,2024-11-08,165,Beverage,152.01
SKU_009,2024-11-09,188,Beverage,319.93
SKU_009,2024-11-10,225,Beverage,178.48
SKU_009,2024-11-11,191,Beverage,397.17
SKU_009,2024-11-12,164,Beverage,133.57
SKU_009,2024-11-13,166,Beverage,285.52
SKU_009,2024-11-14,156,Beverage,95.67
SKU_009,2024-11-15,187,Beverage,486.23
SKU_009,2024-11-16,213,Beverage,363.65
SKU_009,2024-11-17,187,Beverage,476.12
SKU_009,2024-11-18,195,Beverage,230.02
SKU_009,2024-11-19,182,Beverage,452.67
SKU_009,2024-11-20,200,Beverage,337.77
SKU_009,2024-11-21,166,Beverage,486.22
SKU_009,2024-11-22,187,Beverage,196.75
SKU_009,2024-11-23,180,Beverage,449.83
SKU_009,2024-11-24,182,Beverage,374.32
SKU_009,2024-11-25,173,Beverage,343.73
SKU_009,2024-11-26,233,Beverage,258.59
SKU_009,2024-11-27,214,Beverage,208.56
SKU_009,2024-11-28,198,Beverage,287.08
SKU_009,2024-11-29,208,Beverage,450.96
SKU_009,2024-11-30,237,Beverage,169.26
SKU_009,2024-12-01,210,Beverage,57.21
SKU_009,2024-12-02,193,Beverage,180.92
SKU_009,2024-12-03,198,Beverage,160.08
SKU_009,2024-12-04,150,Beverage,110.01
SKU_009,2024-12-05,183,Beverage,85.18
SKU_009,2024-12-06,192,Beverage,173.08
SKU_009,2024-12-07,229,Beverage,111.02
SKU_009,2024-12-08,195,Beverage,286.35
SKU_009,2024-12-09,174,Beverage,318.63
SKU_009,2024-12-10,184,Beverage,191.64
SKU_009,2024-12-11,200,Beverage,398.23
SKU_009,2024-12-12,185,Beverage,480.42
SKU_009,2024-12-13,186,Beverage,117.65
SKU_009,2024-12-14,213,Beverage,397.38
SKU_009,2024-12-15,187,Beverage,173.78
SKU_009,2024-12-16,152,Beverage,184.36
SKU_009,2024-12-17,160,Beverage,393.56
SKU_009,2024-12-18,199,Beverage,391.91
SKU_009,2024-12-19,192,Beverage,50.63
SKU_009,2024-12-20,158,Beverage,300.07
SKU_009,2024-12-21,187,Beverage,473.86
SKU_009,2024-12-22,192,Beverage,157.82
SKU_009,2024-12-23,160,Beverage,225.49
SKU_009,2024-12-24,181,Beverage,341.4
SKU_009,2024-12-25,231,Beverage,476.5
SKU_009,2024-12-26,209,Beverage,94.47
SKU_009,2024-12-27,220,Beverage,325.2
SKU_009,2024-12-28,276,Beverage,122.61
SKU_009,2024-12-29,258,Beverage,324.45
SKU_009,2024-12-30,215,Beverage,70.87
SKU_009,2024-12-31,204,Beverage,320.37
SKU_010,2023-01-01,90,Beverage,483.39
SKU_010,2023-01-02,66,Beverage,235.91
SKU_010,2023-01-03,70,Beverage,408.85
SKU_010,2023-01-04,80,Beverage,83.85
SKU_010,2023-01-05,72,Beverage,474.52
SKU_010,2023-01-06,67,Beverage,409.01
SKU_010,2023-01-07,80,Beverage,165.78
SKU_010,2023-01-08,88,Beverage,334.36
SKU_010,2023-01-09,62,Beverage,204.4
SKU_010,2023-01-10,75,Beverage,418.91
SKU_010,2023-01-11,79,Beverage,278.97
SKU_010,2023-01-12,80,Beverage,384.51
SKU_010,2023-01-13,73,Beverage,102.83
SKU_010,2023-01-14,81,Beverage,121.12
SKU_010,2023-01-15,84,Beverage,122.47
SKU_010,2023-01-16,79,Beverage,282.86
SKU_010,2023-01-17,73,Beverage,393.89
SKU_010,2023-01-18,70,Beverage,326.22
SKU_010,2023-01-19,80,Beverage,155.89
SKU_010,2023-01-20,80,Beverage,177.34
SKU_010,2023-01-21,76,Beverage,401.2
SKU_010,2023-01-22,89,Beverage,348.48
SKU_010,2023-01-23,76,Beverage,308.98
SKU_010,2023-01-24,66,Beverage,419.94
SKU_010,2023-01-25,76,Beverage,285.96
SKU_010,2023-01-26,90,Beverage,479.48
SKU_010,2023-01-27,80,Beverage,382.49
SKU_010,2023-01-28,85,Beverage,114.39
SKU_010,2023-01-29,87,Beverage,148.03
SKU_010,2023-01-30,74,Beverage,415.42
SKU_010,2023-01-31,87,Beverage,415.52
SKU_010,2023-02-01,67,Beverage,371.77
SKU_010,2023-02-02,78,Beverage,424.66
SKU_010,2023-02-03,82,Beverage,211.74
SKU_010,2023-02-04,93,Beverage,304.49
SKU_010,2023-02-05,93,Beverage,82.71
SKU_010,2023-02-06,83,Beverage,485.58
SKU_010,2023-02-07,69,Beverage,263.47
SKU_010,2023-02-08,66,Beverage,444.83
SKU_010,2023-02-09,64,Beverage,251.18
SKU_010,2023-02-10,72,Beverage,168.14
SKU_010,2023-02-11,90,Beverage,244.85
SKU_010,2023-02-12,89,Beverage,105.68
SKU_010,2023-02-13,75,Beverage,87.73
SKU_010,2023-02-14,63,Beverage,225.7
SKU_010,2023-02-15,71,Beverage,215.77
SKU_010,2023-02-16,76,Beverage,436.03
SKU_010,2023-02-17,70,Beverage,149.88
SKU_010,2023-02-18,80,Beverage,463.06
SKU_010,2023-02-19,80,Beverage,490.38
SKU_010,2023-02-20,82,Beverage,321.28
SKU_010,2023-02-21,70,Beverage,460.0
SKU_010,2023-02-22,63,Beverage,113.96
SKU_010,2023-02-23,77,Beverage,83.88
SKU_010,2023-02-24,74,Beverage,420.07
SKU_010,2023-02-25,92,Beverage,168.42
SKU_010,2023-02-26,103,Beverage,202.34
SKU_010,2023-02-27,81,Beverage,206.0
SKU_010,2023-02-28,81,Beverage,251.01
SKU_010,2023-03-01,78,Beverage,447.62
SKU_010,2023-03-02,70,Beverage,98.53
SKU_010,2023-03-03,65,Beverage,79.33
SKU_010,2023-03-04,89,Beverage,117.17
SKU_010,2023-03-05,85,Beverage,360.78
SKU_010,2023-03-06,69,Beverage,232.73
SKU_010,2023-03-07,76,Beverage,321.79
SKU_010,2023-03-08,81,Beverage,198.92
SKU_010,2023-03-09,63,Beverage,431.39
SKU_010,2023-03-10,79,Beverage,334.21
SKU_010,2023-03-11,88,Beverage,375.73
SKU_010,2023-03-12,88,Beverage,154.05
SKU_010,2023-03-13,64,Beverage,278.11
SKU_010,2023-03-14,83,Beverage,496.24
SKU_010,2023-03-15,79,Beverage,306.64
SKU_010,2023-03-16,67,Beverage,315.97
SKU_010,2023-03-17,80,Beverage,289.06
SKU_010,2023-03-18,75,Beverage,123.66
SKU_010,2023-03-19,83,Beverage,89.59
SKU_010,2023-03-20,83,Beverage,203.07
SKU_010,2023-03-21,64,Beverage,249.9
SKU_010,2023-03-22,62,Beverage,389.44
SKU_010,2023-03-23,65,Beverage,157.67
SKU_010,2023-03-24,71,Beverage,331.67
SKU_010,2023-03-25,95,Beverage,368.44
SKU_010,2023-03-26,91,Beverage,238.89
SKU_010,2023-03-27,92,Beverage,241.43
SKU_010,2023-03-28,71,Beverage,381.65
SKU_010,2023-03-29,91,Beverage,220.89
SKU_010,2023-03-30,82,Beverage,61.78
SKU_010,2023-03-31,79,Beverage,413.25
SKU_010,2023-04-01,80,Beverage,345.32
SKU_010,2023-04-02,84,Beverage,390.72
SKU_010,2023-04-03,62,Beverage,128.51
SKU_010,2023-04-04,66,Beverage,194.05
SKU_010,2023-04-05,78,Beverage,184.17
SKU_010,2023-04-06,82,Beverage,298.34
SKU_010,2023-04-07,72,Beverage,231.27
SKU_010,2023-04-08,80,Beverage,315.53
SKU_010,2023-04-09,80,Beverage,396.19
SKU_010,2023-04-10,72,Beverage,392.56
SKU_010,2023-04-11,65,Beverage,59.83
SKU_010,2023-04-12,64,Beverage,197.58
SKU_010,2023-04-13,80,Beverage,442.28
SKU_010,2023-04-14,77,Beverage,267.26
SKU_010,2023-04-15,88,Beverage,351.65
SKU_010,2023-04-16,94,Beverage,389.93
SKU_010,2023-04-17,72,Beverage,245.3
SKU_010,2023-04-18,80,Beverage,137.69
SKU_010,2023-04-19,70,Beverage,483.67
SKU_010,2023-04-20,72,Beverage,497.33
SKU_010,2023-04-21,63,Beverage,237.03
SKU_010,2023-04-22,98,Beverage,168.99
SKU_010,2023-04-23,95,Beverage,444.04
SKU_010,2023-04-24,80,Beverage,176.4
SKU_010,2023-04-25,88,Beverage,345.17
SKU_010,2023-04-26,81,Beverage,452.29
SKU_010,2023-04-27,79,Beverage,127.27
SKU_010,2023-04-28,75,Beverage,284.77
SKU_010,2023-04-29,101,Beverage,128.94
SKU_010,2023-04-30,88,Beverage,292.85
SKU_010,2023-05-01,81,Beverage,307.56
SKU_010,2023-05-02,81,Beverage,103.88
SKU_010,2023-05-03,77,Beverage,50.68
SKU_010,2023-05-04,76,Beverage,283.8
SKU_010,2023-05-05,74,Beverage,151.16
SKU_010,2023-05-06,88,Beverage,231.6
SKU_010,2023-05-07,84,Beverage,293.61
SKU_010,2023-05-08,69,Beverage,181.08
SKU_010,2023-05-09,63,Beverage,214.79
SKU_010,2023-05-10,73,Beverage,240.0
SKU_010,2023-05-11,62,Beverage,466.28
SKU_010,2023-05-12,78,Beverage,103.67
SKU_010,2023-05-13,85,Beverage,217.51
SKU_010,2023-05-14,76,Beverage,279.2
SKU_010,2023-05-15,63,Beverage,327.28
SKU_010,2023-05-16,69,Beverage,403.33
SKU_010,2023-05-17,77,Beverage,449.41
SKU_010,2023-05-18,63,Beverage,460.87
SKU_010,2023-05-19,79,Beverage,123.55
SKU_010,2023-05-20,98,Beverage,432.58
SKU_010,2023-05-21,77,Beverage,457.34
SKU_010,2023-05-22,77,Beverage,492.74
SKU_010,2023-05-23,77,Beverage,145.16
SKU_010,2023-05-24,65,Beverage,227.95
SKU_010,2023-05-25,91,Beverage,163.25
SKU_010,2023-05-26,75,Beverage,166.87
SKU_010,2023-05-27,86,Beverage,483.57
SKU_010,2023-05-28,93,Beverage,361.25
SKU_010,2023-05-29,93,Beverage,203.54
SKU_010,2023-05-30,91,Beverage,327.42
SKU_010,2023-05-31,85,Beverage,454.2
SKU_010,2023-06-01,68,Beverage,465.7
SKU_010,2023-06-02,72,Beverage,319.92
SKU_010,2023-06-03,77,Beverage,327.88
SKU_010,2023-06-04,95,Beverage,253.73
SKU_010,2023-06-05,66,Beverage,359.58
SKU_010,2023-06-06,67,Beverage,216.97
SKU_010,2023-06-07,74,Beverage,328.87
SKU_010,2023-06-08,65,Beverage,196.64
SKU_010,2023-06-09,83,Beverage,441.55
SKU_010,2023-06-10,81,Beverage,489.93
SKU_010,2023-06-11,81,Beverage,409.23
SKU_010,2023-06-12,70,Beverage,258.91
SKU_010,2023-06-13,72,Beverage,120.76
SKU_010,2023-06-14,72,Beverage,430.59
SKU_010,2023-06-15,65,Beverage,133.84
SKU_010,2023-06-16,66,Beverage,460.88
SKU_010,2023-06-17,93,Beverage,431.43
SKU_010,2023-06-18,97,Beverage,171.5
SKU_010,2023-06-19,68,Beverage,435.86
SKU_010,2023-06-20,70,Beverage,397.46
SKU_010,2023-06-21,83,Beverage,115.37
SKU_010,2023-06-22,79,Beverage,117.99
SKU_010,2023-06-23,74,Beverage,173.22
SKU_010,2023-06-24,83,Beverage,386.99
SKU_010,2023-06-25,88,Beverage,292.54
SKU_010,2023-06-26,77,Beverage,170.54
SKU_010,2023-06-27,89,Beverage,195.73
SKU_010,2023-06-28,72,Beverage,406.88
SKU_010,2023-06-29,86,Beverage,298.11
SKU_010,2023-06-30,73,Beverage,280.85
SKU_010,2023-07-01,92,Beverage,255.38
SKU_010,2023-07-02,87,Beverage,356.81
SKU_010,2023-07-03,68,Beverage,418.26
SKU_010,2023-07-04,76,Beverage,206.14
SKU_010,2023-07-05,66,Beverage,59.43
SKU_010,2023-07-06,82,Beverage,379.35
SKU_010,2023-07-07,69,Beverage,413.58
SKU_010,2023-07-08,77,Beverage,206.87
SKU_010,2023-07-09,86,Beverage,252.46
SKU_010,2023-07-10,76,Beverage,401.48
SKU_010,2023-07-11,62,Beverage,171.3
SKU_010,2023-07-12,78,Beverage,178.27
SKU_010,2023-07-13,81,Beverage,402.61
SKU_010,2023-07-14,63,Beverage,299.38
SKU_010,2023-07-15,78,Beverage,71.4
SKU_010,2023-07-16,88,Beverage,273.22
SKU_010,2023-07-17,70,Beverage,109.11
SKU_010,2023-07-18,73,Beverage,94.87
SKU_010,2023-07-19,62,Beverage,131.83
SKU_010,2023-07-20,74,Beverage,301.71
SKU_010,2023-07-21,63,Beverage,151.32
SKU_010,2023-07-22,83,Beverage,457.62
SKU_010,2023-07-23,86,Beverage,229.88
SKU_010,2023-07-24,83,Beverage,194.65
SKU_010,2023-07-25,84,Beverage,109.18
SKU_010,2023-07-26,71,Beverage,175.81
SKU_010,2023-07-27,83,Beverage,249.44
SKU_010,2023-07-28,91,Beverage,141.23
SKU_010,2023-07-29,101,Beverage,330.52
SKU_010,2023-07-30,105,Beverage,276.65
SKU_010,2023-07-31,80,Beverage,155.83
SKU_010,2023-08-01,69,Beverage,78.82
SKU_010,2023-08-02,67,Beverage,51.38
SKU_010,2023-08-03,81,Beverage,86.14
SKU_010,2023-08-04,79,Beverage,151.07
SKU_010,2023-08-05,91,Beverage,252.52
SKU_010,2023-08-06,94,Beverage,400.92
SKU_010,2023-08-07,83,Beverage,429.25
SKU_010,2023-08-08,65,Beverage,416.43
SKU_010,2023-08-09,77,Beverage,301.69
SKU_010,2023-08-10,63,Beverage,193.96
SKU_010,2023-08-11,77,Beverage,255.26
SKU_010,2023-08-12,86,Beverage,167.83
SKU_010,2023-08-13,98,Beverage,132.89
SKU_010,2023-08-14,68,Beverage,472.32
SKU_010,2023-08-15,63,Beverage,322.56
SKU_010,2023-08-16,77,Beverage,140.35
SKU_010,2023-08-17,66,Beverage,148.29
SKU_010,2023-08-18,62,Beverage,493.17
SKU_010,2023-08-19,99,Beverage,166.38
SKU_010,2023-08-20,83,Beverage,115.07
SKU_010,2023-08-21,77,Beverage,229.68
SKU_010,2023-08-22,67,Beverage,279.84
SKU_010,2023-08-23,71,Beverage,382.86
SKU_010,2023-08-24,69,Beverage,269.7
SKU_010,2023-08-25,73,Beverage,118.43
SKU_010,2023-08-26,93,Beverage,446.9
SKU_010,2023-08-27,95,Beverage,264.94
SKU_010,2023-08-28,87,Beverage,274.2
SKU_010,2023-08-29,80,Beverage,148.4
SKU_010,2023-08-30,94,Beverage,168.86
SKU_010,2023-08-31,82,Beverage,216.96
SKU_010,2023-09-01,80,Beverage,251.11
SKU_010,2023-09-02,88,Beverage,112.85
SKU_010,2023-09-03,91,Beverage,129.86
SKU_010,2023-09-04,71,Beverage,396.5
SKU_010,2023-09-05,81,Beverage,356.83
SKU_010,2023-09-06,77,Beverage,238.67
SKU_010,2023-09-07,81,Beverage,157.05
SKU_010,2023-09-08,72,Beverage,89.18
SKU_010,2023-09-09,76,Beverage,199.94
SKU_010,2023-09-10,80,Beverage,452.82
SKU_010,2023-09-11,67,Beverage,422.24
SKU_010,2023-09-12,70,Beverage,465.55
SKU_010,2023-09-13,71,Beverage,236.88
SKU_010,2023-09-14,81,Beverage,305.87
SKU_010,2023-09-15,68,Beverage,374.87
SKU_010,2023-09-16,91,Beverage,96.39
SKU_010,2023-09-17,98,Beverage,201.33
SKU_010,2023-09-18,64,Beverage,350.02
SKU_010,2023-09-19,83,Beverage,69.91
SKU_010,2023-09-20,80,Beverage,334.93
SKU_010,2023-09-21,74,Beverage,256.07
SKU_010,2023-09-22,64,Beverage,335.38
SKU_010,2023-09-23,82,Beverage,456.53
SKU_010,2023-09-24,92,Beverage,113.62
SKU_010,2023-09-25,82,Beverage,263.3
SKU_010,2023-09-26,94,Beverage,213.55
SKU_010,2023-09-27,82,Beverage,285.16
SKU_010,2023-09-28,84,Beverage,451.71
SKU_010,2023-09-29,87,Beverage,369.87
SKU_010,2023-09-30,95,Beverage,384.59
SKU_010,2023-10-01,116,Beverage,278.34
SKU_010,2023-10-02,95,Beverage,180.65
SKU_010,2023-10-03,103,Beverage,489.29
SKU_010,2023-10-04,108,Beverage,375.23
SKU_010,2023-10-05,84,Beverage,386.29
SKU_010,2023-10-06,89,Beverage,340.42
SKU_010,2023-10-07,128,Beverage,56.62
SKU_010,2023-10-08,166,Beverage,434.79
SKU_010,2023-10-09,134,Beverage,164.32
SKU_010,2023-10-10,127,Beverage,86.78
SKU_010,2023-10-11,140,Beverage,179.96
SKU_010,2023-10-12,155,Beverage,264.36
SKU_010,2023-10-13,128,Beverage,80.92
SKU_010,2023-10-14,171,Beverage,462.94
SKU_010,2023-10-15,276,Beverage,437.83
SKU_010,2023-10-16,84,Beverage,406.13
SKU_010,2023-10-17,139,Beverage,147.2
SKU_010,2023-10-18,147,Beverage,235.47
SKU_010,2023-10-19,132,Beverage,477.7
SKU_010,2023-10-20,147,Beverage,296.09
SKU_010,2023-10-21,189,Beverage,133.7
SKU_010,2023-10-22,147,Beverage,479.82
SKU_010,2023-10-23,155,Beverage,374.42
SKU_010,2023-10-24,224,Beverage,459.93
SKU_010,2023-10-25,95,Beverage,453.91
SKU_010,2023-10-26,99,Beverage,337.13
SKU_010,2023-10-27,92,Beverage,57.44
SKU_010,2023-10-28,124,Beverage,184.59
SKU_010,2023-10-29,150,Beverage,61.45
SKU_010,2023-10-30,114,Beverage,163.9
SKU_010,2023-10-31,116,Beverage,461.74
SKU_010,2023-11-01,93,Beverage,456.5
SKU_010,2023-11-02,96,Beverage,187.37
SKU_010,2023-11-03,96,Beverage,119.25
SKU_010,2023-11-04,97,Beverage,470.03
SKU_010,2023-11-05,119,Beverage,423.02
SKU_010,2023-11-06,82,Beverage,61.81
SKU_010,2023-11-07,87,Beverage,122.09
SKU_010,2023-11-08,97,Beverage,150.82
SKU_010,2023-11-09,99,Beverage,233.36
SKU_010,2023-11-10,91,Beverage,450.02
SKU_010,2023-11-11,115,Beverage,425.62
SKU_010,2023-11-12,128,Beverage,491.13
SKU_010,2023-11-13,99,Beverage,350.83
SKU_010,2023-11-14,80,Beverage,65.71
SKU_010,2023-11-15,106,Beverage,484.93
SKU_010,2023-11-16,95,Beverage,238.78
SKU_010,2023-11-17,103,Beverage,118.52
SKU_010,2023-11-18,103,Beverage,325.05
SKU_010,2023-11-19,124,Beverage,132.94
SKU_010,2023-11-20,97,Beverage,273.2
SKU_010,2023-11-21,90,Beverage,132.66
SKU_010,2023-11-22,86,Beverage,438.17
SKU_010,2023-11-23,90,Beverage,439.81
SKU_010,2023-11-24,93,Beverage,271.78
SKU_010,2023-11-25,139,Beverage,438.27
SKU_010,2023-11-26,124,Beverage,301.43
SKU_010,2023-11-27,93,Beverage,100.93
SKU_010,2023-11-28,123,Beverage,438.19
SKU_010,2023-11-29,110,Beverage,311.91
SKU_010,2023-11-30,117,Beverage,498.49
SKU_010,2023-12-01,94,Beverage,206.05
SKU_010,2023-12-02,121,Beverage,223.82
SKU_010,2023-12-03,112,Beverage,237.9
SKU_010,2023-12-04,85,Beverage,255.97
SKU_010,2023-12-05,95,Beverage,377.61
SKU_010,2023-12-06,89,Beverage,302.91
SKU_010,2023-12-07,93,Beverage,372.22
SKU_010,2023-12-08,86,Beverage,425.59
SKU_010,2023-12-09,100,Beverage,191.87
SKU_010,2023-12-10,130,Beverage,207.5
SKU_010,2023-12-11,101,Beverage,460.72
SKU_010,2023-12-12,80,Beverage,196.38
SKU_010,2023-12-13,100,Beverage,65.86
SKU_010,2023-12-14,90,Beverage,437.91
SKU_010,2023-12-15,98,Beverage,144.64
SKU_010,2023-12-16,97,Beverage,322.98
SKU_010,2023-12-17,122,Beverage,377.04
SKU_010,2023-12-18,89,Beverage,275.48
SKU_010,2023-12-19,80,Beverage,313.18
SKU_010,2023-12-20,108,Beverage,339.96
SKU_010,2023-12-21,81,Beverage,195.8
SKU_010,2023-12-22,105,Beverage,367.73
SKU_010,2023-12-23,106,Beverage,78.3
SKU_010,2023-12-24,128,Beverage,272.01
SKU_010,2023-12-25,115,Beverage,491.49
SKU_010,2023-12-26,115,Beverage,282.77
SKU_010,2023-12-27,113,Beverage,283.5
SKU_010,2023-12-28,100,Beverage,370.63
SKU_010,2023-12-29,96,Beverage,483.88
SKU_010,2023-12-30,143,Beverage,453.22
SKU_010,2023-12-31,123,Beverage,61.34
SKU_010,2024-01-01,73,Beverage,399.84
SKU_010,2024-01-02,79,Beverage,412.45
SKU_010,2024-01-03,73,Beverage,166.17
SKU_010,2024-01-04,63,Beverage,376.21
SKU_010,2024-01-05,71,Beverage,62.52
SKU_010,2024-01-06,78,Beverage,362.12
SKU_010,2024-01-07,86,Beverage,456.88
SKU_010,2024-01-08,103,Beverage,489.54
SKU_010,2024-01-09,122,Beverage,377.58
SKU_010,2024-01-10,114,Beverage,175.72
SKU_010,2024-01-11,123,Beverage,268.79
SKU_010,2024-01-12,115,Beverage,258.11
SKU_010,2024-01-13,132,Beverage,207.97
SKU_010,2024-01-14,125,Beverage,243.25
SKU_010,2024-01-15,182,Beverage,476.79
SKU_010,2024-01-16,69,Beverage,425.63
SKU_010,2024-01-17,79,Beverage,375.64
SKU_010,2024-01-18,73,Beverage,231.17
SKU_010,2024-01-19,82,Beverage,189.22
SKU_010,2024-01-20,84,Beverage,255.38
SKU_010,2024-01-21,80,Beverage,154.93
SKU_010,2024-01-22,81,Beverage,381.59
SKU_010,2024-01-23,79,Beverage,388.91
SKU_010,2024-01-24,83,Beverage,335.6
SKU_010,2024-01-25,95,Beverage,54.06
SKU_010,2024-01-26,95,Beverage,135.85
SKU_010,2024-01-27,100,Beverage,289.6
SKU_010,2024-01-28,94,Beverage,155.99
SKU_010,2024-01-29,78,Beverage,330.6
SKU_010,2024-01-30,85,Beverage,381.06
SKU_010,2024-01-31,83,Beverage,59.75
SKU_010,2024-02-01,80,Beverage,186.98
SKU_010,2024-02-02,70,Beverage,333.0
SKU_010,2024-02-03,80,Beverage,81.48
SKU_010,2024-02-04,93,Beverage,294.58
SKU_010,2024-02-05,82,Beverage,267.89
SKU_010,2024-02-06,70,Beverage,170.69
SKU_010,2024-02-07,75,Beverage,192.08
SKU_010,2024-02-08,66,Beverage,267.75
SKU_010,2024-02-09,67,Beverage,112.82
SKU_010,2024-02-10,98,Beverage,324.82
SKU_010,2024-02-11,92,Beverage,314.16
SKU_010,2024-02-12,81,Beverage,444.45
SKU_010,2024-02-13,81,Beverage,478.93
SKU_010,2024-02-14,73,Beverage,343.06
SKU_010,2024-02-15,64,Beverage,422.28
SKU_010,2024-02-16,79,Beverage,79.55
SKU_010,2024-02-17,74,Beverage,324.05
SKU_010,2024-02-18,92,Beverage,189.86
SKU_010,2024-02-19,67,Beverage,105.95
SKU_010,2024-02-20,66,Beverage,149.86
SKU_010,2024-02-21,68,Beverage,271.33
SKU_010,2024-02-22,64,Beverage,341.58
SKU_010,2024-02-23,81,Beverage,319.34
SKU_010,2024-02-24,99,Beverage,111.85
SKU_010,2024-02-25,88,Beverage,317.02
SKU_010,2024-02-26,75,Beverage,118.4
SKU_010,2024-02-27,90,Beverage,467.68
SKU_010,2024-02-28,86,Beverage,465.73
SKU_010,2024-02-29,81,Beverage,441.71
SKU_010,2024-03-01,64,Beverage,371.85
SKU_010,2024-03-02,100,Beverage,129.36
SKU_010,2024-03-03,89,Beverage,474.33
SKU_010,2024-03-04,68,Beverage,248.5
SKU_010,2024-03-05,76,Beverage,289.12
SKU_010,2024-03-06,71,Beverage,285.09
SKU_010,2024-03-07,68,Beverage,371.42
SKU_010,2024-03-08,67,Beverage,160.91
SKU_010,2024-03-09,96,Beverage,145.43
SKU_010,2024-03-10,80,Beverage,493.16
SKU_010,2024-03-11,65,Beverage,414.02
SKU_010,2024-03-12,67,Beverage,83.33
SKU_010,2024-03-13,83,Beverage,354.65
SKU_010,2024-03-14,73,Beverage,152.47
SKU_010,2024-03-15,63,Beverage,320.95
SKU_010,2024-03-16,76,Beverage,379.8
SKU_010,2024-03-17,77,Beverage,236.47
SKU_010,2024-03-18,68,Beverage,440.97
SKU_010,2024-03-19,74,Beverage,224.84
SKU_010,2024-03-20,78,Beverage,497.92
SKU_010,2024-03-21,71,Beverage,195.95
SKU_010,2024-03-22,83,Beverage,268.74
SKU_010,2024-03-23,83,Beverage,447.13
SKU_010,2024-03-24,83,Beverage,347.87
SKU_010,2024-03-25,93,Beverage,129.51
SKU_010,2024-03-26,91,Beverage,359.07
SKU_010,2024-03-27,81,Beverage,164.55
SKU_010,2024-03-28,86,Beverage,350.98
SKU_010,2024-03-29,77,Beverage,300.96
SKU_010,2024-03-30,114,Beverage,397.8
SKU_010,2024-03-31,97,Beverage,209.46
SKU_010,2024-04-01,71,Beverage,474.57
SKU_010,2024-04-02,66,Beverage,215.68
SKU_010,2024-04-03,68,Beverage,354.74
SKU_010,2024-04-04,74,Beverage,208.54
SKU_010,2024-04-05,62,Beverage,283.4
SKU_010,2024-04-06,91,Beverage,498.93
SKU_010,2024-04-07,91,Beverage,317.95
SKU_010,2024-04-08,75,Beverage,390.24
SKU_010,2024-04-09,77,Beverage,292.33
SKU_010,2024-04-10,80,Beverage,282.61
SKU_010,2024-04-11,62,Beverage,122.37
SKU_010,2024-04-12,83,Beverage,451.72
SKU_010,2024-04-13,82,Beverage,242.57
SKU_010,2024-04-14,100,Beverage,168.91
SKU_010,2024-04-15,81,Beverage,459.42
SKU_010,2024-04-16,75,Beverage,216.67
SKU_010,2024-04-17,66,Beverage,182.48
SKU_010,2024-04-18,82,Beverage,421.04
SKU_010,2024-04-19,81,Beverage,440.77
SKU_010,2024-04-20,85,Beverage,82.49
SKU_010,2024-04-21,97,Beverage,360.25
SKU_010,2024-04-22,65,Beverage,152.73
SKU_010,2024-04-23,71,Beverage,150.67
SKU_010,2024-04-24,62,Beverage,346.04
SKU_010,2024-04-25,77,Beverage,178.54
SKU_010,2024-04-26,92,Beverage,271.22
SKU_010,2024-04-27,102,Beverage,62.49
SKU_010,2024-04-28,112,Beverage,234.86
SKU_010,2024-04-29,87,Beverage,200.84
SKU_010,2024-04-30,79,Beverage,483.88
SKU_010,2024-05-01,70,Beverage,166.66
SKU_010,2024-05-02,83,Beverage,177.95
SKU_010,2024-05-03,71,Beverage,488.48
SKU_010,2024-05-04,96,Beverage,154.57
SKU_010,2024-05-05,82,Beverage,400.57
SKU_010,2024-05-06,64,Beverage,328.9
SKU_010,2024-05-07,65,Beverage,273.05
SKU_010,2024-05-08,72,Beverage,102.85
SKU_010,2024-05-09,66,Beverage,292.84
SKU_010,2024-05-10,62,Beverage,471.0
SKU_010,2024-05-11,91,Beverage,345.6
SKU_010,2024-05-12,79,Beverage,404.59
SKU_010,2024-05-13,77,Beverage,427.04
SKU_010,2024-05-14,66,Beverage,322.1
SKU_010,2024-05-15,71,Beverage,342.21
SKU_010,2024-05-16,65,Beverage,254.43
SKU_010,2024-05-17,82,Beverage,123.0
SKU_010,2024-05-18,88,Beverage,178.52
SKU_010,2024-05-19,94,Beverage,448.62
SKU_010,2024-05-20,64,Beverage,165.08
SKU_010,2024-05-21,77,Beverage,363.88
SKU_010,2024-05-22,80,Beverage,370.68
SKU_010,2024-05-23,64,Beverage,301.78
SKU_010,2024-05-24,76,Beverage,97.34
SKU_010,2024-05-25,111,Beverage,91.58
SKU_010,2024-05-26,113,Beverage,227.89
SKU_010,2024-05-27,79,Beverage,226.02
SKU_010,2024-05-28,73,Beverage,227.66
SKU_010,2024-05-29,89,Beverage,123.3
SKU_010,2024-05-30,87,Beverage,470.03
SKU_010,2024-05-31,78,Beverage,227.61
SKU_010,2024-06-01,78,Beverage,358.87
SKU_010,2024-06-02,93,Beverage,232.45
SKU_010,2024-06-03,68,Beverage,483.16
SKU_010,2024-06-04,65,Beverage,65.99
SKU_010,2024-06-05,62,Beverage,365.13
SKU_010,2024-06-06,77,Beverage,454.68
SKU_010,2024-06-07,70,Beverage,274.93
SKU_010,2024-06-08,97,Beverage,267.76
SKU_010,2024-06-09,92,Beverage,227.84
SKU_010,2024-06-10,80,Beverage,292.69
SKU_010,2024-06-11,75,Beverage,52.11
SKU_010,2024-06-12,77,Beverage,140.26
SKU_010,2024-06-13,75,Beverage,233.22
SKU_010,2024-06-14,73,Beverage,75.05
SKU_010,2024-06-15,75,Beverage,67.52
SKU_010,2024-06-16,82,Beverage,353.21
SKU_010,2024-06-17,65,Beverage,233.6
SKU_010,2024-06-18,77,Beverage,247.61
SKU_010,2024-06-19,78,Beverage,246.7
SKU_010,2024-06-20,79,Beverage,59.56
SKU_010,2024-06-21,67,Beverage,77.18
SKU_010,2024-06-22,97,Beverage,273.31
SKU_010,2024-06-23,88,Beverage,369.49
SKU_010,2024-06-24,68,Beverage,322.67
SKU_010,2024-06-25,96,Beverage,187.7
SKU_010,2024-06-26,84,Beverage,405.69
SKU_010,2024-06-27,93,Beverage,217.9
SKU_010,2024-06-28,81,Beverage,438.46
SKU_010,2024-06-29,99,Beverage,488.37
SKU_010,2024-06-30,96,Beverage,382.12
SKU_010,2024-07-01,73,Beverage,183.46
SKU_010,2024-07-02,70,Beverage,190.11
SKU_010,2024-07-03,67,Beverage,178.28
SKU_010,2024-07-04,78,Beverage,199.64
SKU_010,2024-07-05,77,Beverage,110.1
SKU_010,2024-07-06,99,Beverage,462.89
SKU_010,2024-07-07,96,Beverage,60.85
SKU_010,2024-07-08,69,Beverage,237.38
SKU_010,2024-07-09,82,Beverage,421.39
SKU_010,2024-07-10,74,Beverage,448.39
SKU_010,2024-07-11,72,Beverage,80.31
SKU_010,2024-07-12,80,Beverage,218.21
SKU_010,2024-07-13,98,Beverage,125.75
SKU_010,2024-07-14,98,Beverage,222.63
SKU_010,2024-07-15,80,Beverage,67.85
SKU_010,2024-07-16,82,Beverage,122.79
SKU_010,2024-07-17,80,Beverage,161.24
SKU_010,2024-07-18,81,Beverage,197.69
SKU_010,2024-07-19,65,Beverage,223.54
SKU_010,2024-07-20,89,Beverage,497.64
SKU_010,2024-07-21,76,Beverage,148.07
SKU_010,2024-07-22,67,Beverage,450.3
SKU_010,2024-07-23,65,Beverage,191.6
SKU_010,2024-07-24,71,Beverage,300.94
SKU_010,2024-07-25,84,Beverage,142.75
SKU_010,2024-07-26,75,Beverage,490.98
SKU_010,2024-07-27,95,Beverage,73.35
SKU_010,2024-07-28,97,Beverage,461.21
SKU_010,2024-07-29,72,Beverage,346.08
SKU_010,2024-07-30,72,Beverage,136.41
SKU_010,2024-07-31,76,Beverage,385.51
SKU_010,2024-08-01,80,Beverage,211.32
SKU_010,2024-08-02,73,Beverage,213.73
SKU_010,2024-08-03,74,Beverage,258.47
SKU_010,2024-08-04,79,Beverage,421.74
SKU_010,2024-08-05,71,Beverage,414.85
SKU_010,2024-08-06,71,Beverage,492.79
SKU_010,2024-08-07,82,Beverage,319.92
SKU_010,2024-08-08,68,Beverage,281.38
SKU_010,2024-08-09,82,Beverage,429.28
SKU_010,2024-08-10,83,Beverage,423.65
SKU_010,2024-08-11,85,Beverage,146.53
SKU_010,2024-08-12,80,Beverage,455.29
SKU_010,2024-08-13,77,Beverage,431.63
SKU_010,2024-08-14,65,Beverage,269.15
SKU_010,2024-08-15,76,Beverage,207.71
SKU_010,2024-08-16,67,Beverage,384.68
SKU_010,2024-08-17,77,Beverage,446.22
SKU_010,2024-08-18,80,Beverage,371.68
SKU_010,2024-08-19,77,Beverage,79.12
SKU_010,2024-08-20,69,Beverage,203.61
SKU_010,2024-08-21,74,Beverage,314.36
SKU_010,2024-08-22,75,Beverage,228.04
SKU_010,2024-08-23,74,Beverage,52.84
SKU_010,2024-08-24,91,Beverage,456.29
SKU_010,2024-08-25,102,Beverage,111.14
SKU_010,2024-08-26,94,Beverage,410.18
SKU_010,2024-08-27,92,Beverage,200.33
SKU_010,2024-08-28,75,Beverage,424.95
SKU_010,2024-08-29,95,Beverage,367.44
SKU_010,2024-08-30,85,Beverage,470.75
SKU_010,2024-08-31,92,Beverage,392.08
SKU_010,2024-09-01,79,Beverage,341.59
SKU_010,2024-09-02,71,Beverage,332.84
SKU_010,2024-09-03,64,Beverage,461.49
SKU_010,2024-09-04,83,Beverage,186.11
SKU_010,2024-09-05,70,Beverage,381.05
SKU_010,2024-09-06,65,Beverage,57.94
SKU_010,2024-09-07,74,Beverage,224.96
SKU_010,2024-09-08,74,Beverage,80.99
SKU_010,2024-09-09,69,Beverage,274.79
SKU_010,2024-09-10,70,Beverage,119.59
SKU_010,2024-09-11,78,Beverage,225.57
SKU_010,2024-09-12,67,Beverage,463.36
SKU_010,2024-09-13,83,Beverage,219.23
SKU_010,2024-09-14,90,Beverage,410.67
SKU_010,2024-09-15,100,Beverage,319.31
SKU_010,2024-09-16,74,Beverage,132.22
SKU_010,2024-09-17,66,Beverage,344.06
SKU_010,2024-09-18,76,Beverage,124.31
SKU_010,2024-09-19,82,Beverage,280.38
SKU_010,2024-09-20,76,Beverage,152.67
SKU_010,2024-09-21,81,Beverage,470.74
SKU_010,2024-09-22,83,Beverage,318.09
SKU_010,2024-09-23,76,Beverage,227.68
SKU_010,2024-09-24,77,Beverage,481.35
SKU_010,2024-09-25,81,Beverage,247.01
SKU_010,2024-09-26,96,Beverage,400.31
SKU_010,2024-09-27,72,Beverage,399.6
SKU_010,2024-09-28,87,Beverage,217.74
SKU_010,2024-09-29,101,Beverage,286.93
SKU_010,2024-09-30,96,Beverage,346.43
SKU_010,2024-10-01,102,Beverage,364.44
SKU_010,2024-10-02,92,Beverage,77.27
SKU_010,2024-10-03,98,Beverage,262.78
SKU_010,2024-10-04,106,Beverage,304.28
SKU_010,2024-10-05,178,Beverage,181.92
SKU_010,2024-10-06,178,Beverage,69.12
SKU_010,2024-10-07,132,Beverage,166.96
SKU_010,2024-10-08,123,Beverage,125.14
SKU_010,2024-10-09,152,Beverage,273.83
SKU_010,2024-10-10,160,Beverage,345.98
SKU_010,2024-10-11,131,Beverage,111.07
SKU_010,2024-10-12,281,Beverage,108.94
SKU_010,2024-10-13,110,Beverage,148.68
SKU_010,2024-10-14,97,Beverage,333.15
SKU_010,2024-10-15,107,Beverage,464.8
SKU_010,2024-10-16,101,Beverage,163.47
SKU_010,2024-10-17,105,Beverage,448.56
SKU_010,2024-10-18,92,Beverage,399.37
SKU_010,2024-10-19,115,Beverage,145.04
SKU_010,2024-10-20,107,Beverage,217.26
SKU_010,2024-10-21,100,Beverage,271.6
SKU_010,2024-10-22,100,Beverage,125.69
SKU_010,2024-10-23,87,Beverage,113.78
SKU_010,2024-10-24,87,Beverage,183.02
SKU_010,2024-10-25,151,Beverage,243.94
SKU_010,2024-10-26,210,Beverage,312.03
SKU_010,2024-10-27,195,Beverage,107.64
SKU_010,2024-10-28,140,Beverage,135.14
SKU_010,2024-10-29,186,Beverage,242.25
SKU_010,2024-10-30,153,Beverage,100.45
SKU_010,2024-10-31,158,Beverage,471.76
SKU_010,2024-11-01,257,Beverage,356.61
SKU_010,2024-11-02,115,Beverage,494.95
SKU_010,2024-11-03,110,Beverage,357.35
SKU_010,2024-11-04,100,Beverage,363.07
SKU_010,2024-11-05,95,Beverage,449.14
SKU_010,2024-11-06,107,Beverage,118.36
SKU_010,2024-11-07,93,Beverage,358.71
SKU_010,2024-11-08,95,Beverage,182.09
SKU_010,2024-11-09,105,Beverage,69.67
SKU_010,2024-11-10,128,Beverage,292.22
SKU_010,2024-11-11,88,Beverage,281.8
SKU_010,2024-11-12,94,Beverage,492.52
SKU_010,2024-11-13,102,Beverage,233.62
SKU_010,2024-11-14,84,Beverage,93.64
SKU_010,2024-11-15,99,Beverage,231.54
SKU_010,2024-11-16,103,Beverage,183.29
SKU_010,2024-11-17,127,Beverage,137.8
SKU_010,2024-11-18,102,Beverage,265.7
SKU_010,2024-11-19,104,Beverage,408.35
SKU_010,2024-11-20,89,Beverage,479.38
SKU_010,2024-11-21,91,Beverage,333.47
SKU_010,2024-11-22,94,Beverage,309.9
SKU_010,2024-11-23,99,Beverage,80.82
SKU_010,2024-11-24,105,Beverage,196.46
SKU_010,2024-11-25,124,Beverage,188.06
SKU_010,2024-11-26,95,Beverage,347.05
SKU_010,2024-11-27,107,Beverage,363.13
SKU_010,2024-11-28,106,Beverage,159.29
SKU_010,2024-11-29,121,Beverage,476.74
SKU_010,2024-11-30,138,Beverage,249.47
SKU_010,2024-12-01,118,Beverage,66.95
SKU_010,2024-12-02,99,Beverage,316.22
SKU_010,2024-12-03,101,Beverage,409.33
SKU_010,2024-12-04,100,Beverage,260.59
SKU_010,2024-12-05,91,Beverage,444.89
SKU_010,2024-12-06,86,Beverage,423.49
SKU_010,2024-12-07,97,Beverage,367.74
SKU_010,2024-12-08,126,Beverage,68.01
SKU_010,2024-12-09,97,Beverage,359.84
SKU_010,2024-12-10,107,Beverage,173.84
SKU_010,2024-12-11,99,Beverage,229.37
SKU_010,2024-12-12,107,Beverage,277.52
SKU_010,2024-12-13,95,Beverage,474.52
SKU_010,2024-12-14,117,Beverage,232.92
SKU_010,2024-12-15,127,Beverage,448.55
SKU_010,2024-12-16,90,Beverage,285.41
SKU_010,2024-12-17,99,Beverage,321.71
SKU_010,2024-12-18,98,Beverage,95.01
SKU_010,2024-12-19,88,Beverage,362.33
SKU_010,2024-12-20,102,Beverage,487.54
SKU_010,2024-12-21,103,Beverage,368.98
SKU_010,2024-12-22,123,Beverage,172.48
SKU_010,2024-12-23,92,Beverage,416.78
SKU_010,2024-12-24,105,Beverage,98.29
SKU_010,2024-12-25,113,Beverage,262.51
SKU_010,2024-12-26,117,Beverage,168.25
SKU_010,2024-12-27,120,Beverage,460.81
SKU_010,2024-12-28,145,Beverage,479.34
SKU_010,2024-12-29,147,Beverage,385.01
SKU_010,2024-12-30,109,Beverage,374.59
SKU_010,2024-12-31,107,Beverage,62.71
SKU_011,2023-01-01,165,Food,489.29
SKU_011,2023-01-02,153,Food,379.11
SKU_011,2023-01-03,132,Food,176.49
SKU_011,2023-01-04,151,Food,233.77
SKU_011,2023-01-05,147,Food,118.2
SKU_011,2023-01-06,165,Food,180.06
SKU_011,2023-01-07,169,Food,229.8
SKU_011,2023-01-08,195,Food,55.54
SKU_011,2023-01-09,149,Food,408.74
SKU_011,2023-01-10,164,Food,314.51
SKU_011,2023-01-11,151,Food,189.55
SKU_011,2023-01-12,161,Food,439.71
SKU_011,2023-01-13,145,Food,76.08
SKU_011,2023-01-14,171,Food,473.6
SKU_011,2023-01-15,207,Food,216.05
SKU_011,2023-01-16,131,Food,353.98
SKU_011,2023-01-17,168,Food,350.56
SKU_011,2023-01-18,174,Food,185.86
SKU_011,2023-01-19,157,Food,401.2
SKU_011,2023-01-20,163,Food,144.46
SKU_011,2023-01-21,182,Food,215.53
SKU_011,2023-01-22,203,Food,139.16
SKU_011,2023-01-23,159,Food,106.04
SKU_011,2023-01-24,172,Food,366.35
SKU_011,2023-01-25,197,Food,375.09
SKU_011,2023-01-26,198,Food,51.21
SKU_011,2023-01-27,177,Food,485.21
SKU_011,2023-01-28,217,Food,155.16
SKU_011,2023-01-29,216,Food,333.59
SKU_011,2023-01-30,157,Food,307.42
SKU_011,2023-01-31,193,Food,209.31
SKU_011,2023-02-01,153,Food,197.3
SKU_011,2023-02-02,134,Food,297.21
SKU_011,2023-02-03,134,Food,447.71
SKU_011,2023-02-04,171,Food,135.74
SKU_011,2023-02-05,190,Food,158.98
SKU_011,2023-02-06,172,Food,245.71
SKU_011,2023-02-07,146,Food,234.65
SKU_011,2023-02-08,154,Food,416.95
SKU_011,2023-02-09,141,Food,453.75
SKU_011,2023-02-10,141,Food,461.28
SKU_011,2023-02-11,174,Food,236.76
SKU_011,2023-02-12,200,Food,152.13
SKU_011,2023-02-13,131,Food,379.16
SKU_011,2023-02-14,140,Food,492.52
SKU_011,2023-02-15,157,Food,121.45
SKU_011,2023-02-16,140,Food,190.28
SKU_011,2023-02-17,161,Food,447.01
SKU_011,2023-02-18,172,Food,395.88
SKU_011,2023-02-19,179,Food,364.5
SKU_011,2023-02-20,165,Food,401.75
SKU_011,2023-02-21,159,Food,374.31
SKU_011,2023-02-22,139,Food,490.03
SKU_011,2023-02-23,153,Food,207.28
SKU_011,2023-02-24,144,Food,51.77
SKU_011,2023-02-25,241,Food,122.16
SKU_011,2023-02-26,212,Food,154.28
SKU_011,2023-02-27,158,Food,261.5
SKU_011,2023-02-28,198,Food,101.93
SKU_011,2023-03-01,132,Food,215.71
SKU_011,2023-03-02,141,Food,421.55
SKU_011,2023-03-03,151,Food,434.0
SKU_011,2023-03-04,207,Food,267.72
SKU_011,2023-03-05,167,Food,230.19
SKU_011,2023-03-06,167,Food,473.66
SKU_011,2023-03-07,133,Food,428.18
SKU_011,2023-03-08,161,Food,82.4
SKU_011,2023-03-09,138,Food,468.59
SKU_011,2023-03-10,141,Food,416.62
SKU_011,2023-03-11,191,Food,174.57
SKU_011,2023-03-12,209,Food,262.28
SKU_011,2023-03-13,155,Food,196.19
SKU_011,2023-03-14,162,Food,168.26
SKU_011,2023-03-15,131,Food,384.0
SKU_011,2023-03-16,169,Food,120.59
SKU_011,2023-03-17,152,Food,216.58
SKU_011,2023-03-18,173,Food,298.49
SKU_011,2023-03-19,195,Food,109.63
SKU_011,2023-03-20,152,Food,95.0
SKU_011,2023-03-21,131,Food,97.96
SKU_011,2023-03-22,156,Food,313.97
SKU_011,2023-03-23,130,Food,155.09
SKU_011,2023-03-24,148,Food,224.13
SKU_011,2023-03-25,184,Food,476.32
SKU_011,2023-03-26,223,Food,153.17
SKU_011,2023-03-27,164,Food,170.85
SKU_011,2023-03-28,150,Food,365.67
SKU_011,2023-03-29,179,Food,171.24
SKU_011,2023-03-30,167,Food,418.65
SKU_011,2023-03-31,193,Food,133.24
SKU_011,2023-04-01,191,Food,239.25
SKU_011,2023-04-02,160,Food,492.55
SKU_011,2023-04-03,146,Food,264.74
SKU_011,2023-04-04,141,Food,305.72
SKU_011,2023-04-05,164,Food,88.03
SKU_011,2023-04-06,153,Food,194.48
SKU_011,2023-04-07,141,Food,256.87
SKU_011,2023-04-08,156,Food,465.13
SKU_011,2023-04-09,163,Food,362.82
SKU_011,2023-04-10,135,Food,200.29
SKU_011,2023-04-11,146,Food,223.92
SKU_011,2023-04-12,141,Food,91.72
SKU_011,2023-04-13,135,Food,277.21
SKU_011,2023-04-14,171,Food,454.27
SKU_011,2023-04-15,194,Food,427.31
SKU_011,2023-04-16,202,Food,479.9
SKU_011,2023-04-17,149,Food,435.25
SKU_011,2023-04-18,135,Food,144.79
SKU_011,2023-04-19,135,Food,368.2
SKU_011,2023-04-20,167,Food,444.01
SKU_011,2023-04-21,146,Food,137.19
SKU_011,2023-04-22,200,Food,257.14
SKU_011,2023-04-23,158,Food,483.52
SKU_011,2023-04-24,157,Food,97.84
SKU_011,2023-04-25,195,Food,315.9
SKU_011,2023-04-26,149,Food,458.93
SKU_011,2023-04-27,188,Food,355.38
SKU_011,2023-04-28,169,Food,304.94
SKU_011,2023-04-29,187,Food,141.58
SKU_011,2023-04-30,199,Food,412.32
SKU_011,2023-05-01,145,Food,425.15
SKU_011,2023-05-02,134,Food,113.66
SKU_011,2023-05-03,149,Food,291.99
SKU_011,2023-05-04,172,Food,254.99
SKU_011,2023-05-05,173,Food,335.72
SKU_011,2023-05-06,209,Food,93.74
SKU_011,2023-05-07,187,Food,311.89
SKU_011,2023-05-08,133,Food,163.11
SKU_011,2023-05-09,156,Food,113.06
SKU_011,2023-05-10,155,Food,491.85
SKU_011,2023-05-11,161,Food,203.85
SKU_011,2023-05-12,173,Food,479.36
SKU_011,2023-05-13,156,Food,84.33
SKU_011,2023-05-14,156,Food,240.82
SKU_011,2023-05-15,138,Food,456.04
SKU_011,2023-05-16,173,Food,221.45
SKU_011,2023-05-17,162,Food,462.21
SKU_011,2023-05-18,132,Food,482.57
SKU_011,2023-05-19,156,Food,430.26
SKU_011,2023-05-20,173,Food,245.68
SKU_011,2023-05-21,196,Food,104.59
SKU_011,2023-05-22,145,Food,364.19
SKU_011,2023-05-23,168,Food,181.69
SKU_011,2023-05-24,136,Food,373.96
SKU_011,2023-05-25,186,Food,181.72
SKU_011,2023-05-26,192,Food,371.43
SKU_011,2023-05-27,182,Food,80.03
SKU_011,2023-05-28,212,Food,323.9
SKU_011,2023-05-29,200,Food,265.64
SKU_011,2023-05-30,176,Food,302.34
SKU_011,2023-05-31,165,Food,51.11
SKU_011,2023-06-01,160,Food,258.61
SKU_011,2023-06-02,144,Food,224.75
SKU_011,2023-06-03,194,Food,233.34
SKU_011,2023-06-04,169,Food,132.2
SKU_011,2023-06-05,147,Food,100.01
SKU_011,2023-06-06,155,Food,284.15
SKU_011,2023-06-07,135,Food,371.58
SKU_011,2023-06-08,157,Food,310.65
SKU_011,2023-06-09,137,Food,98.47
SKU_011,2023-06-10,157,Food,365.56
SKU_011,2023-06-11,185,Food,371.17
SKU_011,2023-06-12,131,Food,334.3
SKU_011,2023-06-13,147,Food,198.25
SKU_011,2023-06-14,131,Food,130.28
SKU_011,2023-06-15,142,Food,464.85
SKU_011,2023-06-16,167,Food,321.88
SKU_011,2023-06-17,197,Food,59.64
SKU_011,2023-06-18,184,Food,466.43
SKU_011,2023-06-19,152,Food,155.46
SKU_011,2023-06-20,162,Food,299.14
SKU_011,2023-06-21,165,Food,318.48
SKU_011,2023-06-22,165,Food,345.71
SKU_011,2023-06-23,159,Food,131.99
SKU_011,2023-06-24,174,Food,209.96
SKU_011,2023-06-25,223,Food,95.02
SKU_011,2023-06-26,149,Food,93.28
SKU_011,2023-06-27,171,Food,476.97
SKU_011,2023-06-28,168,Food,99.37
SKU_011,2023-06-29,181,Food,430.6
SKU_011,2023-06-30,181,Food,327.54
SKU_011,2023-07-01,163,Food,437.78
SKU_011,2023-07-02,162,Food,152.73
SKU_011,2023-07-03,136,Food,232.43
SKU_011,2023-07-04,136,Food,201.4
SKU_011,2023-07-05,160,Food,91.75
SKU_011,2023-07-06,160,Food,426.14
SKU_011,2023-07-07,170,Food,422.17
SKU_011,2023-07-08,185,Food,433.87
SKU_011,2023-07-09,163,Food,491.08
SKU_011,2023-07-10,158,Food,412.71
SKU_011,2023-07-11,168,Food,78.73
SKU_011,2023-07-12,139,Food,95.54
SKU_011,2023-07-13,144,Food,484.8
SKU_011,2023-07-14,159,Food,462.7
SKU_011,2023-07-15,168,Food,50.73
SKU_011,2023-07-16,169,Food,325.71
SKU_011,2023-07-17,132,Food,420.38
SKU_011,2023-07-18,167,Food,185.79
SKU_011,2023-07-19,165,Food,216.49
SKU_011,2023-07-20,162,Food,123.86
SKU_011,2023-07-21,154,Food,55.03
SKU_011,2023-07-22,161,Food,197.87
SKU_011,2023-07-23,206,Food,379.78
SKU_011,2023-07-24,168,Food,70.35
SKU_011,2023-07-25,183,Food,460.22
SKU_011,2023-07-26,175,Food,200.87
SKU_011,2023-07-27,188,Food,432.47
SKU_011,2023-07-28,170,Food,185.29
SKU_011,2023-07-29,231,Food,484.05
SKU_011,2023-07-30,209,Food,411.85
SKU_011,2023-07-31,180,Food,212.44
SKU_011,2023-08-01,161,Food,166.24
SKU_011,2023-08-02,149,Food,372.8
SKU_011,2023-08-03,133,Food,115.01
SKU_011,2023-08-04,134,Food,71.13
SKU_011,2023-08-05,173,Food,399.56
SKU_011,2023-08-06,203,Food,210.49
SKU_011,2023-08-07,138,Food,384.57
SKU_011,2023-08-08,161,Food,76.77
SKU_011,2023-08-09,163,Food,399.9
SKU_011,2023-08-10,154,Food,360.61
SKU_011,2023-08-11,130,Food,131.81
SKU_011,2023-08-12,176,Food,468.46
SKU_011,2023-08-13,159,Food,469.79
SKU_011,2023-08-14,140,Food,462.09
SKU_011,2023-08-15,169,Food,405.37
SKU_011,2023-08-16,174,Food,436.52
SKU_011,2023-08-17,159,Food,430.94
SKU_011,2023-08-18,159,Food,95.48
SKU_011,2023-08-19,200,Food,138.87
SKU_011,2023-08-20,185,Food,267.17
SKU_011,2023-08-21,172,Food,194.76
SKU_011,2023-08-22,171,Food,482.88
SKU_011,2023-08-23,153,Food,147.69
SKU_011,2023-08-24,145,Food,473.05
SKU_011,2023-08-25,159,Food,387.39
SKU_011,2023-08-26,240,Food,217.04
SKU_011,2023-08-27,232,Food,352.25
SKU_011,2023-08-28,195,Food,311.01
SKU_011,2023-08-29,164,Food,343.6
SKU_011,2023-08-30,166,Food,164.71
SKU_011,2023-08-31,150,Food,318.88
SKU_011,2023-09-01,134,Food,404.28
SKU_011,2023-09-02,195,Food,68.97
SKU_011,2023-09-03,160,Food,202.18
SKU_011,2023-09-04,138,Food,271.9
SKU_011,2023-09-05,169,Food,125.98
SKU_011,2023-09-06,139,Food,87.6
SKU_011,2023-09-07,153,Food,59.55
SKU_011,2023-09-08,160,Food,294.01
SKU_011,2023-09-09,177,Food,343.66
SKU_011,2023-09-10,199,Food,375.97
SKU_011,2023-09-11,168,Food,108.69
SKU_011,2023-09-12,154,Food,492.62
SKU_011,2023-09-13,157,Food,162.74
SKU_011,2023-09-14,158,Food,325.79
SKU_011,2023-09-15,140,Food,282.78
SKU_011,2023-09-16,185,Food,98.66
SKU_011,2023-09-17,202,Food,171.37
SKU_011,2023-09-18,130,Food,253.02
SKU_011,2023-09-19,150,Food,104.47
SKU_011,2023-09-20,135,Food,179.85
SKU_011,2023-09-21,130,Food,317.64
SKU_011,2023-09-22,132,Food,127.35
SKU_011,2023-09-23,179,Food,387.24
SKU_011,2023-09-24,170,Food,241.28
SKU_011,2023-09-25,188,Food,459.99
SKU_011,2023-09-26,161,Food,129.48
SKU_011,2023-09-27,169,Food,473.56
SKU_011,2023-09-28,154,Food,171.21
SKU_011,2023-09-29,154,Food,162.73
SKU_011,2023-09-30,238,Food,192.94
SKU_011,2023-10-01,210,Food,324.94
SKU_011,2023-10-02,218,Food,322.41
SKU_011,2023-10-03,216,Food,337.27
SKU_011,2023-10-04,212,Food,233.56
SKU_011,2023-10-05,193,Food,275.37
SKU_011,2023-10-06,174,Food,323.37
SKU_011,2023-10-07,252,Food,304.09
SKU_011,2023-10-08,315,Food,214.31
SKU_011,2023-10-09,330,Food,98.06
SKU_011,2023-10-10,334,Food,185.4
SKU_011,2023-10-11,288,Food,51.32
SKU_011,2023-10-12,331,Food,115.89
SKU_011,2023-10-13,279,Food,142.92
SKU_011,2023-10-14,345,Food,305.6
SKU_011,2023-10-15,666,Food,61.73
SKU_011,2023-10-16,168,Food,137.11
SKU_011,2023-10-17,310,Food,202.18
SKU_011,2023-10-18,272,Food,490.92
SKU_011,2023-10-19,335,Food,98.26
SKU_011,2023-10-20,334,Food,286.66
SKU_011,2023-10-21,382,Food,218.03
SKU_011,2023-10-22,401,Food,428.23
SKU_011,2023-10-23,272,Food,449.96
SKU_011,2023-10-24,472,Food,304.57
SKU_011,2023-10-25,221,Food,386.4
SKU_011,2023-10-26,243,Food,68.52
SKU_011,2023-10-27,198,Food,205.83
SKU_011,2023-10-28,263,Food,313.79
SKU_011,2023-10-29,259,Food,261.76
SKU_011,2023-10-30,256,Food,283.57
SKU_011,2023-10-31,202,Food,364.48
SKU_011,2023-11-01,208,Food,305.65
SKU_011,2023-11-02,181,Food,200.02
SKU_011,2023-11-03,194,Food,221.35
SKU_011,2023-11-04,227,Food,111.35
SKU_011,2023-11-05,262,Food,235.76
SKU_011,2023-11-06,190,Food,404.85
SKU_011,2023-11-07,177,Food,70.64
SKU_011,2023-11-08,183,Food,64.94
SKU_011,2023-11-09,188,Food,456.96
SKU_011,2023-11-10,220,Food,123.82
SKU_011,2023-11-11,254,Food,422.83
SKU_011,2023-11-12,252,Food,380.68
SKU_011,2023-11-13,171,Food,230.91
SKU_011,2023-11-14,210,Food,148.91
SKU_011,2023-11-15,223,Food,492.55
SKU_011,2023-11-16,223,Food,186.54
SKU_011,2023-11-17,180,Food,437.0
SKU_011,2023-11-18,265,Food,241.89
SKU_011,2023-11-19,239,Food,293.03
SKU_011,2023-11-20,171,Food,128.61
SKU_011,2023-11-21,173,Food,261.3
SKU_011,2023-11-22,185,Food,402.73
SKU_011,2023-11-23,180,Food,178.99
SKU_011,2023-11-24,184,Food,107.19
SKU_011,2023-11-25,248,Food,92.86
SKU_011,2023-11-26,297,Food,463.62
SKU_011,2023-11-27,235,Food,341.99
SKU_011,2023-11-28,235,Food,286.0
SKU_011,2023-11-29,225,Food,174.92
SKU_011,2023-11-30,203,Food,301.44
SKU_011,2023-12-01,189,Food,176.29
SKU_011,2023-12-02,236,Food,460.58
SKU_011,2023-12-03,249,Food,406.03
SKU_011,2023-12-04,173,Food,180.6
SKU_011,2023-12-05,177,Food,406.54
SKU_011,2023-12-06,186,Food,240.94
SKU_011,2023-12-07,195,Food,490.55
SKU_011,2023-12-08,222,Food,441.3
SKU_011,2023-12-09,207,Food,92.9
SKU_011,2023-12-10,251,Food,54.05
SKU_011,2023-12-11,199,Food,147.83
SKU_011,2023-12-12,197,Food,339.02
SKU_011,2023-12-13,173,Food,364.7
SKU_011,2023-12-14,203,Food,407.35
SKU_011,2023-12-15,183,Food,74.88
SKU_011,2023-12-16,207,Food,338.94
SKU_011,2023-12-17,205,Food,256.64
SKU_011,2023-12-18,177,Food,82.66
SKU_011,2023-12-19,222,Food,389.33
SKU_011,2023-12-20,209,Food,240.97
SKU_011,2023-12-21,179,Food,289.94
SKU_011,2023-12-22,194,Food,236.31
SKU_011,2023-12-23,258,Food,301.24
SKU_011,2023-12-24,265,Food,107.88
SKU_011,2023-12-25,225,Food,116.67
SKU_011,2023-12-26,257,Food,109.74
SKU_011,2023-12-27,197,Food,300.01
SKU_011,2023-12-28,243,Food,488.61
SKU_011,2023-12-29,221,Food,120.78
SKU_011,2023-12-30,241,Food,123.46
SKU_011,2023-12-31,296,Food,320.07
SKU_011,2024-01-01,155,Food,327.08
SKU_011,2024-01-02,129,Food,102.39
SKU_011,2024-01-03,145,Food,172.57
SKU_011,2024-01-04,163,Food,310.39
SKU_011,2024-01-05,157,Food,413.4
SKU_011,2024-01-06,158,Food,199.36
SKU_011,2024-01-07,187,Food,245.26
SKU_011,2024-01-08,255,Food,127.6
SKU_011,2024-01-09,208,Food,97.62
SKU_011,2024-01-10,246,Food,184.24
SKU_011,2024-01-11,204,Food,495.52
SKU_011,2024-01-12,252,Food,477.86
SKU_011,2024-01-13,279,Food,366.18
SKU_011,2024-01-14,305,Food,108.57
SKU_011,2024-01-15,422,Food,297.66
SKU_011,2024-01-16,164,Food,360.83
SKU_011,2024-01-17,168,Food,421.18
SKU_011,2024-01-18,154,Food,176.39
SKU_011,2024-01-19,147,Food,284.19
SKU_011,2024-01-20,188,Food,79.01
SKU_011,2024-01-21,181,Food,223.74
SKU_011,2024-01-22,168,Food,96.1
SKU_011,2024-01-23,170,Food,449.39
SKU_011,2024-01-24,142,Food,155.69
SKU_011,2024-01-25,173,Food,68.19
SKU_011,2024-01-26,152,Food,372.61
SKU_011,2024-01-27,178,Food,209.04
SKU_011,2024-01-28,227,Food,100.15
SKU_011,2024-01-29,199,Food,174.61
SKU_011,2024-01-30,196,Food,98.38
SKU_011,2024-01-31,183,Food,252.56
SKU_011,2024-02-01,137,Food,134.21
SKU_011,2024-02-02,166,Food,490.9
SKU_011,2024-02-03,168,Food,434.58
SKU_011,2024-02-04,178,Food,343.28
SKU_011,2024-02-05,136,Food,86.27
SKU_011,2024-02-06,133,Food,309.91
SKU_011,2024-02-07,143,Food,345.41
SKU_011,2024-02-08,171,Food,370.44
SKU_011,2024-02-09,162,Food,464.92
SKU_011,2024-02-10,166,Food,420.91
SKU_011,2024-02-11,201,Food,207.81
SKU_011,2024-02-12,137,Food,296.19
SKU_011,2024-02-13,152,Food,217.65
SKU_011,2024-02-14,157,Food,262.87
SKU_011,2024-02-15,172,Food,184.73
SKU_011,2024-02-16,170,Food,280.26
SKU_011,2024-02-17,191,Food,218.25
SKU_011,2024-02-18,160,Food,196.82
SKU_011,2024-02-19,135,Food,171.84
SKU_011,2024-02-20,152,Food,251.28
SKU_011,2024-02-21,150,Food,343.98
SKU_011,2024-02-22,162,Food,303.42
SKU_011,2024-02-23,146,Food,467.0
SKU_011,2024-02-24,156,Food,112.43
SKU_011,2024-02-25,205,Food,285.25
SKU_011,2024-02-26,157,Food,336.08
SKU_011,2024-02-27,191,Food,437.5
SKU_011,2024-02-28,167,Food,356.34
SKU_011,2024-02-29,167,Food,417.84
SKU_011,2024-03-01,139,Food,69.23
SKU_011,2024-03-02,173,Food,274.66
SKU_011,2024-03-03,189,Food,455.75
SKU_011,2024-03-04,146,Food,232.74
SKU_011,2024-03-05,157,Food,181.72
SKU_011,2024-03-06,136,Food,249.55
SKU_011,2024-03-07,129,Food,274.63
SKU_011,2024-03-08,140,Food,106.7
SKU_011,2024-03-09,185,Food,478.08
SKU_011,2024-03-10,201,Food,115.38
SKU_011,2024-03-11,165,Food,312.55
SKU_011,2024-03-12,150,Food,274.16
SKU_011,2024-03-13,129,Food,215.59
SKU_011,2024-03-14,132,Food,102.05
SKU_011,2024-03-15,174,Food,170.28
SKU_011,2024-03-16,207,Food,276.44
SKU_011,2024-03-17,168,Food,248.83
SKU_011,2024-03-18,162,Food,258.79
SKU_011,2024-03-19,167,Food,131.4
SKU_011,2024-03-20,137,Food,226.04
SKU_011,2024-03-21,136,Food,257.57
SKU_011,2024-03-22,143,Food,477.22
SKU_011,2024-03-23,164,Food,444.15
SKU_011,2024-03-24,167,Food,284.93
SKU_011,2024-03-25,150,Food,338.37
SKU_011,2024-03-26,166,Food,111.89
SKU_011,2024-03-27,165,Food,81.57
SKU_011,2024-03-28,196,Food,66.26
SKU_011,2024-03-29,168,Food,308.65
SKU_011,2024-03-30,186,Food,323.03
SKU_011,2024-03-31,223,Food,237.01
SKU_011,2024-04-01,156,Food,443.85
SKU_011,2024-04-02,172,Food,236.66
SKU_011,2024-04-03,129,Food,115.09
SKU_011,2024-04-04,165,Food,235.73
SKU_011,2024-04-05,135,Food,327.97
SKU_011,2024-04-06,170,Food,103.09
SKU_011,2024-04-07,163,Food,495.54
SKU_011,2024-04-08,164,Food,479.28
SKU_011,2024-04-09,130,Food,247.72
SKU_011,2024-04-10,162,Food,120.22
SKU_011,2024-04-11,167,Food,66.94
SKU_011,2024-04-12,169,Food,152.68
SKU_011,2024-04-13,173,Food,201.87
SKU_011,2024-04-14,182,Food,121.64
SKU_011,2024-04-15,146,Food,267.31
SKU_011,2024-04-16,159,Food,232.76
SKU_011,2024-04-17,154,Food,77.82
SKU_011,2024-04-18,165,Food,182.23
SKU_011,2024-04-19,166,Food,111.59
SKU_011,2024-04-20,205,Food,257.43
SKU_011,2024-04-21,159,Food,394.87
SKU_011,2024-04-22,133,Food,464.45
SKU_011,2024-04-23,145,Food,320.47
SKU_011,2024-04-24,133,Food,90.75
SKU_011,2024-04-25,180,Food,322.51
SKU_011,2024-04-26,180,Food,187.86
SKU_011,2024-04-27,199,Food,95.34
SKU_011,2024-04-28,210,Food,409.32
SKU_011,2024-04-29,150,Food,391.44
SKU_011,2024-04-30,188,Food,364.86
SKU_011,2024-05-01,143,Food,139.33
SKU_011,2024-05-02,169,Food,277.89
SKU_011,2024-05-03,135,Food,377.15
SKU_011,2024-05-04,159,Food,480.26
SKU_011,2024-05-05,162,Food,152.45
SKU_011,2024-05-06,160,Food,318.93
SKU_011,2024-05-07,151,Food,435.09
SKU_011,2024-05-08,164,Food,170.55
SKU_011,2024-05-09,173,Food,157.23
SKU_011,2024-05-10,140,Food,145.66
SKU_011,2024-05-11,204,Food,379.74
SKU_011,2024-05-12,159,Food,104.92
SKU_011,2024-05-13,136,Food,490.08
SKU_011,2024-05-14,141,Food,277.06
SKU_011,2024-05-15,132,Food,442.56
SKU_011,2024-05-16,166,Food,246.68
SKU_011,2024-05-17,153,Food,152.22
SKU_011,2024-05-18,165,Food,359.92
SKU_011,2024-05-19,156,Food,69.38
SKU_011,2024-05-20,130,Food,358.46
SKU_011,2024-05-21,129,Food,133.01
SKU_011,2024-05-22,160,Food,61.11
SKU_011,2024-05-23,150,Food,77.51
SKU_011,2024-05-24,152,Food,175.54
SKU_011,2024-05-25,223,Food,63.64
SKU_011,2024-05-26,187,Food,291.8
SKU_011,2024-05-27,175,Food,261.25
SKU_011,2024-05-28,179,Food,436.68
SKU_011,2024-05-29,189,Food,126.63
SKU_011,2024-05-30,183,Food,227.09
SKU_011,2024-05-31,191,Food,448.36
SKU_011,2024-06-01,174,Food,300.56
SKU_011,2024-06-02,175,Food,152.51
SKU_011,2024-06-03,132,Food,388.36
SKU_011,2024-06-04,141,Food,454.57
SKU_011,2024-06-05,139,Food,205.77
SKU_011,2024-06-06,150,Food,295.68
SKU_011,2024-06-07,143,Food,279.11
SKU_011,2024-06-08,209,Food,70.5
SKU_011,2024-06-09,158,Food,60.62
SKU_011,2024-06-10,135,Food,226.56
SKU_011,2024-06-11,170,Food,213.58
SKU_011,2024-06-12,162,Food,266.19
SKU_011,2024-06-13,130,Food,64.68
SKU_011,2024-06-14,149,Food,433.2
SKU_011,2024-06-15,204,Food,444.2
SKU_011,2024-06-16,199,Food,399.65
SKU_011,2024-06-17,133,Food,102.03
SKU_011,2024-06-18,154,Food,289.25
SKU_011,2024-06-19,130,Food,296.9
SKU_011,2024-06-20,156,Food,172.74
SKU_011,2024-06-21,131,Food,240.7
SKU_011,2024-06-22,162,Food,356.13
SKU_011,2024-06-23,190,Food,220.48
SKU_011,2024-06-24,146,Food,124.25
SKU_011,2024-06-25,170,Food,236.77
SKU_011,2024-06-26,175,Food,160.24
SKU_011,2024-06-27,195,Food,96.98
SKU_011,2024-06-28,171,Food,57.33
SKU_011,2024-06-29,189,Food,245.14
SKU_011,2024-06-30,219,Food,290.77
SKU_011,2024-07-01,171,Food,433.11
SKU_011,2024-07-02,157,Food,159.5
SKU_011,2024-07-03,167,Food,135.96
SKU_011,2024-07-04,138,Food,458.29
SKU_011,2024-07-05,133,Food,111.12
SKU_011,2024-07-06,173,Food,480.22
SKU_011,2024-07-07,204,Food,456.98
SKU_011,2024-07-08,133,Food,354.2
SKU_011,2024-07-09,159,Food,186.82
SKU_011,2024-07-10,140,Food,459.07
SKU_011,2024-07-11,130,Food,69.94
SKU_011,2024-07-12,145,Food,387.01
SKU_011,2024-07-13,163,Food,90.77
SKU_011,2024-07-14,162,Food,100.04
SKU_011,2024-07-15,130,Food,194.98
SKU_011,2024-07-16,160,Food,189.24
SKU_011,2024-07-17,141,Food,165.1
SKU_011,2024-07-18,158,Food,405.92
SKU_011,2024-07-19,171,Food,250.01
SKU_011,2024-07-20,165,Food,98.99
SKU_011,2024-07-21,200,Food,289.33
SKU_011,2024-07-22,144,Food,471.79
SKU_011,2024-07-23,172,Food,267.33
SKU_011,2024-07-24,169,Food,386.84
SKU_011,2024-07-25,150,Food,408.05
SKU_011,2024-07-26,189,Food,234.22
SKU_011,2024-07-27,233,Food,410.55
SKU_011,2024-07-28,197,Food,393.79
SKU_011,2024-07-29,190,Food,324.28
SKU_011,2024-07-30,168,Food,294.61
SKU_011,2024-07-31,198,Food,490.58
SKU_011,2024-08-01,165,Food,452.83
SKU_011,2024-08-02,147,Food,205.25
SKU_011,2024-08-03,169,Food,477.89
SKU_011,2024-08-04,195,Food,295.51
SKU_011,2024-08-05,137,Food,82.46
SKU_011,2024-08-06,143,Food,132.37
SKU_011,2024-08-07,174,Food,323.95
SKU_011,2024-08-08,130,Food,256.29
SKU_011,2024-08-09,131,Food,148.63
SKU_011,2024-08-10,162,Food,247.54
SKU_011,2024-08-11,195,Food,495.77
SKU_011,2024-08-12,132,Food,94.98
SKU_011,2024-08-13,149,Food,124.74
SKU_011,2024-08-14,145,Food,447.92
SKU_011,2024-08-15,159,Food,280.54
SKU_011,2024-08-16,146,Food,194.72
SKU_011,2024-08-17,184,Food,453.85
SKU_011,2024-08-18,180,Food,433.44
SKU_011,2024-08-19,173,Food,211.85
SKU_011,2024-08-20,159,Food,324.67
SKU_011,2024-08-21,151,Food,399.6
SKU_011,2024-08-22,141,Food,235.95
SKU_011,2024-08-23,173,Food,179.27
SKU_011,2024-08-24,200,Food,145.94
SKU_011,2024-08-25,181,Food,408.58
SKU_011,2024-08-26,198,Food,95.96
SKU_011,2024-08-27,200,Food,422.65
SKU_011,2024-08-28,190,Food,87.88
SKU_011,2024-08-29,180,Food,92.99
SKU_011,2024-08-30,179,Food,405.5
SKU_011,2024-08-31,228,Food,131.24
SKU_011,2024-09-01,170,Food,110.36
SKU_011,2024-09-02,146,Food,285.68
SKU_011,2024-09-03,133,Food,406.25
SKU_011,2024-09-04,163,Food,316.96
SKU_011,2024-09-05,170,Food,444.53
SKU_011,2024-09-06,171,Food,427.62
SKU_011,2024-09-07,204,Food,136.36
SKU_011,2024-09-08,197,Food,398.91
SKU_011,2024-09-09,143,Food,69.6
SKU_011,2024-09-10,142,Food,277.56
SKU_011,2024-09-11,160,Food,426.19
SKU_011,2024-09-12,148,Food,154.38
SKU_011,2024-09-13,173,Food,175.56
SKU_011,2024-09-14,168,Food,90.2
SKU_011,2024-09-15,203,Food,86.87
SKU_011,2024-09-16,152,Food,136.74
SKU_011,2024-09-17,149,Food,471.0
SKU_011,2024-09-18,173,Food,261.95
SKU_011,2024-09-19,174,Food,374.88
SKU_011,2024-09-20,135,Food,376.37
SKU_011,2024-09-21,161,Food,284.7
SKU_011,2024-09-22,193,Food,161.58
SKU_011,2024-09-23,146,Food,200.56
SKU_011,2024-09-24,130,Food,305.08
SKU_011,2024-09-25,179,Food,442.49
SKU_011,2024-09-26,151,Food,119.51
SKU_011,2024-09-27,194,Food,367.31
SKU_011,2024-09-28,217,Food,460.21
SKU_011,2024-09-29,218,Food,123.11
SKU_011,2024-09-30,193,Food,153.83
SKU_011,2024-10-01,206,Food,386.96
SKU_011,2024-10-02,217,Food,269.9
SKU_011,2024-10-03,222,Food,336.93
SKU_011,2024-10-04,211,Food,240.51
SKU_011,2024-10-05,363,Food,219.14
SKU_011,2024-10-06,376,Food,281.36
SKU_011,2024-10-07,335,Food,149.73
SKU_011,2024-10-08,278,Food,427.33
SKU_011,2024-10-09,313,Food,315.83
SKU_011,2024-10-10,277,Food,303.19
SKU_011,2024-10-11,253,Food,468.75
SKU_011,2024-10-12,661,Food,294.32
SKU_011,2024-10-13,203,Food,231.87
SKU_011,2024-10-14,226,Food,237.89
SKU_011,2024-10-15,177,Food,138.67
SKU_011,2024-10-16,174,Food,202.54
SKU_011,2024-10-17,211,Food,311.58
SKU_011,2024-10-18,193,Food,248.34
SKU_011,2024-10-19,259,Food,226.07
SKU_011,2024-10-20,264,Food,380.39
SKU_011,2024-10-21,209,Food,76.7
SKU_011,2024-10-22,189,Food,226.38
SKU_011,2024-10-23,210,Food,441.49
SKU_011,2024-10-24,189,Food,468.77
SKU_011,2024-10-25,386,Food,296.8
SKU_011,2024-10-26,358,Food,161.63
SKU_011,2024-10-27,424,Food,348.53
SKU_011,2024-10-28,308,Food,233.14
SKU_011,2024-10-29,314,Food,275.6
SKU_011,2024-10-30,357,Food,390.81
SKU_011,2024-10-31,304,Food,79.85
SKU_011,2024-11-01,460,Food,499.49
SKU_011,2024-11-02,238,Food,179.5
SKU_011,2024-11-03,241,Food,61.81
SKU_011,2024-11-04,169,Food,327.79
SKU_011,2024-11-05,210,Food,278.64
SKU_011,2024-11-06,177,Food,458.83
SKU_011,2024-11-07,206,Food,461.81
SKU_011,2024-11-08,168,Food,445.39
SKU_011,2024-11-09,232,Food,96.31
SKU_011,2024-11-10,257,Food,467.43
SKU_011,2024-11-11,193,Food,84.64
SKU_011,2024-11-12,189,Food,271.6
SKU_011,2024-11-13,185,Food,348.61
SKU_011,2024-11-14,213,Food,217.87
SKU_011,2024-11-15,192,Food,438.55
SKU_011,2024-11-16,263,Food,147.96
SKU_011,2024-11-17,222,Food,415.55
SKU_011,2024-11-18,217,Food,384.01
SKU_011,2024-11-19,199,Food,51.13
SKU_011,2024-11-20,170,Food,220.6
SKU_011,2024-11-21,188,Food,159.59
SKU_011,2024-11-22,191,Food,431.21
SKU_011,2024-11-23,235,Food,361.81
SKU_011,2024-11-24,239,Food,82.79
SKU_011,2024-11-25,242,Food,428.27
SKU_011,2024-11-26,239,Food,285.85
SKU_011,2024-11-27,194,Food,127.98
SKU_011,2024-11-28,198,Food,383.17
SKU_011,2024-11-29,258,Food,112.69
SKU_011,2024-11-30,298,Food,104.87
SKU_011,2024-12-01,262,Food,50.32
SKU_011,2024-12-02,212,Food,394.94
SKU_011,2024-12-03,222,Food,234.75
SKU_011,2024-12-04,223,Food,392.72
SKU_011,2024-12-05,203,Food,350.57
SKU_011,2024-12-06,173,Food,291.96
SKU_011,2024-12-07,238,Food,469.7
SKU_011,2024-12-08,263,Food,273.84
SKU_011,2024-12-09,212,Food,267.15
SKU_011,2024-12-10,188,Food,111.89
SKU_011,2024-12-11,203,Food,216.41
SKU_011,2024-12-12,227,Food,87.83
SKU_011,2024-12-13,206,Food,305.66
SKU_011,2024-12-14,215,Food,267.31
SKU_011,2024-12-15,247,Food,280.65
SKU_011,2024-12-16,189,Food,333.08
SKU_011,2024-12-17,186,Food,274.41
SKU_011,2024-12-18,223,Food,99.23
SKU_011,2024-12-19,195,Food,147.73
SKU_011,2024-12-20,171,Food,292.71
SKU_011,2024-12-21,239,Food,240.73
SKU_011,2024-12-22,265,Food,463.04
SKU_011,2024-12-23,196,Food,420.33
SKU_011,2024-12-24,224,Food,392.3
SKU_011,2024-12-25,234,Food,319.3
SKU_011,2024-12-26,247,Food,336.94
SKU_011,2024-12-27,207,Food,56.06
SKU_011,2024-12-28,255,Food,434.16
SKU_011,2024-12-29,242,Food,411.75
SKU_011,2024-12-30,249,Food,444.36
SKU_011,2024-12-31,197,Food,455.69
SKU_012,2023-01-01,95,Food,223.91
SKU_012,2023-01-02,92,Food,349.53
SKU_012,2023-01-03,88,Food,185.2
SKU_012,2023-01-04,91,Food,107.31
SKU_012,2023-01-05,84,Food,262.14
SKU_012,2023-01-06,95,Food,173.0
SKU_012,2023-01-07,115,Food,338.3
SKU_012,2023-01-08,117,Food,351.43
SKU_012,2023-01-09,85,Food,437.92
SKU_012,2023-01-10,89,Food,138.12
SKU_012,2023-01-11,94,Food,412.99
SKU_012,2023-01-12,81,Food,295.54
SKU_012,2023-01-13,86,Food,343.01
SKU_012,2023-01-14,98,Food,232.8
SKU_012,2023-01-15,96,Food,315.02
SKU_012,2023-01-16,86,Food,412.16
SKU_012,2023-01-17,93,Food,256.22
SKU_012,2023-01-18,85,Food,388.41
SKU_012,2023-01-19,82,Food,385.95
SKU_012,2023-01-20,87,Food,80.56
SKU_012,2023-01-21,94,Food,257.03
SKU_012,2023-01-22,105,Food,311.23
SKU_012,2023-01-23,78,Food,407.96
SKU_012,2023-01-24,76,Food,76.11
SKU_012,2023-01-25,113,Food,496.91
SKU_012,2023-01-26,109,Food,291.23
SKU_012,2023-01-27,86,Food,450.8
SKU_012,2023-01-28,105,Food,434.78
SKU_012,2023-01-29,112,Food,395.94
SKU_012,2023-01-30,100,Food,80.79
SKU_012,2023-01-31,85,Food,341.79
SKU_012,2023-02-01,79,Food,300.89
SKU_012,2023-02-02,91,Food,64.63
SKU_012,2023-02-03,88,Food,317.18
SKU_012,2023-02-04,101,Food,177.94
SKU_012,2023-02-05,102,Food,262.4
SKU_012,2023-02-06,80,Food,152.68
SKU_012,2023-02-07,88,Food,225.34
SKU_012,2023-02-08,98,Food,354.66
SKU_012,2023-02-09,78,Food,295.93
SKU_012,2023-02-10,84,Food,263.49
SKU_012,2023-02-11,116,Food,229.5
SKU_012,2023-02-12,100,Food,421.17
SKU_012,2023-02-13,94,Food,258.94
SKU_012,2023-02-14,89,Food,190.06
SKU_012,2023-02-15,98,Food,421.82
SKU_012,2023-02-16,89,Food,349.79
SKU_012,2023-02-17,74,Food,71.19
SKU_012,2023-02-18,117,Food,258.71
SKU_012,2023-02-19,111,Food,94.15
SKU_012,2023-02-20,79,Food,338.04
SKU_012,2023-02-21,99,Food,286.7
SKU_012,2023-02-22,74,Food,63.04
SKU_012,2023-02-23,90,Food,394.03
SKU_012,2023-02-24,76,Food,494.4
SKU_012,2023-02-25,137,Food,155.86
SKU_012,2023-02-26,130,Food,170.18
SKU_012,2023-02-27,98,Food,287.65
SKU_012,2023-02-28,105,Food,409.96
SKU_012,2023-03-01,77,Food,222.95
SKU_012,2023-03-02,98,Food,52.7
SKU_012,2023-03-03,86,Food,292.48
SKU_012,2023-03-04,105,Food,94.63
SKU_012,2023-03-05,92,Food,154.27
SKU_012,2023-03-06,96,Food,436.51
SKU_012,2023-03-07,78,Food,131.07
SKU_012,2023-03-08,79,Food,267.0
SKU_012,2023-03-09,100,Food,241.69
SKU_012,2023-03-10,90,Food,95.95
SKU_012,2023-03-11,107,Food,158.7
SKU_012,2023-03-12,111,Food,264.33
SKU_012,2023-03-13,84,Food,190.63
SKU_012,2023-03-14,92,Food,479.8
SKU_012,2023-03-15,98,Food,311.08
SKU_012,2023-03-16,94,Food,210.92
SKU_012,2023-03-17,86,Food,346.91
SKU_012,2023-03-18,106,Food,54.9
SKU_012,2023-03-19,113,Food,163.86
SKU_012,2023-03-20,91,Food,434.1
SKU_012,2023-03-21,99,Food,186.77
SKU_012,2023-03-22,94,Food,399.37
SKU_012,2023-03-23,97,Food,214.17
SKU_012,2023-03-24,79,Food,241.26
SKU_012,2023-03-25,103,Food,456.08
SKU_012,2023-03-26,119,Food,222.54
SKU_012,2023-03-27,86,Food,152.1
SKU_012,2023-03-28,97,Food,99.1
SKU_012,2023-03-29,109,Food,424.38
SKU_012,2023-03-30,107,Food,193.48
SKU_012,2023-03-31,100,Food,361.41
SKU_012,2023-04-01,118,Food,186.3
SKU_012,2023-04-02,106,Food,143.11
SKU_012,2023-04-03,89,Food,398.15
SKU_012,2023-04-04,95,Food,93.18
SKU_012,2023-04-05,95,Food,203.19
SKU_012,2023-04-06,95,Food,243.44
SKU_012,2023-04-07,82,Food,254.62
SKU_012,2023-04-08,113,Food,495.31
SKU_012,2023-04-09,99,Food,455.28
SKU_012,2023-04-10,95,Food,486.39
SKU_012,2023-04-11,94,Food,415.34
SKU_012,2023-04-12,80,Food,232.96
SKU_012,2023-04-13,98,Food,482.37
SKU_012,2023-04-14,93,Food,255.68
SKU_012,2023-04-15,104,Food,464.35
SKU_012,2023-04-16,100,Food,208.06
SKU_012,2023-04-17,90,Food,471.72
SKU_012,2023-04-18,79,Food,223.5
SKU_012,2023-04-19,81,Food,316.33
SKU_012,2023-04-20,74,Food,309.64
SKU_012,2023-04-21,75,Food,78.34
SKU_012,2023-04-22,89,Food,67.7
SKU_012,2023-04-23,114,Food,289.87
SKU_012,2023-04-24,98,Food,94.68
SKU_012,2023-04-25,108,Food,267.31
SKU_012,2023-04-26,91,Food,392.52
SKU_012,2023-04-27,91,Food,348.85
SKU_012,2023-04-28,94,Food,65.95
SKU_012,2023-04-29,129,Food,263.53
SKU_012,2023-04-30,135,Food,250.69
SKU_012,2023-05-01,76,Food,443.81
SKU_012,2023-05-02,92,Food,213.97
SKU_012,2023-05-03,85,Food,438.61
SKU_012,2023-05-04,93,Food,97.23
SKU_012,2023-05-05,82,Food,264.15
SKU_012,2023-05-06,99,Food,174.07
SKU_012,2023-05-07,107,Food,245.62
SKU_012,2023-05-08,85,Food,162.79
SKU_012,2023-05-09,95,Food,371.44
SKU_012,2023-05-10,79,Food,72.36
SKU_012,2023-05-11,81,Food,199.91
SKU_012,2023-05-12,94,Food,478.61
SKU_012,2023-05-13,112,Food,206.33
SKU_012,2023-05-14,117,Food,56.12
SKU_012,2023-05-15,80,Food,94.04
SKU_012,2023-05-16,95,Food,247.39
SKU_012,2023-05-17,90,Food,62.25
SKU_012,2023-05-18,77,Food,139.69
SKU_012,2023-05-19,88,Food,60.63
SKU_012,2023-05-20,95,Food,107.23
SKU_012,2023-05-21,105,Food,198.89
SKU_012,2023-05-22,86,Food,350.39
SKU_012,2023-05-23,87,Food,452.43
SKU_012,2023-05-24,80,Food,459.75
SKU_012,2023-05-25,93,Food,249.6
SKU_012,2023-05-26,114,Food,395.75
SKU_012,2023-05-27,123,Food,142.83
SKU_012,2023-05-28,127,Food,478.22
SKU_012,2023-05-29,99,Food,154.21
SKU_012,2023-05-30,91,Food,332.55
SKU_012,2023-05-31,89,Food,88.31
SKU_012,2023-06-01,85,Food,52.63
SKU_012,2023-06-02,93,Food,452.17
SKU_012,2023-06-03,104,Food,157.18
SKU_012,2023-06-04,105,Food,71.16
SKU_012,2023-06-05,98,Food,354.81
SKU_012,2023-06-06,91,Food,206.68
SKU_012,2023-06-07,98,Food,367.62
SKU_012,2023-06-08,76,Food,54.01
SKU_012,2023-06-09,95,Food,373.48
SKU_012,2023-06-10,107,Food,301.41
SKU_012,2023-06-11,100,Food,371.86
SKU_012,2023-06-12,74,Food,75.91
SKU_012,2023-06-13,86,Food,93.29
SKU_012,2023-06-14,81,Food,172.49
SKU_012,2023-06-15,74,Food,73.22
SKU_012,2023-06-16,78,Food,276.37
SKU_012,2023-06-17,92,Food,202.26
SKU_012,2023-06-18,99,Food,109.38
SKU_012,2023-06-19,78,Food,87.78
SKU_012,2023-06-20,76,Food,381.81
SKU_012,2023-06-21,81,Food,452.95
SKU_012,2023-06-22,78,Food,123.02
SKU_012,2023-06-23,97,Food,138.42
SKU_012,2023-06-24,92,Food,440.31
SKU_012,2023-06-25,118,Food,390.86
SKU_012,2023-06-26,97,Food,248.58
SKU_012,2023-06-27,86,Food,346.17
SKU_012,2023-06-28,101,Food,188.39
SKU_012,2023-06-29,103,Food,370.81
SKU_012,2023-06-30,99,Food,246.67
SKU_012,2023-07-01,107,Food,133.5
SKU_012,2023-07-02,104,Food,60.07
SKU_012,2023-07-03,86,Food,198.7
SKU_012,2023-07-04,88,Food,472.08
SKU_012,2023-07-05,95,Food,243.82
SKU_012,2023-07-06,80,Food,81.6
SKU_012,2023-07-07,89,Food,195.06
SKU_012,2023-07-08,99,Food,221.96
SKU_012,2023-07-09,106,Food,295.62
SKU_012,2023-07-10,98,Food,379.82
SKU_012,2023-07-11,91,Food,113.29
SKU_012,2023-07-12,77,Food,251.2
SKU_012,2023-07-13,85,Food,269.58
SKU_012,2023-07-14,97,Food,223.69
SKU_012,2023-07-15,107,Food,206.14
SKU_012,2023-07-16,90,Food,272.43
SKU_012,2023-07-17,81,Food,376.57
SKU_012,2023-07-18,94,Food,269.72
SKU_012,2023-07-19,76,Food,225.05
SKU_012,2023-07-20,75,Food,367.28
SKU_012,2023-07-21,83,Food,319.2
SKU_012,2023-07-22,90,Food,343.82
SKU_012,2023-07-23,93,Food,318.96
SKU_012,2023-07-24,98,Food,94.78
SKU_012,2023-07-25,86,Food,132.85
SKU_012,2023-07-26,113,Food,324.9
SKU_012,2023-07-27,98,Food,275.78
SKU_012,2023-07-28,102,Food,211.72
SKU_012,2023-07-29,131,Food,77.81
SKU_012,2023-07-30,130,Food,100.77
SKU_012,2023-07-31,92,Food,68.51
SKU_012,2023-08-01,90,Food,314.99
SKU_012,2023-08-02,77,Food,246.06
SKU_012,2023-08-03,85,Food,259.92
SKU_012,2023-08-04,89,Food,440.63
SKU_012,2023-08-05,119,Food,142.52
SKU_012,2023-08-06,89,Food,53.96
SKU_012,2023-08-07,82,Food,204.05
SKU_012,2023-08-08,81,Food,429.7
SKU_012,2023-08-09,79,Food,399.53
SKU_012,2023-08-10,84,Food,357.71
SKU_012,2023-08-11,87,Food,55.91
SKU_012,2023-08-12,89,Food,449.26
SKU_012,2023-08-13,114,Food,253.85
SKU_012,2023-08-14,81,Food,494.95
SKU_012,2023-08-15,85,Food,233.46
SKU_012,2023-08-16,90,Food,459.43
SKU_012,2023-08-17,86,Food,483.44
SKU_012,2023-08-18,87,Food,184.47
SKU_012,2023-08-19,118,Food,480.14
SKU_012,2023-08-20,97,Food,229.02
SKU_012,2023-08-21,87,Food,244.27
SKU_012,2023-08-22,91,Food,494.44
SKU_012,2023-08-23,93,Food,95.06
SKU_012,2023-08-24,75,Food,187.82
SKU_012,2023-08-25,102,Food,405.87
SKU_012,2023-08-26,108,Food,87.22
SKU_012,2023-08-27,106,Food,183.22
SKU_012,2023-08-28,87,Food,100.28
SKU_012,2023-08-29,90,Food,343.96
SKU_012,2023-08-30,100,Food,364.54
SKU_012,2023-08-31,102,Food,105.34
SKU_012,2023-09-01,89,Food,395.71
SKU_012,2023-09-02,106,Food,468.14
SKU_012,2023-09-03,91,Food,489.99
SKU_012,2023-09-04,96,Food,351.01
SKU_012,2023-09-05,74,Food,421.86
SKU_012,2023-09-06,95,Food,401.71
SKU_012,2023-09-07,90,Food,316.13
SKU_012,2023-09-08,79,Food,353.9
SKU_012,2023-09-09,114,Food,417.01
SKU_012,2023-09-10,119,Food,392.01
SKU_012,2023-09-11,94,Food,362.18
SKU_012,2023-09-12,97,Food,157.49
SKU_012,2023-09-13,77,Food,266.13
SKU_012,2023-09-14,90,Food,407.29
SKU_012,2023-09-15,78,Food,294.56
SKU_012,2023-09-16,118,Food,261.91
SKU_012,2023-09-17,108,Food,384.99
SKU_012,2023-09-18,81,Food,134.16
SKU_012,2023-09-19,95,Food,479.19
SKU_012,2023-09-20,90,Food,481.21
SKU_012,2023-09-21,92,Food,217.55
SKU_012,2023-09-22,95,Food,479.98
SKU_012,2023-09-23,119,Food,368.31
SKU_012,2023-09-24,107,Food,398.21
SKU_012,2023-09-25,88,Food,337.08
SKU_012,2023-09-26,100,Food,247.02
SKU_012,2023-09-27,99,Food,426.65
SKU_012,2023-09-28,86,Food,367.86
SKU_012,2023-09-29,98,Food,337.56
SKU_012,2023-09-30,122,Food,208.64
SKU_012,2023-10-01,141,Food,488.65
SKU_012,2023-10-02,109,Food,488.57
SKU_012,2023-10-03,127,Food,498.63
SKU_012,2023-10-04,116,Food,228.64
SKU_012,2023-10-05,124,Food,325.84
SKU_012,2023-10-06,121,Food,311.42
SKU_012,2023-10-07,123,Food,68.19
SKU_012,2023-10-08,214,Food,189.46
SKU_012,2023-10-09,155,Food,313.37
SKU_012,2023-10-10,187,Food,53.48
SKU_012,2023-10-11,190,Food,427.95
SKU_012,2023-10-12,187,Food,132.15
SKU_012,2023-10-13,170,Food,56.63
SKU_012,2023-10-14,209,Food,241.86
SKU_012,2023-10-15,298,Food,465.56
SKU_012,2023-10-16,110,Food,396.3
SKU_012,2023-10-17,188,Food,236.83
SKU_012,2023-10-18,183,Food,122.34
SKU_012,2023-10-19,157,Food,106.75
SKU_012,2023-10-20,184,Food,51.79
SKU_012,2023-10-21,211,Food,405.43
SKU_012,2023-10-22,201,Food,485.95
SKU_012,2023-10-23,186,Food,374.08
SKU_012,2023-10-24,316,Food,112.66
SKU_012,2023-10-25,146,Food,361.84
SKU_012,2023-10-26,140,Food,269.75
SKU_012,2023-10-27,146,Food,244.36
SKU_012,2023-10-28,166,Food,296.16
SKU_012,2023-10-29,175,Food,303.21
SKU_012,2023-10-30,119,Food,405.57
SKU_012,2023-10-31,145,Food,270.63
SKU_012,2023-11-01,121,Food,426.69
SKU_012,2023-11-02,97,Food,294.69
SKU_012,2023-11-03,123,Food,67.25
SKU_012,2023-11-04,121,Food,468.8
SKU_012,2023-11-05,129,Food,172.89
SKU_012,2023-11-06,98,Food,177.12
SKU_012,2023-11-07,126,Food,156.88
SKU_012,2023-11-08,102,Food,184.94
SKU_012,2023-11-09,127,Food,337.63
SKU_012,2023-11-10,129,Food,356.9
SKU_012,2023-11-11,135,Food,73.54
SKU_012,2023-11-12,149,Food,497.46
SKU_012,2023-11-13,107,Food,106.42
SKU_012,2023-11-14,128,Food,192.34
SKU_012,2023-11-15,104,Food,378.38
SKU_012,2023-11-16,127,Food,133.47
SKU_012,2023-11-17,130,Food,70.97
SKU_012,2023-11-18,131,Food,246.67
SKU_012,2023-11-19,131,Food,415.82
SKU_012,2023-11-20,129,Food,381.95
SKU_012,2023-11-21,126,Food,439.9
SKU_012,2023-11-22,101,Food,411.89
SKU_012,2023-11-23,104,Food,496.62
SKU_012,2023-11-24,128,Food,434.92
SKU_012,2023-11-25,163,Food,178.53
SKU_012,2023-11-26,172,Food,272.91
SKU_012,2023-11-27,148,Food,293.69
SKU_012,2023-11-28,117,Food,152.83
SKU_012,2023-11-29,146,Food,148.87
SKU_012,2023-11-30,122,Food,239.36
SKU_012,2023-12-01,117,Food,449.52
SKU_012,2023-12-02,128,Food,362.11
SKU_012,2023-12-03,133,Food,87.08
SKU_012,2023-12-04,119,Food,492.01
SKU_012,2023-12-05,103,Food,260.89
SKU_012,2023-12-06,127,Food,195.03
SKU_012,2023-12-07,124,Food,395.7
SKU_012,2023-12-08,113,Food,154.07
SKU_012,2023-12-09,140,Food,228.64
SKU_012,2023-12-10,118,Food,204.77
SKU_012,2023-12-11,123,Food,389.97
SKU_012,2023-12-12,113,Food,257.95
SKU_012,2023-12-13,110,Food,478.14
SKU_012,2023-12-14,109,Food,421.13
SKU_012,2023-12-15,101,Food,307.79
SKU_012,2023-12-16,151,Food,459.52
SKU_012,2023-12-17,124,Food,120.3
SKU_012,2023-12-18,115,Food,176.69
SKU_012,2023-12-19,113,Food,85.74
SKU_012,2023-12-20,123,Food,268.37
SKU_012,2023-12-21,110,Food,309.69
SKU_012,2023-12-22,116,Food,205.45
SKU_012,2023-12-23,125,Food,245.27
SKU_012,2023-12-24,143,Food,160.86
SKU_012,2023-12-25,133,Food,169.17
SKU_012,2023-12-26,127,Food,202.2
SKU_012,2023-12-27,123,Food,302.98
SKU_012,2023-12-28,125,Food,272.38
SKU_012,2023-12-29,117,Food,313.24
SKU_012,2023-12-30,153,Food,54.76
SKU_012,2023-12-31,135,Food,187.4
SKU_012,2024-01-01,89,Food,337.49
SKU_012,2024-01-02,86,Food,416.86
SKU_012,2024-01-03,81,Food,184.38
SKU_012,2024-01-04,90,Food,496.53
SKU_012,2024-01-05,97,Food,119.56
SKU_012,2024-01-06,101,Food,100.46
SKU_012,2024-01-07,116,Food,161.59
SKU_012,2024-01-08,149,Food,156.09
SKU_012,2024-01-09,123,Food,234.82
SKU_012,2024-01-10,118,Food,411.21
SKU_012,2024-01-11,136,Food,320.3
SKU_012,2024-01-12,127,Food,286.27
SKU_012,2024-01-13,150,Food,331.55
SKU_012,2024-01-14,163,Food,82.98
SKU_012,2024-01-15,192,Food,324.1
SKU_012,2024-01-16,78,Food,416.77
SKU_012,2024-01-17,93,Food,226.94
SKU_012,2024-01-18,96,Food,166.56
SKU_012,2024-01-19,99,Food,240.04
SKU_012,2024-01-20,107,Food,221.82
SKU_012,2024-01-21,116,Food,205.16
SKU_012,2024-01-22,97,Food,81.68
SKU_012,2024-01-23,74,Food,347.02
SKU_012,2024-01-24,79,Food,326.75
SKU_012,2024-01-25,91,Food,470.36
SKU_012,2024-01-26,108,Food,348.81
SKU_012,2024-01-27,126,Food,254.09
SKU_012,2024-01-28,114,Food,495.22
SKU_012,2024-01-29,102,Food,427.25
SKU_012,2024-01-30,90,Food,245.77
SKU_012,2024-01-31,93,Food,336.1
SKU_012,2024-02-01,98,Food,441.01
SKU_012,2024-02-02,97,Food,482.65
SKU_012,2024-02-03,106,Food,269.82
SKU_012,2024-02-04,98,Food,252.23
SKU_012,2024-02-05,81,Food,160.78
SKU_012,2024-02-06,93,Food,268.41
SKU_012,2024-02-07,89,Food,182.91
SKU_012,2024-02-08,84,Food,342.44
SKU_012,2024-02-09,74,Food,381.15
SKU_012,2024-02-10,93,Food,453.77
SKU_012,2024-02-11,106,Food,498.69
SKU_012,2024-02-12,96,Food,340.97
SKU_012,2024-02-13,91,Food,214.42
SKU_012,2024-02-14,92,Food,140.75
SKU_012,2024-02-15,80,Food,118.12
SKU_012,2024-02-16,86,Food,404.84
SKU_012,2024-02-17,89,Food,298.65
SKU_012,2024-02-18,116,Food,127.26
SKU_012,2024-02-19,77,Food,304.14
SKU_012,2024-02-20,82,Food,361.07
SKU_012,2024-02-21,84,Food,310.09
SKU_012,2024-02-22,74,Food,483.59
SKU_012,2024-02-23,86,Food,283.78
SKU_012,2024-02-24,114,Food,192.05
SKU_012,2024-02-25,116,Food,264.73
SKU_012,2024-02-26,95,Food,268.72
SKU_012,2024-02-27,92,Food,380.8
SKU_012,2024-02-28,109,Food,496.49
SKU_012,2024-02-29,112,Food,234.2
SKU_012,2024-03-01,76,Food,74.4
SKU_012,2024-03-02,103,Food,133.1
SKU_012,2024-03-03,100,Food,113.8
SKU_012,2024-03-04,74,Food,263.34
SKU_012,2024-03-05,91,Food,254.92
SKU_012,2024-03-06,79,Food,341.15
SKU_012,2024-03-07,79,Food,116.98
SKU_012,2024-03-08,79,Food,379.48
SKU_012,2024-03-09,95,Food,350.58
SKU_012,2024-03-10,98,Food,272.81
SKU_012,2024-03-11,90,Food,323.2
SKU_012,2024-03-12,99,Food,366.41
SKU_012,2024-03-13,80,Food,84.5
SKU_012,2024-03-14,86,Food,435.86
SKU_012,2024-03-15,96,Food,365.48
SKU_012,2024-03-16,93,Food,277.96
SKU_012,2024-03-17,116,Food,278.66
SKU_012,2024-03-18,76,Food,264.59
SKU_012,2024-03-19,83,Food,52.92
SKU_012,2024-03-20,92,Food,208.09
SKU_012,2024-03-21,86,Food,401.63
SKU_012,2024-03-22,80,Food,461.62
SKU_012,2024-03-23,117,Food,148.83
SKU_012,2024-03-24,100,Food,96.53
SKU_012,2024-03-25,100,Food,160.3
SKU_012,2024-03-26,105,Food,180.17
SKU_012,2024-03-27,110,Food,452.61
SKU_012,2024-03-28,111,Food,333.68
SKU_012,2024-03-29,87,Food,186.8
SKU_012,2024-03-30,103,Food,344.97
SKU_012,2024-03-31,109,Food,108.98
SKU_012,2024-04-01,95,Food,202.86
SKU_012,2024-04-02,93,Food,466.46
SKU_012,2024-04-03,96,Food,363.83
SKU_012,2024-04-04,91,Food,230.25
SKU_012,2024-04-05,78,Food,59.94
SKU_012,2024-04-06,113,Food,392.93
SKU_012,2024-04-07,89,Food,120.23
SKU_012,2024-04-08,93,Food,260.82
SKU_012,2024-04-09,98,Food,286.67
SKU_012,2024-04-10,74,Food,126.38
SKU_012,2024-04-11,82,Food,78.22
SKU_012,2024-04-12,92,Food,149.22
SKU_012,2024-04-13,116,Food,363.11
SKU_012,2024-04-14,94,Food,95.23
SKU_012,2024-04-15,97,Food,265.51
SKU_012,2024-04-16,76,Food,463.0
SKU_012,2024-04-17,98,Food,221.74
SKU_012,2024-04-18,91,Food,99.75
SKU_012,2024-04-19,94,Food,308.79
SKU_012,2024-04-20,102,Food,152.18
SKU_012,2024-04-21,112,Food,447.57
SKU_012,2024-04-22,98,Food,440.84
SKU_012,2024-04-23,94,Food,365.88
SKU_012,2024-04-24,81,Food,213.23
SKU_012,2024-04-25,89,Food,138.73
SKU_012,2024-04-26,93,Food,282.2
SKU_012,2024-04-27,137,Food,496.68
SKU_012,2024-04-28,135,Food,307.08
SKU_012,2024-04-29,110,Food,253.63
SKU_012,2024-04-30,99,Food,312.58
SKU_012,2024-05-01,78,Food,134.02
SKU_012,2024-05-02,98,Food,435.32
SKU_012,2024-05-03,83,Food,172.98
SKU_012,2024-05-04,110,Food,263.72
SKU_012,2024-05-05,94,Food,278.67
SKU_012,2024-05-06,89,Food,382.03
SKU_012,2024-05-07,87,Food,190.3
SKU_012,2024-05-08,74,Food,65.69
SKU_012,2024-05-09,75,Food,100.11
SKU_012,2024-05-10,87,Food,127.93
SKU_012,2024-05-11,115,Food,492.07
SKU_012,2024-05-12,93,Food,356.59
SKU_012,2024-05-13,80,Food,291.54
SKU_012,2024-05-14,76,Food,83.87
SKU_012,2024-05-15,74,Food,90.0
SKU_012,2024-05-16,94,Food,358.99
SKU_012,2024-05-17,76,Food,168.39
SKU_012,2024-05-18,107,Food,86.32
SKU_012,2024-05-19,92,Food,163.85
SKU_012,2024-05-20,89,Food,101.6
SKU_012,2024-05-21,78,Food,68.63
SKU_012,2024-05-22,91,Food,412.39
SKU_012,2024-05-23,77,Food,402.79
SKU_012,2024-05-24,91,Food,147.82
SKU_012,2024-05-25,116,Food,257.84
SKU_012,2024-05-26,112,Food,265.01
SKU_012,2024-05-27,106,Food,108.93
SKU_012,2024-05-28,111,Food,414.97
SKU_012,2024-05-29,106,Food,206.47
SKU_012,2024-05-30,99,Food,458.92
SKU_012,2024-05-31,101,Food,442.19
SKU_012,2024-06-01,111,Food,116.65
SKU_012,2024-06-02,114,Food,109.07
SKU_012,2024-06-03,77,Food,232.18
SKU_012,2024-06-04,85,Food,483.91
SKU_012,2024-06-05,75,Food,79.33
SKU_012,2024-06-06,83,Food,74.71
SKU_012,2024-06-07,91,Food,430.04
SKU_012,2024-06-08,110,Food,457.93
SKU_012,2024-06-09,111,Food,111.84
SKU_012,2024-06-10,79,Food,69.42
SKU_012,2024-06-11,81,Food,340.02
SKU_012,2024-06-12,87,Food,92.94
SKU_012,2024-06-13,75,Food,343.41
SKU_012,2024-06-14,89,Food,179.46
SKU_012,2024-06-15,110,Food,316.83
SKU_012,2024-06-16,117,Food,282.92
SKU_012,2024-06-17,84,Food,455.44
SKU_012,2024-06-18,95,Food,118.26
SKU_012,2024-06-19,84,Food,273.44
SKU_012,2024-06-20,83,Food,395.07
SKU_012,2024-06-21,75,Food,350.56
SKU_012,2024-06-22,112,Food,492.45
SKU_012,2024-06-23,117,Food,115.35
SKU_012,2024-06-24,83,Food,300.03
SKU_012,2024-06-25,109,Food,148.73
SKU_012,2024-06-26,102,Food,216.81
SKU_012,2024-06-27,100,Food,319.11
SKU_012,2024-06-28,97,Food,469.51
SKU_012,2024-06-29,136,Food,243.0
SKU_012,2024-06-30,117,Food,235.81
SKU_012,2024-07-01,78,Food,151.98
SKU_012,2024-07-02,97,Food,104.64
SKU_012,2024-07-03,94,Food,328.51
SKU_012,2024-07-04,93,Food,457.6
SKU_012,2024-07-05,91,Food,328.61
SKU_012,2024-07-06,104,Food,82.7
SKU_012,2024-07-07,101,Food,476.01
SKU_012,2024-07-08,99,Food,393.06
SKU_012,2024-07-09,85,Food,316.78
SKU_012,2024-07-10,99,Food,484.9
SKU_012,2024-07-11,89,Food,436.95
SKU_012,2024-07-12,90,Food,123.02
SKU_012,2024-07-13,96,Food,144.74
SKU_012,2024-07-14,119,Food,441.7
SKU_012,2024-07-15,87,Food,345.55
SKU_012,2024-07-16,74,Food,302.54
SKU_012,2024-07-17,94,Food,313.54
SKU_012,2024-07-18,98,Food,316.49
SKU_012,2024-07-19,89,Food,101.54
SKU_012,2024-07-20,114,Food,204.79
SKU_012,2024-07-21,101,Food,461.7
SKU_012,2024-07-22,79,Food,430.91
SKU_012,2024-07-23,77,Food,335.68
SKU_012,2024-07-24,94,Food,473.04
SKU_012,2024-07-25,111,Food,322.79
SKU_012,2024-07-26,87,Food,316.0
SKU_012,2024-07-27,117,Food,489.43
SKU_012,2024-07-28,102,Food,150.38
SKU_012,2024-07-29,112,Food,486.32
SKU_012,2024-07-30,113,Food,236.56
SKU_012,2024-07-31,89,Food,333.25
SKU_012,2024-08-01,83,Food,339.31
SKU_012,2024-08-02,96,Food,92.69
SKU_012,2024-08-03,102,Food,297.31
SKU_012,2024-08-04,90,Food,150.87
SKU_012,2024-08-05,94,Food,428.95
SKU_012,2024-08-06,95,Food,202.09
SKU_012,2024-08-07,84,Food,393.66
SKU_012,2024-08-08,94,Food,335.81
SKU_012,2024-08-09,93,Food,324.05
SKU_012,2024-08-10,106,Food,271.11
SKU_012,2024-08-11,96,Food,424.62
SKU_012,2024-08-12,91,Food,270.17
SKU_012,2024-08-13,83,Food,270.79
SKU_012,2024-08-14,97,Food,69.06
SKU_012,2024-08-15,74,Food,357.88
SKU_012,2024-08-16,87,Food,401.75
SKU_012,2024-08-17,115,Food,409.12
SKU_012,2024-08-18,98,Food,83.03
SKU_012,2024-08-19,95,Food,349.66
SKU_012,2024-08-20,92,Food,140.07
SKU_012,2024-08-21,93,Food,185.62
SKU_012,2024-08-22,78,Food,331.9
SKU_012,2024-08-23,90,Food,65.02
SKU_012,2024-08-24,117,Food,50.42
SKU_012,2024-08-25,128,Food,179.62
SKU_012,2024-08-26,93,Food,432.51
SKU_012,2024-08-27,100,Food,97.2
SKU_012,2024-08-28,90,Food,310.9
SKU_012,2024-08-29,110,Food,463.51
SKU_012,2024-08-30,106,Food,285.3
SKU_012,2024-08-31,137,Food,406.2
SKU_012,2024-09-01,102,Food,273.72
SKU_012,2024-09-02,83,Food,110.01
SKU_012,2024-09-03,88,Food,492.71
SKU_012,2024-09-04,79,Food,326.79
SKU_012,2024-09-05,87,Food,444.05
SKU_012,2024-09-06,80,Food,258.01
SKU_012,2024-09-07,105,Food,89.75
SKU_012,2024-09-08,97,Food,458.18
SKU_012,2024-09-09,90,Food,66.8
SKU_012,2024-09-10,86,Food,288.79
SKU_012,2024-09-11,97,Food,240.49
SKU_012,2024-09-12,88,Food,132.84
SKU_012,2024-09-13,75,Food,416.95
SKU_012,2024-09-14,113,Food,449.31
SKU_012,2024-09-15,89,Food,162.97
SKU_012,2024-09-16,77,Food,498.13
SKU_012,2024-09-17,93,Food,66.69
SKU_012,2024-09-18,99,Food,94.98
SKU_012,2024-09-19,87,Food,111.62
SKU_012,2024-09-20,77,Food,165.33
SKU_012,2024-09-21,116,Food,260.06
SKU_012,2024-09-22,115,Food,71.39
SKU_012,2024-09-23,81,Food,271.17
SKU_012,2024-09-24,99,Food,313.7
SKU_012,2024-09-25,96,Food,419.8
SKU_012,2024-09-26,89,Food,120.3
SKU_012,2024-09-27,91,Food,408.55
SKU_012,2024-09-28,129,Food,121.56
SKU_012,2024-09-29,131,Food,462.75
SKU_012,2024-09-30,113,Food,275.9
SKU_012,2024-10-01,128,Food,125.29
SKU_012,2024-10-02,119,Food,460.01
SKU_012,2024-10-03,125,Food,177.05
SKU_012,2024-10-04,98,Food,68.87
SKU_012,2024-10-05,219,Food,50.76
SKU_012,2024-10-06,231,Food,460.57
SKU_012,2024-10-07,157,Food,56.13
SKU_012,2024-10-08,148,Food,153.33
SKU_012,2024-10-09,156,Food,425.09
SKU_012,2024-10-10,182,Food,131.13
SKU_012,2024-10-11,145,Food,275.93
SKU_012,2024-10-12,290,Food,210.22
SKU_012,2024-10-13,117,Food,67.11
SKU_012,2024-10-14,124,Food,243.43
SKU_012,2024-10-15,116,Food,488.06
SKU_012,2024-10-16,123,Food,79.69
SKU_012,2024-10-17,122,Food,67.23
SKU_012,2024-10-18,129,Food,297.53
SKU_012,2024-10-19,119,Food,412.97
SKU_012,2024-10-20,149,Food,254.54
SKU_012,2024-10-21,116,Food,58.38
SKU_012,2024-10-22,116,Food,405.76
SKU_012,2024-10-23,123,Food,394.76
SKU_012,2024-10-24,129,Food,309.61
SKU_012,2024-10-25,218,Food,333.26
SKU_012,2024-10-26,230,Food,224.72
SKU_012,2024-10-27,228,Food,54.35
SKU_012,2024-10-28,175,Food,254.0
SKU_012,2024-10-29,167,Food,230.5
SKU_012,2024-10-30,209,Food,402.15
SKU_012,2024-10-31,218,Food,77.48
SKU_012,2024-11-01,292,Food,429.09
SKU_012,2024-11-02,145,Food,80.1
SKU_012,2024-11-03,120,Food,281.12
SKU_012,2024-11-04,101,Food,333.34
SKU_012,2024-11-05,107,Food,340.46
SKU_012,2024-11-06,119,Food,391.36
SKU_012,2024-11-07,97,Food,369.12
SKU_012,2024-11-08,121,Food,288.87
SKU_012,2024-11-09,123,Food,224.4
SKU_012,2024-11-10,142,Food,158.5
SKU_012,2024-11-11,110,Food,314.81
SKU_012,2024-11-12,116,Food,187.84
SKU_012,2024-11-13,109,Food,74.62
SKU_012,2024-11-14,98,Food,189.78
SKU_012,2024-11-15,108,Food,417.05
SKU_012,2024-11-16,117,Food,430.33
SKU_012,2024-11-17,122,Food,175.48
SKU_012,2024-11-18,127,Food,135.93
SKU_012,2024-11-19,101,Food,402.75
SKU_012,2024-11-20,121,Food,444.11
SKU_012,2024-11-21,101,Food,109.07
SKU_012,2024-11-22,103,Food,186.53
SKU_012,2024-11-23,154,Food,146.48
SKU_012,2024-11-24,130,Food,485.18
SKU_012,2024-11-25,139,Food,398.91
SKU_012,2024-11-26,137,Food,264.37
SKU_012,2024-11-27,121,Food,491.16
SKU_012,2024-11-28,142,Food,421.08
SKU_012,2024-11-29,123,Food,159.93
SKU_012,2024-11-30,164,Food,329.12
SKU_012,2024-12-01,119,Food,134.04
SKU_012,2024-12-02,125,Food,401.69
SKU_012,2024-12-03,106,Food,478.1
SKU_012,2024-12-04,124,Food,312.64
SKU_012,2024-12-05,126,Food,446.49
SKU_012,2024-12-06,121,Food,455.0
SKU_012,2024-12-07,153,Food,288.51
SKU_012,2024-12-08,152,Food,370.84
SKU_012,2024-12-09,113,Food,442.63
SKU_012,2024-12-10,126,Food,57.81
SKU_012,2024-12-11,100,Food,76.79
SKU_012,2024-12-12,124,Food,272.31
SKU_012,2024-12-13,124,Food,92.96
SKU_012,2024-12-14,118,Food,241.86
SKU_012,2024-12-15,155,Food,143.87
SKU_012,2024-12-16,127,Food,209.49
SKU_012,2024-12-17,110,Food,488.33
SKU_012,2024-12-18,130,Food,400.83
SKU_012,2024-12-19,107,Food,91.31
SKU_012,2024-12-20,113,Food,213.43
SKU_012,2024-12-21,133,Food,402.69
SKU_012,2024-12-22,125,Food,464.07
SKU_012,2024-12-23,104,Food,105.34
SKU_012,2024-12-24,98,Food,258.01
SKU_012,2024-12-25,124,Food,386.28
SKU_012,2024-12-26,140,Food,140.18
SKU_012,2024-12-27,142,Food,180.07
SKU_012,2024-12-28,170,Food,183.62
SKU_012,2024-12-29,133,Food,424.88
SKU_012,2024-12-30,129,Food,398.77
SKU_012,2024-12-31,143,Food,251.54
SKU_013,2023-01-01,94,Personal Care,115.71
SKU_013,2023-01-02,74,Personal Care,424.15
SKU_013,2023-01-03,67,Personal Care,242.39
SKU_013,2023-01-04,68,Personal Care,420.84
SKU_013,2023-01-05,76,Personal Care,215.25
SKU_013,2023-01-06,80,Personal Care,178.96
SKU_013,2023-01-07,83,Personal Care,276.3
SKU_013,2023-01-08,104,Personal Care,364.83
SKU_013,2023-01-09,86,Personal Care,180.76
SKU_013,2023-01-10,67,Personal Care,313.61
SKU_013,2023-01-11,82,Personal Care,143.41
SKU_013,2023-01-12,87,Personal Care,209.57
SKU_013,2023-01-13,86,Personal Care,217.85
SKU_013,2023-01-14,84,Personal Care,390.77
SKU_013,2023-01-15,106,Personal Care,61.6
SKU_013,2023-01-16,79,Personal Care,444.21
SKU_013,2023-01-17,88,Personal Care,401.35
SKU_013,2023-01-18,72,Personal Care,300.91
SKU_013,2023-01-19,81,Personal Care,107.85
SKU_013,2023-01-20,87,Personal Care,132.98
SKU_013,2023-01-21,97,Personal Care,416.57
SKU_013,2023-01-22,102,Personal Care,76.37
SKU_013,2023-01-23,86,Personal Care,362.86
SKU_013,2023-01-24,84,Personal Care,242.27
SKU_013,2023-01-25,78,Personal Care,300.6
SKU_013,2023-01-26,100,Personal Care,497.29
SKU_013,2023-01-27,97,Personal Care,177.7
SKU_013,2023-01-28,107,Personal Care,321.1
SKU_013,2023-01-29,91,Personal Care,211.82
SKU_013,2023-01-30,85,Personal Care,210.43
SKU_013,2023-01-31,90,Personal Care,283.04
SKU_013,2023-02-01,74,Personal Care,305.94
SKU_013,2023-02-02,87,Personal Care,397.24
SKU_013,2023-02-03,69,Personal Care,287.62
SKU_013,2023-02-04,89,Personal Care,215.61
SKU_013,2023-02-05,103,Personal Care,369.01
SKU_013,2023-02-06,79,Personal Care,133.27
SKU_013,2023-02-07,86,Personal Care,356.04
SKU_013,2023-02-08,85,Personal Care,480.41
SKU_013,2023-02-09,67,Personal Care,309.68
SKU_013,2023-02-10,87,Personal Care,132.27
SKU_013,2023-02-11,89,Personal Care,263.93
SKU_013,2023-02-12,88,Personal Care,94.97
SKU_013,2023-02-13,80,Personal Care,338.83
SKU_013,2023-02-14,77,Personal Care,291.54
SKU_013,2023-02-15,81,Personal Care,92.73
SKU_013,2023-02-16,77,Personal Care,363.12
SKU_013,2023-02-17,78,Personal Care,178.9
SKU_013,2023-02-18,91,Personal Care,261.17
SKU_013,2023-02-19,84,Personal Care,442.77
SKU_013,2023-02-20,68,Personal Care,147.23
SKU_013,2023-02-21,77,Personal Care,204.05
SKU_013,2023-02-22,80,Personal Care,141.09
SKU_013,2023-02-23,71,Personal Care,272.93
SKU_013,2023-02-24,70,Personal Care,206.55
SKU_013,2023-02-25,92,Personal Care,106.68
SKU_013,2023-02-26,103,Personal Care,79.5
SKU_013,2023-02-27,99,Personal Care,106.05
SKU_013,2023-02-28,77,Personal Care,454.66
SKU_013,2023-03-01,89,Personal Care,170.49
SKU_013,2023-03-02,79,Personal Care,266.56
SKU_013,2023-03-03,72,Personal Care,487.6
SKU_013,2023-03-04,97,Personal Care,449.61
SKU_013,2023-03-05,83,Personal Care,478.38
SKU_013,2023-03-06,88,Personal Care,463.28
SKU_013,2023-03-07,73,Personal Care,356.15
SKU_013,2023-03-08,67,Personal Care,125.2
SKU_013,2023-03-09,88,Personal Care,444.88
SKU_013,2023-03-10,75,Personal Care,80.14
SKU_013,2023-03-11,82,Personal Care,81.42
SKU_013,2023-03-12,81,Personal Care,151.75
SKU_013,2023-03-13,73,Personal Care,240.68
SKU_013,2023-03-14,84,Personal Care,203.3
SKU_013,2023-03-15,84,Personal Care,198.45
SKU_013,2023-03-16,75,Personal Care,407.65
SKU_013,2023-03-17,84,Personal Care,185.56
SKU_013,2023-03-18,80,Personal Care,427.78
SKU_013,2023-03-19,91,Personal Care,394.96
SKU_013,2023-03-20,76,Personal Care,374.7
SKU_013,2023-03-21,85,Personal Care,273.74
SKU_013,2023-03-22,76,Personal Care,234.89
SKU_013,2023-03-23,82,Personal Care,399.21
SKU_013,2023-03-24,77,Personal Care,173.0
SKU_013,2023-03-25,95,Personal Care,53.14
SKU_013,2023-03-26,122,Personal Care,74.77
SKU_013,2023-03-27,88,Personal Care,487.81
SKU_013,2023-03-28,94,Personal Care,202.32
SKU_013,2023-03-29,103,Personal Care,102.64
SKU_013,2023-03-30,86,Personal Care,120.91
SKU_013,2023-03-31,97,Personal Care,476.18
SKU_013,2023-04-01,105,Personal Care,280.19
SKU_013,2023-04-02,96,Personal Care,338.98
SKU_013,2023-04-03,82,Personal Care,355.68
SKU_013,2023-04-04,85,Personal Care,356.2
SKU_013,2023-04-05,68,Personal Care,54.91
SKU_013,2023-04-06,77,Personal Care,137.93
SKU_013,2023-04-07,75,Personal Care,196.13
SKU_013,2023-04-08,91,Personal Care,491.88
SKU_013,2023-04-09,79,Personal Care,113.69
SKU_013,2023-04-10,75,Personal Care,70.12
SKU_013,2023-04-11,78,Personal Care,240.03
SKU_013,2023-04-12,88,Personal Care,61.9
SKU_013,2023-04-13,78,Personal Care,468.88
SKU_013,2023-04-14,71,Personal Care,171.56
SKU_013,2023-04-15,81,Personal Care,124.72
SKU_013,2023-04-16,81,Personal Care,164.79
SKU_013,2023-04-17,82,Personal Care,478.61
SKU_013,2023-04-18,84,Personal Care,435.9
SKU_013,2023-04-19,76,Personal Care,386.6
SKU_013,2023-04-20,77,Personal Care,311.26
SKU_013,2023-04-21,74,Personal Care,193.79
SKU_013,2023-04-22,89,Personal Care,250.87
SKU_013,2023-04-23,91,Personal Care,234.99
SKU_013,2023-04-24,68,Personal Care,148.62
SKU_013,2023-04-25,81,Personal Care,66.19
SKU_013,2023-04-26,102,Personal Care,253.79
SKU_013,2023-04-27,99,Personal Care,332.29
SKU_013,2023-04-28,100,Personal Care,208.26
SKU_013,2023-04-29,122,Personal Care,494.51
SKU_013,2023-04-30,121,Personal Care,76.12
SKU_013,2023-05-01,76,Personal Care,233.63
SKU_013,2023-05-02,86,Personal Care,121.96
SKU_013,2023-05-03,73,Personal Care,474.23
SKU_013,2023-05-04,85,Personal Care,276.0
SKU_013,2023-05-05,88,Personal Care,361.06
SKU_013,2023-05-06,105,Personal Care,62.44
SKU_013,2023-05-07,106,Personal Care,404.47
SKU_013,2023-05-08,66,Personal Care,63.92
SKU_013,2023-05-09,79,Personal Care,327.22
SKU_013,2023-05-10,81,Personal Care,422.0
SKU_013,2023-05-11,81,Personal Care,307.15
SKU_013,2023-05-12,81,Personal Care,195.49
SKU_013,2023-05-13,89,Personal Care,134.48
SKU_013,2023-05-14,92,Personal Care,290.23
SKU_013,2023-05-15,78,Personal Care,365.69
SKU_013,2023-05-16,76,Personal Care,240.29
SKU_013,2023-05-17,81,Personal Care,449.02
SKU_013,2023-05-18,70,Personal Care,308.87
SKU_013,2023-05-19,80,Personal Care,264.97
SKU_013,2023-05-20,83,Personal Care,155.04
SKU_013,2023-05-21,94,Personal Care,77.87
SKU_013,2023-05-22,69,Personal Care,317.92
SKU_013,2023-05-23,87,Personal Care,190.0
SKU_013,2023-05-24,67,Personal Care,487.61
SKU_013,2023-05-25,92,Personal Care,126.76
SKU_013,2023-05-26,78,Personal Care,271.08
SKU_013,2023-05-27,102,Personal Care,361.42
SKU_013,2023-05-28,94,Personal Care,347.37
SKU_013,2023-05-29,76,Personal Care,267.28
SKU_013,2023-05-30,99,Personal Care,239.75
SKU_013,2023-05-31,97,Personal Care,224.09
SKU_013,2023-06-01,83,Personal Care,462.32
SKU_013,2023-06-02,74,Personal Care,78.07
SKU_013,2023-06-03,89,Personal Care,423.85
SKU_013,2023-06-04,94,Personal Care,430.99
SKU_013,2023-06-05,88,Personal Care,306.33
SKU_013,2023-06-06,75,Personal Care,78.78
SKU_013,2023-06-07,86,Personal Care,235.25
SKU_013,2023-06-08,81,Personal Care,417.16
SKU_013,2023-06-09,81,Personal Care,406.58
SKU_013,2023-06-10,98,Personal Care,388.09
SKU_013,2023-06-11,93,Personal Care,124.05
SKU_013,2023-06-12,86,Personal Care,494.03
SKU_013,2023-06-13,66,Personal Care,283.13
SKU_013,2023-06-14,67,Personal Care,165.34
SKU_013,2023-06-15,82,Personal Care,132.82
SKU_013,2023-06-16,75,Personal Care,187.3
SKU_013,2023-06-17,92,Personal Care,166.93
SKU_013,2023-06-18,85,Personal Care,155.69
SKU_013,2023-06-19,72,Personal Care,403.38
SKU_013,2023-06-20,88,Personal Care,81.85
SKU_013,2023-06-21,68,Personal Care,402.08
SKU_013,2023-06-22,86,Personal Care,239.17
SKU_013,2023-06-23,78,Personal Care,335.07
SKU_013,2023-06-24,106,Personal Care,411.41
SKU_013,2023-06-25,119,Personal Care,351.72
SKU_013,2023-06-26,91,Personal Care,147.54
SKU_013,2023-06-27,96,Personal Care,243.44
SKU_013,2023-06-28,79,Personal Care,233.39
SKU_013,2023-06-29,90,Personal Care,329.3
SKU_013,2023-06-30,101,Personal Care,394.88
SKU_013,2023-07-01,104,Personal Care,418.16
SKU_013,2023-07-02,97,Personal Care,335.6
SKU_013,2023-07-03,78,Personal Care,53.06
SKU_013,2023-07-04,75,Personal Care,363.97
SKU_013,2023-07-05,69,Personal Care,329.74
SKU_013,2023-07-06,77,Personal Care,349.07
SKU_013,2023-07-07,86,Personal Care,279.57
SKU_013,2023-07-08,80,Personal Care,276.81
SKU_013,2023-07-09,87,Personal Care,318.99
SKU_013,2023-07-10,69,Personal Care,349.61
SKU_013,2023-07-11,72,Personal Care,201.52
SKU_013,2023-07-12,85,Personal Care,375.53
SKU_013,2023-07-13,78,Personal Care,132.24
SKU_013,2023-07-14,67,Personal Care,322.47
SKU_013,2023-07-15,95,Personal Care,209.81
SKU_013,2023-07-16,105,Personal Care,148.12
SKU_013,2023-07-17,72,Personal Care,95.86
SKU_013,2023-07-18,69,Personal Care,94.97
SKU_013,2023-07-19,72,Personal Care,445.22
SKU_013,2023-07-20,81,Personal Care,81.93
SKU_013,2023-07-21,86,Personal Care,254.68
SKU_013,2023-07-22,80,Personal Care,299.24
SKU_013,2023-07-23,107,Personal Care,318.23
SKU_013,2023-07-24,77,Personal Care,64.66
SKU_013,2023-07-25,77,Personal Care,322.83
SKU_013,2023-07-26,98,Personal Care,496.38
SKU_013,2023-07-27,92,Personal Care,318.03
SKU_013,2023-07-28,82,Personal Care,65.49
SKU_013,2023-07-29,118,Personal Care,232.2
SKU_013,2023-07-30,98,Personal Care,173.63
SKU_013,2023-07-31,83,Personal Care,477.85
SKU_013,2023-08-01,75,Personal Care,286.67
SKU_013,2023-08-02,76,Personal Care,229.6
SKU_013,2023-08-03,73,Personal Care,115.76
SKU_013,2023-08-04,74,Personal Care,153.84
SKU_013,2023-08-05,98,Personal Care,445.96
SKU_013,2023-08-06,90,Personal Care,482.08
SKU_013,2023-08-07,72,Personal Care,398.59
SKU_013,2023-08-08,73,Personal Care,66.44
SKU_013,2023-08-09,76,Personal Care,269.89
SKU_013,2023-08-10,69,Personal Care,134.13
SKU_013,2023-08-11,86,Personal Care,84.62
SKU_013,2023-08-12,106,Personal Care,72.44
SKU_013,2023-08-13,91,Personal Care,87.41
SKU_013,2023-08-14,84,Personal Care,441.22
SKU_013,2023-08-15,77,Personal Care,297.25
SKU_013,2023-08-16,76,Personal Care,220.54
SKU_013,2023-08-17,67,Personal Care,399.48
SKU_013,2023-08-18,87,Personal Care,411.19
SKU_013,2023-08-19,86,Personal Care,408.18
SKU_013,2023-08-20,92,Personal Care,419.26
SKU_013,2023-08-21,78,Personal Care,437.1
SKU_013,2023-08-22,79,Personal Care,424.3
SKU_013,2023-08-23,83,Personal Care,444.56
SKU_013,2023-08-24,79,Personal Care,454.7
SKU_013,2023-08-25,95,Personal Care,377.28
SKU_013,2023-08-26,106,Personal Care,218.93
SKU_013,2023-08-27,97,Personal Care,303.73
SKU_013,2023-08-28,77,Personal Care,73.79
SKU_013,2023-08-29,87,Personal Care,467.24
SKU_013,2023-08-30,90,Personal Care,278.84
SKU_013,2023-08-31,90,Personal Care,105.5
SKU_013,2023-09-01,85,Personal Care,401.01
SKU_013,2023-09-02,82,Personal Care,424.73
SKU_013,2023-09-03,105,Personal Care,457.23
SKU_013,2023-09-04,66,Personal Care,443.98
SKU_013,2023-09-05,70,Personal Care,217.32
SKU_013,2023-09-06,74,Personal Care,461.21
SKU_013,2023-09-07,78,Personal Care,56.68
SKU_013,2023-09-08,68,Personal Care,170.63
SKU_013,2023-09-09,92,Personal Care,429.23
SKU_013,2023-09-10,102,Personal Care,70.4
SKU_013,2023-09-11,66,Personal Care,357.51
SKU_013,2023-09-12,86,Personal Care,442.28
SKU_013,2023-09-13,81,Personal Care,396.92
SKU_013,2023-09-14,67,Personal Care,232.48
SKU_013,2023-09-15,70,Personal Care,256.82
SKU_013,2023-09-16,95,Personal Care,483.81
SKU_013,2023-09-17,100,Personal Care,464.67
SKU_013,2023-09-18,84,Personal Care,416.25
SKU_013,2023-09-19,69,Personal Care,268.89
SKU_013,2023-09-20,84,Personal Care,171.6
SKU_013,2023-09-21,84,Personal Care,386.75
SKU_013,2023-09-22,77,Personal Care,369.24
SKU_013,2023-09-23,92,Personal Care,138.29
SKU_013,2023-09-24,100,Personal Care,160.64
SKU_013,2023-09-25,99,Personal Care,235.45
SKU_013,2023-09-26,101,Personal Care,336.72
SKU_013,2023-09-27,96,Personal Care,171.57
SKU_013,2023-09-28,95,Personal Care,146.63
SKU_013,2023-09-29,93,Personal Care,297.85
SKU_013,2023-09-30,107,Personal Care,350.33
SKU_013,2023-10-01,108,Personal Care,90.02
SKU_013,2023-10-02,100,Personal Care,244.65
SKU_013,2023-10-03,91,Personal Care,294.54
SKU_013,2023-10-04,114,Personal Care,166.39
SKU_013,2023-10-05,99,Personal Care,113.08
SKU_013,2023-10-06,114,Personal Care,132.05
SKU_013,2023-10-07,133,Personal Care,311.19
SKU_013,2023-10-08,183,Personal Care,293.06
SKU_013,2023-10-09,150,Personal Care,332.22
SKU_013,2023-10-10,170,Personal Care,247.29
SKU_013,2023-10-11,133,Personal Care,83.03
SKU_013,2023-10-12,133,Personal Care,345.36
SKU_013,2023-10-13,156,Personal Care,285.18
SKU_013,2023-10-14,194,Personal Care,368.84
SKU_013,2023-10-15,263,Personal Care,64.98
SKU_013,2023-10-16,95,Personal Care,402.64
SKU_013,2023-10-17,132,Personal Care,443.13
SKU_013,2023-10-18,130,Personal Care,366.08
SKU_013,2023-10-19,169,Personal Care,194.49
SKU_013,2023-10-20,130,Personal Care,498.85
SKU_013,2023-10-21,192,Personal Care,50.49
SKU_013,2023-10-22,204,Personal Care,322.63
SKU_013,2023-10-23,173,Personal Care,474.45
SKU_013,2023-10-24,230,Personal Care,76.8
SKU_013,2023-10-25,131,Personal Care,307.19
SKU_013,2023-10-26,127,Personal Care,332.53
SKU_013,2023-10-27,124,Personal Care,415.02
SKU_013,2023-10-28,119,Personal Care,293.01
SKU_013,2023-10-29,119,Personal Care,374.01
SKU_013,2023-10-30,123,Personal Care,70.08
SKU_013,2023-10-31,119,Personal Care,249.54
SKU_013,2023-11-01,92,Personal Care,255.51
SKU_013,2023-11-02,107,Personal Care,64.91
SKU_013,2023-11-03,111,Personal Care,472.44
SKU_013,2023-11-04,126,Personal Care,488.72
SKU_013,2023-11-05,122,Personal Care,188.37
SKU_013,2023-11-06,114,Personal Care,104.6
SKU_013,2023-11-07,113,Personal Care,80.21
SKU_013,2023-11-08,94,Personal Care,173.0
SKU_013,2023-11-09,109,Personal Care,57.89
SKU_013,2023-11-10,110,Personal Care,269.84
SKU_013,2023-11-11,109,Personal Care,294.45
SKU_013,2023-11-12,117,Personal Care,259.32
SKU_013,2023-11-13,101,Personal Care,361.84
SKU_013,2023-11-14,87,Personal Care,303.52
SKU_013,2023-11-15,105,Personal Care,264.41
SKU_013,2023-11-16,103,Personal Care,129.46
SKU_013,2023-11-17,87,Personal Care,403.21
SKU_013,2023-11-18,135,Personal Care,482.22
SKU_013,2023-11-19,126,Personal Care,219.9
SKU_013,2023-11-20,98,Personal Care,416.91
SKU_013,2023-11-21,91,Personal Care,414.06
SKU_013,2023-11-22,113,Personal Care,403.37
SKU_013,2023-11-23,103,Personal Care,416.44
SKU_013,2023-11-24,106,Personal Care,478.94
SKU_013,2023-11-25,139,Personal Care,127.39
SKU_013,2023-11-26,150,Personal Care,294.07
SKU_013,2023-11-27,110,Personal Care,236.19
SKU_013,2023-11-28,133,Personal Care,256.23
SKU_013,2023-11-29,133,Personal Care,88.44
SKU_013,2023-11-30,124,Personal Care,201.44
SKU_013,2023-12-01,88,Personal Care,474.86
SKU_013,2023-12-02,129,Personal Care,57.3
SKU_013,2023-12-03,129,Personal Care,132.28
SKU_013,2023-12-04,100,Personal Care,177.94
SKU_013,2023-12-05,114,Personal Care,455.81
SKU_013,2023-12-06,102,Personal Care,206.58
SKU_013,2023-12-07,112,Personal Care,58.32
SKU_013,2023-12-08,88,Personal Care,138.93
SKU_013,2023-12-09,112,Personal Care,354.74
SKU_013,2023-12-10,116,Personal Care,313.69
SKU_013,2023-12-11,100,Personal Care,367.3
SKU_013,2023-12-12,115,Personal Care,495.68
SKU_013,2023-12-13,88,Personal Care,51.14
SKU_013,2023-12-14,92,Personal Care,495.77
SKU_013,2023-12-15,90,Personal Care,417.96
SKU_013,2023-12-16,110,Personal Care,113.13
SKU_013,2023-12-17,133,Personal Care,104.34
SKU_013,2023-12-18,91,Personal Care,256.34
SKU_013,2023-12-19,110,Personal Care,366.55
SKU_013,2023-12-20,111,Personal Care,188.02
SKU_013,2023-12-21,91,Personal Care,226.11
SKU_013,2023-12-22,99,Personal Care,318.28
SKU_013,2023-12-23,125,Personal Care,358.64
SKU_013,2023-12-24,107,Personal Care,274.08
SKU_013,2023-12-25,104,Personal Care,138.29
SKU_013,2023-12-26,114,Personal Care,488.46
SKU_013,2023-12-27,107,Personal Care,490.54
SKU_013,2023-12-28,110,Personal Care,189.48
SKU_013,2023-12-29,107,Personal Care,222.61
SKU_013,2023-12-30,143,Personal Care,272.24
SKU_013,2023-12-31,141,Personal Care,360.31
SKU_013,2024-01-01,84,Personal Care,220.99
SKU_013,2024-01-02,89,Personal Care,454.8
SKU_013,2024-01-03,75,Personal Care,307.84
SKU_013,2024-01-04,80,Personal Care,458.7
SKU_013,2024-01-05,84,Personal Care,351.32
SKU_013,2024-01-06,99,Personal Care,104.07
SKU_013,2024-01-07,88,Personal Care,114.41
SKU_013,2024-01-08,109,Personal Care,127.24
SKU_013,2024-01-09,120,Personal Care,421.1
SKU_013,2024-01-10,122,Personal Care,463.01
SKU_013,2024-01-11,112,Personal Care,131.01
SKU_013,2024-01-12,113,Personal Care,271.46
SKU_013,2024-01-13,156,Personal Care,402.19
SKU_013,2024-01-14,144,Personal Care,78.69
SKU_013,2024-01-15,215,Personal Care,387.54
SKU_013,2024-01-16,67,Personal Care,82.42
SKU_013,2024-01-17,69,Personal Care,141.4
SKU_013,2024-01-18,82,Personal Care,398.27
SKU_013,2024-01-19,87,Personal Care,469.84
SKU_013,2024-01-20,90,Personal Care,358.24
SKU_013,2024-01-21,81,Personal Care,380.29
SKU_013,2024-01-22,76,Personal Care,369.68
SKU_013,2024-01-23,78,Personal Care,71.09
SKU_013,2024-01-24,81,Personal Care,292.81
SKU_013,2024-01-25,76,Personal Care,85.98
SKU_013,2024-01-26,93,Personal Care,349.43
SKU_013,2024-01-27,120,Personal Care,128.82
SKU_013,2024-01-28,95,Personal Care,385.95
SKU_013,2024-01-29,88,Personal Care,105.38
SKU_013,2024-01-30,88,Personal Care,251.44
SKU_013,2024-01-31,80,Personal Care,125.0
SKU_013,2024-02-01,74,Personal Care,208.11
SKU_013,2024-02-02,84,Personal Care,268.04
SKU_013,2024-02-03,83,Personal Care,119.9
SKU_013,2024-02-04,94,Personal Care,57.34
SKU_013,2024-02-05,75,Personal Care,320.12
SKU_013,2024-02-06,80,Personal Care,264.48
SKU_013,2024-02-07,68,Personal Care,85.82
SKU_013,2024-02-08,68,Personal Care,302.21
SKU_013,2024-02-09,76,Personal Care,266.7
SKU_013,2024-02-10,90,Personal Care,198.76
SKU_013,2024-02-11,85,Personal Care,153.89
SKU_013,2024-02-12,84,Personal Care,207.37
SKU_013,2024-02-13,87,Personal Care,248.12
SKU_013,2024-02-14,77,Personal Care,157.4
SKU_013,2024-02-15,78,Personal Care,307.66
SKU_013,2024-02-16,75,Personal Care,402.25
SKU_013,2024-02-17,90,Personal Care,131.06
SKU_013,2024-02-18,79,Personal Care,491.86
SKU_013,2024-02-19,79,Personal Care,253.44
SKU_013,2024-02-20,77,Personal Care,194.38
SKU_013,2024-02-21,72,Personal Care,256.44
SKU_013,2024-02-22,73,Personal Care,401.79
SKU_013,2024-02-23,87,Personal Care,154.92
SKU_013,2024-02-24,97,Personal Care,220.62
SKU_013,2024-02-25,119,Personal Care,79.07
SKU_013,2024-02-26,89,Personal Care,448.57
SKU_013,2024-02-27,84,Personal Care,272.13
SKU_013,2024-02-28,99,Personal Care,307.34
SKU_013,2024-02-29,78,Personal Care,368.51
SKU_013,2024-03-01,67,Personal Care,195.92
SKU_013,2024-03-02,97,Personal Care,368.86
SKU_013,2024-03-03,92,Personal Care,442.89
SKU_013,2024-03-04,83,Personal Care,416.53
SKU_013,2024-03-05,69,Personal Care,335.08
SKU_013,2024-03-06,76,Personal Care,305.49
SKU_013,2024-03-07,89,Personal Care,295.47
SKU_013,2024-03-08,80,Personal Care,194.5
SKU_013,2024-03-09,106,Personal Care,71.67
SKU_013,2024-03-10,87,Personal Care,482.03
SKU_013,2024-03-11,80,Personal Care,120.64
SKU_013,2024-03-12,67,Personal Care,475.54
SKU_013,2024-03-13,82,Personal Care,376.2
SKU_013,2024-03-14,80,Personal Care,361.43
SKU_013,2024-03-15,81,Personal Care,339.2
SKU_013,2024-03-16,95,Personal Care,314.65
SKU_013,2024-03-17,89,Personal Care,179.21
SKU_013,2024-03-18,77,Personal Care,272.85
SKU_013,2024-03-19,68,Personal Care,66.14
SKU_013,2024-03-20,85,Personal Care,288.02
SKU_013,2024-03-21,77,Personal Care,133.46
SKU_013,2024-03-22,78,Personal Care,490.14
SKU_013,2024-03-23,94,Personal Care,341.45
SKU_013,2024-03-24,104,Personal Care,239.11
SKU_013,2024-03-25,91,Personal Care,148.42
SKU_013,2024-03-26,80,Personal Care,251.61
SKU_013,2024-03-27,93,Personal Care,421.17
SKU_013,2024-03-28,92,Personal Care,375.12
SKU_013,2024-03-29,97,Personal Care,386.98
SKU_013,2024-03-30,102,Personal Care,70.6
SKU_013,2024-03-31,91,Personal Care,86.18
SKU_013,2024-04-01,78,Personal Care,134.43
SKU_013,2024-04-02,78,Personal Care,281.35
SKU_013,2024-04-03,69,Personal Care,477.15
SKU_013,2024-04-04,69,Personal Care,132.07
SKU_013,2024-04-05,68,Personal Care,120.63
SKU_013,2024-04-06,79,Personal Care,228.06
SKU_013,2024-04-07,104,Personal Care,438.99
SKU_013,2024-04-08,83,Personal Care,428.6
SKU_013,2024-04-09,88,Personal Care,190.8
SKU_013,2024-04-10,89,Personal Care,319.09
SKU_013,2024-04-11,77,Personal Care,112.16
SKU_013,2024-04-12,85,Personal Care,246.47
SKU_013,2024-04-13,85,Personal Care,450.28
SKU_013,2024-04-14,88,Personal Care,399.33
SKU_013,2024-04-15,72,Personal Care,230.54
SKU_013,2024-04-16,79,Personal Care,344.93
SKU_013,2024-04-17,72,Personal Care,414.63
SKU_013,2024-04-18,88,Personal Care,438.61
SKU_013,2024-04-19,75,Personal Care,407.48
SKU_013,2024-04-20,99,Personal Care,495.72
SKU_013,2024-04-21,105,Personal Care,337.15
SKU_013,2024-04-22,84,Personal Care,173.46
SKU_013,2024-04-23,78,Personal Care,374.36
SKU_013,2024-04-24,85,Personal Care,211.28
SKU_013,2024-04-25,77,Personal Care,114.19
SKU_013,2024-04-26,101,Personal Care,377.81
SKU_013,2024-04-27,115,Personal Care,54.29
SKU_013,2024-04-28,97,Personal Care,426.64
SKU_013,2024-04-29,91,Personal Care,99.44
SKU_013,2024-04-30,92,Personal Care,458.0
SKU_013,2024-05-01,80,Personal Care,473.7
SKU_013,2024-05-02,88,Personal Care,477.64
SKU_013,2024-05-03,88,Personal Care,66.19
SKU_013,2024-05-04,98,Personal Care,108.68
SKU_013,2024-05-05,82,Personal Care,492.19
SKU_013,2024-05-06,69,Personal Care,117.13
SKU_013,2024-05-07,86,Personal Care,95.37
SKU_013,2024-05-08,88,Personal Care,373.46
SKU_013,2024-05-09,86,Personal Care,291.63
SKU_013,2024-05-10,82,Personal Care,358.35
SKU_013,2024-05-11,95,Personal Care,394.58
SKU_013,2024-05-12,80,Personal Care,242.01
SKU_013,2024-05-13,84,Personal Care,238.03
SKU_013,2024-05-14,77,Personal Care,117.27
SKU_013,2024-05-15,68,Personal Care,476.37
SKU_013,2024-05-16,80,Personal Care,458.74
SKU_013,2024-05-17,78,Personal Care,310.85
SKU_013,2024-05-18,95,Personal Care,325.73
SKU_013,2024-05-19,96,Personal Care,382.26
SKU_013,2024-05-20,86,Personal Care,73.02
SKU_013,2024-05-21,68,Personal Care,244.35
SKU_013,2024-05-22,86,Personal Care,300.21
SKU_013,2024-05-23,89,Personal Care,460.8
SKU_013,2024-05-24,85,Personal Care,367.29
SKU_013,2024-05-25,98,Personal Care,250.58
SKU_013,2024-05-26,117,Personal Care,480.02
SKU_013,2024-05-27,86,Personal Care,142.76
SKU_013,2024-05-28,102,Personal Care,293.25
SKU_013,2024-05-29,100,Personal Care,250.11
SKU_013,2024-05-30,96,Personal Care,119.83
SKU_013,2024-05-31,79,Personal Care,302.24
SKU_013,2024-06-01,97,Personal Care,188.69
SKU_013,2024-06-02,97,Personal Care,215.44
SKU_013,2024-06-03,77,Personal Care,177.47
SKU_013,2024-06-04,74,Personal Care,394.7
SKU_013,2024-06-05,82,Personal Care,272.23
SKU_013,2024-06-06,82,Personal Care,208.36
SKU_013,2024-06-07,83,Personal Care,367.99
SKU_013,2024-06-08,90,Personal Care,190.57
SKU_013,2024-06-09,103,Personal Care,215.01
SKU_013,2024-06-10,83,Personal Care,140.28
SKU_013,2024-06-11,88,Personal Care,280.31
SKU_013,2024-06-12,72,Personal Care,293.47
SKU_013,2024-06-13,71,Personal Care,486.1
SKU_013,2024-06-14,68,Personal Care,249.55
SKU_013,2024-06-15,98,Personal Care,493.99
SKU_013,2024-06-16,101,Personal Care,95.04
SKU_013,2024-06-17,85,Personal Care,82.96
SKU_013,2024-06-18,87,Personal Care,128.7
SKU_013,2024-06-19,84,Personal Care,349.29
SKU_013,2024-06-20,73,Personal Care,281.19
SKU_013,2024-06-21,82,Personal Care,225.64
SKU_013,2024-06-22,87,Personal Care,342.01
SKU_013,2024-06-23,87,Personal Care,187.35
SKU_013,2024-06-24,82,Personal Care,226.94
SKU_013,2024-06-25,88,Personal Care,350.82
SKU_013,2024-06-26,88,Personal Care,303.17
SKU_013,2024-06-27,86,Personal Care,360.37
SKU_013,2024-06-28,79,Personal Care,233.5
SKU_013,2024-06-29,114,Personal Care,291.72
SKU_013,2024-06-30,96,Personal Care,164.0
SKU_013,2024-07-01,76,Personal Care,240.41
SKU_013,2024-07-02,72,Personal Care,430.67
SKU_013,2024-07-03,83,Personal Care,358.42
SKU_013,2024-07-04,67,Personal Care,402.3
SKU_013,2024-07-05,79,Personal Care,251.6
SKU_013,2024-07-06,97,Personal Care,117.42
SKU_013,2024-07-07,94,Personal Care,489.34
SKU_013,2024-07-08,68,Personal Care,171.76
SKU_013,2024-07-09,80,Personal Care,394.93
SKU_013,2024-07-10,69,Personal Care,476.01
SKU_013,2024-07-11,86,Personal Care,317.05
SKU_013,2024-07-12,79,Personal Care,420.47
SKU_013,2024-07-13,100,Personal Care,241.36
SKU_013,2024-07-14,93,Personal Care,409.07
SKU_013,2024-07-15,81,Personal Care,139.96
SKU_013,2024-07-16,80,Personal Care,290.16
SKU_013,2024-07-17,71,Personal Care,235.15
SKU_013,2024-07-18,88,Personal Care,149.76
SKU_013,2024-07-19,83,Personal Care,372.05
SKU_013,2024-07-20,91,Personal Care,382.74
SKU_013,2024-07-21,89,Personal Care,320.75
SKU_013,2024-07-22,79,Personal Care,285.71
SKU_013,2024-07-23,73,Personal Care,488.02
SKU_013,2024-07-24,81,Personal Care,192.38
SKU_013,2024-07-25,86,Personal Care,63.98
SKU_013,2024-07-26,94,Personal Care,478.48
SKU_013,2024-07-27,93,Personal Care,391.81
SKU_013,2024-07-28,102,Personal Care,335.58
SKU_013,2024-07-29,90,Personal Care,326.52
SKU_013,2024-07-30,97,Personal Care,53.32
SKU_013,2024-07-31,76,Personal Care,263.75
SKU_013,2024-08-01,78,Personal Care,189.98
SKU_013,2024-08-02,74,Personal Care,136.58
SKU_013,2024-08-03,99,Personal Care,399.5
SKU_013,2024-08-04,82,Personal Care,411.31
SKU_013,2024-08-05,85,Personal Care,180.05
SKU_013,2024-08-06,67,Personal Care,139.54
SKU_013,2024-08-07,78,Personal Care,440.46
SKU_013,2024-08-08,68,Personal Care,94.1
SKU_013,2024-08-09,88,Personal Care,105.13
SKU_013,2024-08-10,84,Personal Care,207.94
SKU_013,2024-08-11,80,Personal Care,109.49
SKU_013,2024-08-12,76,Personal Care,457.19
SKU_013,2024-08-13,76,Personal Care,359.39
SKU_013,2024-08-14,72,Personal Care,106.52
SKU_013,2024-08-15,76,Personal Care,466.38
SKU_013,2024-08-16,72,Personal Care,338.15
SKU_013,2024-08-17,88,Personal Care,228.27
SKU_013,2024-08-18,89,Personal Care,248.53
SKU_013,2024-08-19,85,Personal Care,354.85
SKU_013,2024-08-20,72,Personal Care,426.59
SKU_013,2024-08-21,67,Personal Care,186.33
SKU_013,2024-08-22,79,Personal Care,130.37
SKU_013,2024-08-23,88,Personal Care,258.58
SKU_013,2024-08-24,105,Personal Care,335.42
SKU_013,2024-08-25,122,Personal Care,347.78
SKU_013,2024-08-26,102,Personal Care,385.75
SKU_013,2024-08-27,90,Personal Care,457.84
SKU_013,2024-08-28,77,Personal Care,337.23
SKU_013,2024-08-29,84,Personal Care,398.02
SKU_013,2024-08-30,83,Personal Care,163.94
SKU_013,2024-08-31,102,Personal Care,70.85
SKU_013,2024-09-01,102,Personal Care,263.81
SKU_013,2024-09-02,89,Personal Care,117.81
SKU_013,2024-09-03,74,Personal Care,184.32
SKU_013,2024-09-04,79,Personal Care,118.9
SKU_013,2024-09-05,74,Personal Care,307.76
SKU_013,2024-09-06,70,Personal Care,449.73
SKU_013,2024-09-07,85,Personal Care,103.41
SKU_013,2024-09-08,107,Personal Care,415.7
SKU_013,2024-09-09,89,Personal Care,236.39
SKU_013,2024-09-10,76,Personal Care,67.3
SKU_013,2024-09-11,73,Personal Care,233.89
SKU_013,2024-09-12,86,Personal Care,294.97
SKU_013,2024-09-13,74,Personal Care,409.72
SKU_013,2024-09-14,87,Personal Care,196.47
SKU_013,2024-09-15,83,Personal Care,399.03
SKU_013,2024-09-16,77,Personal Care,64.19
SKU_013,2024-09-17,72,Personal Care,103.66
SKU_013,2024-09-18,76,Personal Care,289.2
SKU_013,2024-09-19,79,Personal Care,215.15
SKU_013,2024-09-20,81,Personal Care,337.13
SKU_013,2024-09-21,91,Personal Care,234.37
SKU_013,2024-09-22,90,Personal Care,227.55
SKU_013,2024-09-23,79,Personal Care,430.96
SKU_013,2024-09-24,86,Personal Care,80.95
SKU_013,2024-09-25,94,Personal Care,415.56
SKU_013,2024-09-26,87,Personal Care,140.96
SKU_013,2024-09-27,92,Personal Care,160.5
SKU_013,2024-09-28,93,Personal Care,474.99
SKU_013,2024-09-29,97,Personal Care,191.88
SKU_013,2024-09-30,94,Personal Care,223.48
SKU_013,2024-10-01,99,Personal Care,444.69
SKU_013,2024-10-02,104,Personal Care,121.96
SKU_013,2024-10-03,94,Personal Care,300.0
SKU_013,2024-10-04,103,Personal Care,269.43
SKU_013,2024-10-05,200,Personal Care,122.65
SKU_013,2024-10-06,166,Personal Care,373.3
SKU_013,2024-10-07,133,Personal Care,205.07
SKU_013,2024-10-08,172,Personal Care,466.26
SKU_013,2024-10-09,157,Personal Care,245.6
SKU_013,2024-10-10,170,Personal Care,285.6
SKU_013,2024-10-11,139,Personal Care,235.97
SKU_013,2024-10-12,304,Personal Care,473.21
SKU_013,2024-10-13,107,Personal Care,491.29
SKU_013,2024-10-14,106,Personal Care,171.72
SKU_013,2024-10-15,92,Personal Care,308.1
SKU_013,2024-10-16,93,Personal Care,435.62
SKU_013,2024-10-17,95,Personal Care,247.48
SKU_013,2024-10-18,108,Personal Care,206.03
SKU_013,2024-10-19,107,Personal Care,415.24
SKU_013,2024-10-20,118,Personal Care,300.42
SKU_013,2024-10-21,106,Personal Care,76.59
SKU_013,2024-10-22,90,Personal Care,358.69
SKU_013,2024-10-23,105,Personal Care,474.27
SKU_013,2024-10-24,97,Personal Care,267.79
SKU_013,2024-10-25,165,Personal Care,117.41
SKU_013,2024-10-26,224,Personal Care,95.85
SKU_013,2024-10-27,221,Personal Care,415.52
SKU_013,2024-10-28,152,Personal Care,470.38
SKU_013,2024-10-29,164,Personal Care,222.95
SKU_013,2024-10-30,156,Personal Care,58.07
SKU_013,2024-10-31,174,Personal Care,234.3
SKU_013,2024-11-01,280,Personal Care,269.38
SKU_013,2024-11-02,109,Personal Care,229.16
SKU_013,2024-11-03,109,Personal Care,72.14
SKU_013,2024-11-04,89,Personal Care,54.74
SKU_013,2024-11-05,114,Personal Care,420.74
SKU_013,2024-11-06,109,Personal Care,86.57
SKU_013,2024-11-07,113,Personal Care,311.81
SKU_013,2024-11-08,111,Personal Care,446.05
SKU_013,2024-11-09,112,Personal Care,137.04
SKU_013,2024-11-10,122,Personal Care,99.58
SKU_013,2024-11-11,92,Personal Care,69.03
SKU_013,2024-11-12,106,Personal Care,278.34
SKU_013,2024-11-13,93,Personal Care,245.29
SKU_013,2024-11-14,94,Personal Care,173.01
SKU_013,2024-11-15,110,Personal Care,279.89
SKU_013,2024-11-16,105,Personal Care,475.67
SKU_013,2024-11-17,130,Personal Care,312.08
SKU_013,2024-11-18,116,Personal Care,294.77
SKU_013,2024-11-19,109,Personal Care,341.68
SKU_013,2024-11-20,99,Personal Care,317.06
SKU_013,2024-11-21,112,Personal Care,102.53
SKU_013,2024-11-22,105,Personal Care,309.78
SKU_013,2024-11-23,127,Personal Care,432.24
SKU_013,2024-11-24,137,Personal Care,207.81
SKU_013,2024-11-25,126,Personal Care,385.3
SKU_013,2024-11-26,116,Personal Care,473.31
SKU_013,2024-11-27,130,Personal Care,451.12
SKU_013,2024-11-28,114,Personal Care,221.13
SKU_013,2024-11-29,103,Personal Care,346.75
SKU_013,2024-11-30,135,Personal Care,118.92
SKU_013,2024-12-01,114,Personal Care,264.17
SKU_013,2024-12-02,112,Personal Care,292.41
SKU_013,2024-12-03,105,Personal Care,343.63
SKU_013,2024-12-04,112,Personal Care,147.36
SKU_013,2024-12-05,88,Personal Care,202.55
SKU_013,2024-12-06,91,Personal Care,155.45
SKU_013,2024-12-07,119,Personal Care,381.39
SKU_013,2024-12-08,135,Personal Care,242.11
SKU_013,2024-12-09,100,Personal Care,356.89
SKU_013,2024-12-10,111,Personal Care,450.73
SKU_013,2024-12-11,92,Personal Care,491.85
SKU_013,2024-12-12,93,Personal Care,382.64
SKU_013,2024-12-13,98,Personal Care,370.42
SKU_013,2024-12-14,120,Personal Care,172.86
SKU_013,2024-12-15,114,Personal Care,337.43
SKU_013,2024-12-16,90,Personal Care,278.3
SKU_013,2024-12-17,105,Personal Care,252.11
SKU_013,2024-12-18,93,Personal Care,281.11
SKU_013,2024-12-19,111,Personal Care,455.8
SKU_013,2024-12-20,99,Personal Care,140.99
SKU_013,2024-12-21,132,Personal Care,261.63
SKU_013,2024-12-22,112,Personal Care,92.76
SKU_013,2024-12-23,100,Personal Care,364.94
SKU_013,2024-12-24,113,Personal Care,193.53
SKU_013,2024-12-25,132,Personal Care,479.38
SKU_013,2024-12-26,114,Personal Care,217.61
SKU_013,2024-12-27,130,Personal Care,297.84
SKU_013,2024-12-28,145,Personal Care,50.77
SKU_013,2024-12-29,124,Personal Care,367.81
SKU_013,2024-12-30,129,Personal Care,82.16
SKU_013,2024-12-31,107,Personal Care,453.78
SKU_014,2023-01-01,155,Household,65.5
SKU_014,2023-01-02,128,Household,465.14
SKU_014,2023-01-03,138,Household,319.24
SKU_014,2023-01-04,154,Household,122.29
SKU_014,2023-01-05,163,Household,169.84
SKU_014,2023-01-06,148,Household,490.7
SKU_014,2023-01-07,157,Household,84.69
SKU_014,2023-01-08,162,Household,130.66
SKU_014,2023-01-09,152,Household,71.22
SKU_014,2023-01-10,162,Household,150.5
SKU_014,2023-01-11,145,Household,205.15
SKU_014,2023-01-12,164,Household,366.15
SKU_014,2023-01-13,168,Household,228.46
SKU_014,2023-01-14,182,Household,255.48
SKU_014,2023-01-15,203,Household,488.48
SKU_014,2023-01-16,145,Household,467.73
SKU_014,2023-01-17,155,Household,86.09
SKU_014,2023-01-18,161,Household,176.34
SKU_014,2023-01-19,132,Household,267.8
SKU_014,2023-01-20,131,Household,50.49
SKU_014,2023-01-21,189,Household,273.47
SKU_014,2023-01-22,193,Household,181.61
SKU_014,2023-01-23,163,Household,159.44
SKU_014,2023-01-24,152,Household,325.65
SKU_014,2023-01-25,156,Household,108.74
SKU_014,2023-01-26,153,Household,477.93
SKU_014,2023-01-27,194,Household,77.14
SKU_014,2023-01-28,191,Household,406.93
SKU_014,2023-01-29,183,Household,57.55
SKU_014,2023-01-30,158,Household,454.8
SKU_014,2023-01-31,155,Household,211.81
SKU_014,2023-02-01,162,Household,407.16
SKU_014,2023-02-02,146,Household,483.87
SKU_014,2023-02-03,139,Household,280.12
SKU_014,2023-02-04,205,Household,441.12
SKU_014,2023-02-05,155,Household,316.29
SKU_014,2023-02-06,129,Household,490.26
SKU_014,2023-02-07,158,Household,297.89
SKU_014,2023-02-08,135,Household,89.87
SKU_014,2023-02-09,158,Household,206.66
SKU_014,2023-02-10,145,Household,474.73
SKU_014,2023-02-11,203,Household,430.48
SKU_014,2023-02-12,153,Household,121.31
SKU_014,2023-02-13,162,Household,205.58
SKU_014,2023-02-14,136,Household,335.18
SKU_014,2023-02-15,153,Household,494.29
SKU_014,2023-02-16,140,Household,347.35
SKU_014,2023-02-17,136,Household,351.34
SKU_014,2023-02-18,158,Household,274.71
SKU_014,2023-02-19,174,Household,212.37
SKU_014,2023-02-20,149,Household,201.18
SKU_014,2023-02-21,167,Household,357.46
SKU_014,2023-02-22,160,Household,224.9
SKU_014,2023-02-23,145,Household,272.48
SKU_014,2023-02-24,148,Household,154.76
SKU_014,2023-02-25,191,Household,220.61
SKU_014,2023-02-26,208,Household,285.5
SKU_014,2023-02-27,172,Household,304.92
SKU_014,2023-02-28,164,Household,154.13
SKU_014,2023-03-01,156,Household,298.93
SKU_014,2023-03-02,157,Household,333.84
SKU_014,2023-03-03,169,Household,87.51
SKU_014,2023-03-04,205,Household,135.29
SKU_014,2023-03-05,178,Household,174.6
SKU_014,2023-03-06,171,Household,70.21
SKU_014,2023-03-07,143,Household,267.49
SKU_014,2023-03-08,163,Household,137.79
SKU_014,2023-03-09,161,Household,192.09
SKU_014,2023-03-10,172,Household,467.37
SKU_014,2023-03-11,206,Household,327.4
SKU_014,2023-03-12,188,Household,133.08
SKU_014,2023-03-13,163,Household,391.79
SKU_014,2023-03-14,163,Household,442.65
SKU_014,2023-03-15,170,Household,312.05
SKU_014,2023-03-16,159,Household,480.98
SKU_014,2023-03-17,149,Household,365.18
SKU_014,2023-03-18,154,Household,141.95
SKU_014,2023-03-19,167,Household,185.03
SKU_014,2023-03-20,143,Household,78.86
SKU_014,2023-03-21,148,Household,445.51
SKU_014,2023-03-22,144,Household,138.25
SKU_014,2023-03-23,145,Household,127.04
SKU_014,2023-03-24,134,Household,131.7
SKU_014,2023-03-25,230,Household,409.48
SKU_014,2023-03-26,208,Household,203.05
SKU_014,2023-03-27,187,Household,246.8
SKU_014,2023-03-28,178,Household,247.04
SKU_014,2023-03-29,190,Household,432.44
SKU_014,2023-03-30,152,Household,452.14
SKU_014,2023-03-31,170,Household,437.08
SKU_014,2023-04-01,192,Household,167.53
SKU_014,2023-04-02,170,Household,218.23
SKU_014,2023-04-03,143,Household,443.59
SKU_014,2023-04-04,148,Household,414.47
SKU_014,2023-04-05,140,Household,426.3
SKU_014,2023-04-06,138,Household,137.22
SKU_014,2023-04-07,127,Household,476.73
SKU_014,2023-04-08,186,Household,202.33
SKU_014,2023-04-09,159,Household,449.39
SKU_014,2023-04-10,158,Household,347.81
SKU_014,2023-04-11,172,Household,441.56
SKU_014,2023-04-12,157,Household,438.92
SKU_014,2023-04-13,158,Household,225.53
SKU_014,2023-04-14,142,Household,348.92
SKU_014,2023-04-15,195,Household,351.39
SKU_014,2023-04-16,172,Household,144.05
SKU_014,2023-04-17,171,Household,80.71
SKU_014,2023-04-18,146,Household,92.97
SKU_014,2023-04-19,169,Household,391.12
SKU_014,2023-04-20,166,Household,93.56
SKU_014,2023-04-21,150,Household,257.17
SKU_014,2023-04-22,199,Household,212.45
SKU_014,2023-04-23,168,Household,320.98
SKU_014,2023-04-24,135,Household,330.48
SKU_014,2023-04-25,176,Household,145.41
SKU_014,2023-04-26,166,Household,398.81
SKU_014,2023-04-27,148,Household,257.28
SKU_014,2023-04-28,191,Household,231.7
SKU_014,2023-04-29,221,Household,113.23
SKU_014,2023-04-30,226,Household,143.23
SKU_014,2023-05-01,162,Household,381.83
SKU_014,2023-05-02,138,Household,260.55
SKU_014,2023-05-03,130,Household,107.25
SKU_014,2023-05-04,136,Household,470.73
SKU_014,2023-05-05,136,Household,277.58
SKU_014,2023-05-06,164,Household,431.99
SKU_014,2023-05-07,173,Household,362.64
SKU_014,2023-05-08,153,Household,411.26
SKU_014,2023-05-09,149,Household,88.76
SKU_014,2023-05-10,150,Household,57.65
SKU_014,2023-05-11,131,Household,485.57
SKU_014,2023-05-12,133,Household,147.94
SKU_014,2023-05-13,175,Household,178.05
SKU_014,2023-05-14,167,Household,375.45
SKU_014,2023-05-15,166,Household,85.94
SKU_014,2023-05-16,171,Household,467.51
SKU_014,2023-05-17,138,Household,366.76
SKU_014,2023-05-18,138,Household,124.66
SKU_014,2023-05-19,127,Household,50.9
SKU_014,2023-05-20,190,Household,257.17
SKU_014,2023-05-21,165,Household,173.58
SKU_014,2023-05-22,159,Household,58.64
SKU_014,2023-05-23,157,Household,286.87
SKU_014,2023-05-24,129,Household,400.12
SKU_014,2023-05-25,165,Household,120.03
SKU_014,2023-05-26,155,Household,216.27
SKU_014,2023-05-27,235,Household,157.74
SKU_014,2023-05-28,180,Household,277.18
SKU_014,2023-05-29,161,Household,426.84
SKU_014,2023-05-30,167,Household,434.89
SKU_014,2023-05-31,154,Household,225.95
SKU_014,2023-06-01,154,Household,270.85
SKU_014,2023-06-02,142,Household,98.07
SKU_014,2023-06-03,196,Household,182.36
SKU_014,2023-06-04,169,Household,428.36
SKU_014,2023-06-05,168,Household,204.57
SKU_014,2023-06-06,146,Household,367.85
SKU_014,2023-06-07,131,Household,361.94
SKU_014,2023-06-08,151,Household,53.32
SKU_014,2023-06-09,132,Household,365.58
SKU_014,2023-06-10,197,Household,481.94
SKU_014,2023-06-11,180,Household,297.93
SKU_014,2023-06-12,155,Household,415.06
SKU_014,2023-06-13,147,Household,461.29
SKU_014,2023-06-14,149,Household,53.8
SKU_014,2023-06-15,169,Household,89.57
SKU_014,2023-06-16,127,Household,81.08
SKU_014,2023-06-17,182,Household,374.27
SKU_014,2023-06-18,204,Household,347.22
SKU_014,2023-06-19,162,Household,315.66
SKU_014,2023-06-20,171,Household,364.53
SKU_014,2023-06-21,158,Household,62.91
SKU_014,2023-06-22,164,Household,156.92
SKU_014,2023-06-23,167,Household,407.03
SKU_014,2023-06-24,186,Household,414.98
SKU_014,2023-06-25,185,Household,394.94
SKU_014,2023-06-26,181,Household,485.79
SKU_014,2023-06-27,163,Household,382.94
SKU_014,2023-06-28,151,Household,328.55
SKU_014,2023-06-29,149,Household,324.92
SKU_014,2023-06-30,191,Household,440.07
SKU_014,2023-07-01,168,Household,486.84
SKU_014,2023-07-02,182,Household,163.2
SKU_014,2023-07-03,159,Household,421.94
SKU_014,2023-07-04,134,Household,81.91
SKU_014,2023-07-05,165,Household,140.05
SKU_014,2023-07-06,154,Household,121.88
SKU_014,2023-07-07,147,Household,52.95
SKU_014,2023-07-08,189,Household,345.94
SKU_014,2023-07-09,164,Household,408.31
SKU_014,2023-07-10,157,Household,319.26
SKU_014,2023-07-11,172,Household,329.34
SKU_014,2023-07-12,172,Household,93.25
SKU_014,2023-07-13,133,Household,201.28
SKU_014,2023-07-14,158,Household,231.47
SKU_014,2023-07-15,165,Household,423.54
SKU_014,2023-07-16,193,Household,186.01
SKU_014,2023-07-17,149,Household,142.5
SKU_014,2023-07-18,165,Household,270.43
SKU_014,2023-07-19,141,Household,122.22
SKU_014,2023-07-20,147,Household,219.5
SKU_014,2023-07-21,128,Household,163.73
SKU_014,2023-07-22,183,Household,168.81
SKU_014,2023-07-23,190,Household,287.64
SKU_014,2023-07-24,172,Household,175.97
SKU_014,2023-07-25,188,Household,198.67
SKU_014,2023-07-26,194,Household,243.73
SKU_014,2023-07-27,181,Household,300.25
SKU_014,2023-07-28,195,Household,249.09
SKU_014,2023-07-29,229,Household,351.12
SKU_014,2023-07-30,189,Household,365.24
SKU_014,2023-07-31,157,Household,451.2
SKU_014,2023-08-01,134,Household,157.61
SKU_014,2023-08-02,162,Household,415.85
SKU_014,2023-08-03,154,Household,272.1
SKU_014,2023-08-04,146,Household,136.45
SKU_014,2023-08-05,168,Household,328.16
SKU_014,2023-08-06,197,Household,376.17
SKU_014,2023-08-07,154,Household,191.83
SKU_014,2023-08-08,137,Household,258.1
SKU_014,2023-08-09,153,Household,137.31
SKU_014,2023-08-10,158,Household,155.99
SKU_014,2023-08-11,152,Household,347.5
SKU_014,2023-08-12,189,Household,372.88
SKU_014,2023-08-13,158,Household,265.41
SKU_014,2023-08-14,164,Household,460.07
SKU_014,2023-08-15,159,Household,303.34
SKU_014,2023-08-16,135,Household,381.56
SKU_014,2023-08-17,136,Household,327.59
SKU_014,2023-08-18,157,Household,52.65
SKU_014,2023-08-19,170,Household,446.16
SKU_014,2023-08-20,172,Household,423.04
SKU_014,2023-08-21,168,Household,417.39
SKU_014,2023-08-22,170,Household,308.94
SKU_014,2023-08-23,158,Household,493.1
SKU_014,2023-08-24,143,Household,269.47
SKU_014,2023-08-25,163,Household,385.13
SKU_014,2023-08-26,217,Household,132.99
SKU_014,2023-08-27,203,Household,383.08
SKU_014,2023-08-28,162,Household,294.83
SKU_014,2023-08-29,186,Household,309.31
SKU_014,2023-08-30,190,Household,203.25
SKU_014,2023-08-31,178,Household,479.93
SKU_014,2023-09-01,131,Household,485.67
SKU_014,2023-09-02,170,Household,81.36
SKU_014,2023-09-03,181,Household,343.85
SKU_014,2023-09-04,164,Household,51.04
SKU_014,2023-09-05,130,Household,308.71
SKU_014,2023-09-06,160,Household,188.21
SKU_014,2023-09-07,160,Household,407.98
SKU_014,2023-09-08,143,Household,262.51
SKU_014,2023-09-09,165,Household,343.49
SKU_014,2023-09-10,199,Household,278.51
SKU_014,2023-09-11,161,Household,347.99
SKU_014,2023-09-12,131,Household,401.4
SKU_014,2023-09-13,161,Household,104.69
SKU_014,2023-09-14,159,Household,372.75
SKU_014,2023-09-15,141,Household,185.87
SKU_014,2023-09-16,205,Household,139.84
SKU_014,2023-09-17,204,Household,239.98
SKU_014,2023-09-18,166,Household,421.38
SKU_014,2023-09-19,146,Household,423.21
SKU_014,2023-09-20,164,Household,229.38
SKU_014,2023-09-21,144,Household,134.24
SKU_014,2023-09-22,149,Household,233.61
SKU_014,2023-09-23,161,Household,474.77
SKU_014,2023-09-24,160,Household,105.52
SKU_014,2023-09-25,194,Household,224.43
SKU_014,2023-09-26,165,Household,367.86
SKU_014,2023-09-27,173,Household,127.1
SKU_014,2023-09-28,192,Household,361.97
SKU_014,2023-09-29,166,Household,120.41
SKU_014,2023-09-30,204,Household,89.23
SKU_014,2023-10-01,233,Household,361.23
SKU_014,2023-10-02,205,Household,368.02
SKU_014,2023-10-03,195,Household,485.66
SKU_014,2023-10-04,180,Household,216.88
SKU_014,2023-10-05,167,Household,474.66
SKU_014,2023-10-06,174,Household,224.27
SKU_014,2023-10-07,267,Household,155.48
SKU_014,2023-10-08,322,Household,96.12
SKU_014,2023-10-09,281,Household,435.99
SKU_014,2023-10-10,336,Household,167.85
SKU_014,2023-10-11,251,Household,56.15
SKU_014,2023-10-12,311,Household,81.22
SKU_014,2023-10-13,286,Household,150.09
SKU_014,2023-10-14,303,Household,242.33
SKU_014,2023-10-15,520,Household,204.27
SKU_014,2023-10-16,168,Household,299.35
SKU_014,2023-10-17,273,Household,360.03
SKU_014,2023-10-18,283,Household,421.48
SKU_014,2023-10-19,277,Household,401.84
SKU_014,2023-10-20,271,Household,186.09
SKU_014,2023-10-21,361,Household,112.86
SKU_014,2023-10-22,384,Household,73.73
SKU_014,2023-10-23,280,Household,158.98
SKU_014,2023-10-24,554,Household,478.19
SKU_014,2023-10-25,237,Household,126.5
SKU_014,2023-10-26,208,Household,206.35
SKU_014,2023-10-27,243,Household,143.69
SKU_014,2023-10-28,235,Household,53.8
SKU_014,2023-10-29,288,Household,81.3
SKU_014,2023-10-30,213,Household,372.25
SKU_014,2023-10-31,238,Household,323.36
SKU_014,2023-11-01,213,Household,62.87
SKU_014,2023-11-02,192,Household,50.07
SKU_014,2023-11-03,166,Household,295.87
SKU_014,2023-11-04,215,Household,381.69
SKU_014,2023-11-05,246,Household,67.71
SKU_014,2023-11-06,193,Household,437.42
SKU_014,2023-11-07,170,Household,176.09
SKU_014,2023-11-08,211,Household,241.97
SKU_014,2023-11-09,185,Household,174.63
SKU_014,2023-11-10,193,Household,149.73
SKU_014,2023-11-11,225,Household,244.39
SKU_014,2023-11-12,249,Household,53.6
SKU_014,2023-11-13,168,Household,235.88
SKU_014,2023-11-14,203,Household,113.35
SKU_014,2023-11-15,168,Household,491.44
SKU_014,2023-11-16,202,Household,66.85
SKU_014,2023-11-17,176,Household,422.5
SKU_014,2023-11-18,253,Household,84.61
SKU_014,2023-11-19,211,Household,297.59
SKU_014,2023-11-20,204,Household,212.97
SKU_014,2023-11-21,201,Household,442.61
SKU_014,2023-11-22,191,Household,333.58
SKU_014,2023-11-23,208,Household,335.59
SKU_014,2023-11-24,200,Household,493.17
SKU_014,2023-11-25,266,Household,384.7
SKU_014,2023-11-26,252,Household,144.42
SKU_014,2023-11-27,225,Household,302.59
SKU_014,2023-11-28,231,Household,294.01
SKU_014,2023-11-29,219,Household,73.77
SKU_014,2023-11-30,229,Household,160.37
SKU_014,2023-12-01,191,Household,127.11
SKU_014,2023-12-02,251,Household,152.19
SKU_014,2023-12-03,264,Household,273.02
SKU_014,2023-12-04,169,Household,389.43
SKU_014,2023-12-05,219,Household,247.87
SKU_014,2023-12-06,179,Household,125.85
SKU_014,2023-12-07,218,Household,50.72
SKU_014,2023-12-08,184,Household,385.89
SKU_014,2023-12-09,263,Household,482.98
SKU_014,2023-12-10,226,Household,346.02
SKU_014,2023-12-11,213,Household,115.0
SKU_014,2023-12-12,216,Household,203.53
SKU_014,2023-12-13,174,Household,339.96
SKU_014,2023-12-14,208,Household,470.96
SKU_014,2023-12-15,183,Household,441.61
SKU_014,2023-12-16,252,Household,272.4
SKU_014,2023-12-17,207,Household,358.34
SKU_014,2023-12-18,192,Household,395.54
SKU_014,2023-12-19,218,Household,368.06
SKU_014,2023-12-20,215,Household,201.92
SKU_014,2023-12-21,207,Household,380.46
SKU_014,2023-12-22,192,Household,385.15
SKU_014,2023-12-23,216,Household,116.54
SKU_014,2023-12-24,234,Household,390.96
SKU_014,2023-12-25,242,Household,318.59
SKU_014,2023-12-26,248,Household,241.52
SKU_014,2023-12-27,227,Household,154.72
SKU_014,2023-12-28,230,Household,453.36
SKU_014,2023-12-29,221,Household,242.63
SKU_014,2023-12-30,259,Household,402.17
SKU_014,2023-12-31,239,Household,192.26
SKU_014,2024-01-01,134,Household,191.11
SKU_014,2024-01-02,138,Household,290.87
SKU_014,2024-01-03,162,Household,140.03
SKU_014,2024-01-04,157,Household,91.24
SKU_014,2024-01-05,149,Household,165.25
SKU_014,2024-01-06,165,Household,489.78
SKU_014,2024-01-07,176,Household,229.52
SKU_014,2024-01-08,205,Household,438.57
SKU_014,2024-01-09,239,Household,237.27
SKU_014,2024-01-10,234,Household,66.56
SKU_014,2024-01-11,214,Household,352.68
SKU_014,2024-01-12,223,Household,442.81
SKU_014,2024-01-13,297,Household,260.25
SKU_014,2024-01-14,270,Household,121.08
SKU_014,2024-01-15,413,Household,341.33
SKU_014,2024-01-16,127,Household,399.55
SKU_014,2024-01-17,157,Household,110.51
SKU_014,2024-01-18,135,Household,283.95
SKU_014,2024-01-19,160,Household,217.87
SKU_014,2024-01-20,201,Household,337.68
SKU_014,2024-01-21,200,Household,134.46
SKU_014,2024-01-22,143,Household,354.32
SKU_014,2024-01-23,152,Household,386.72
SKU_014,2024-01-24,142,Household,463.51
SKU_014,2024-01-25,182,Household,301.71
SKU_014,2024-01-26,152,Household,267.65
SKU_014,2024-01-27,207,Household,257.7
SKU_014,2024-01-28,194,Household,57.26
SKU_014,2024-01-29,188,Household,309.68
SKU_014,2024-01-30,158,Household,452.71
SKU_014,2024-01-31,179,Household,233.77
SKU_014,2024-02-01,144,Household,267.23
SKU_014,2024-02-02,137,Household,432.67
SKU_014,2024-02-03,206,Household,160.48
SKU_014,2024-02-04,156,Household,493.88
SKU_014,2024-02-05,160,Household,208.6
SKU_014,2024-02-06,165,Household,68.48
SKU_014,2024-02-07,161,Household,478.14
SKU_014,2024-02-08,141,Household,264.03
SKU_014,2024-02-09,131,Household,475.37
SKU_014,2024-02-10,177,Household,125.81
SKU_014,2024-02-11,174,Household,75.37
SKU_014,2024-02-12,146,Household,439.68
SKU_014,2024-02-13,169,Household,190.75
SKU_014,2024-02-14,152,Household,92.54
SKU_014,2024-02-15,166,Household,407.19
SKU_014,2024-02-16,152,Household,386.06
SKU_014,2024-02-17,189,Household,347.52
SKU_014,2024-02-18,159,Household,116.88
SKU_014,2024-02-19,134,Household,124.79
SKU_014,2024-02-20,129,Household,347.14
SKU_014,2024-02-21,132,Household,131.79
SKU_014,2024-02-22,129,Household,56.12
SKU_014,2024-02-23,149,Household,167.31
SKU_014,2024-02-24,169,Household,256.56
SKU_014,2024-02-25,236,Household,170.6
SKU_014,2024-02-26,153,Household,332.83
SKU_014,2024-02-27,193,Household,310.41
SKU_014,2024-02-28,165,Household,460.3
SKU_014,2024-02-29,181,Household,351.89
SKU_014,2024-03-01,145,Household,288.11
SKU_014,2024-03-02,187,Household,149.27
SKU_014,2024-03-03,195,Household,213.42
SKU_014,2024-03-04,158,Household,279.37
SKU_014,2024-03-05,139,Household,379.79
SKU_014,2024-03-06,131,Household,356.07
SKU_014,2024-03-07,164,Household,256.21
SKU_014,2024-03-08,155,Household,329.78
SKU_014,2024-03-09,173,Household,57.36
SKU_014,2024-03-10,197,Household,151.88
SKU_014,2024-03-11,130,Household,138.23
SKU_014,2024-03-12,166,Household,302.93
SKU_014,2024-03-13,168,Household,138.68
SKU_014,2024-03-14,163,Household,173.57
SKU_014,2024-03-15,154,Household,244.66
SKU_014,2024-03-16,200,Household,284.13
SKU_014,2024-03-17,160,Household,221.86
SKU_014,2024-03-18,157,Household,265.64
SKU_014,2024-03-19,168,Household,476.1
SKU_014,2024-03-20,130,Household,469.03
SKU_014,2024-03-21,128,Household,297.2
SKU_014,2024-03-22,140,Household,170.83
SKU_014,2024-03-23,162,Household,63.07
SKU_014,2024-03-24,188,Household,200.53
SKU_014,2024-03-25,174,Household,236.15
SKU_014,2024-03-26,157,Household,98.04
SKU_014,2024-03-27,196,Household,60.86
SKU_014,2024-03-28,179,Household,312.8
SKU_014,2024-03-29,197,Household,209.69
SKU_014,2024-03-30,182,Household,314.98
SKU_014,2024-03-31,211,Household,263.85
SKU_014,2024-04-01,148,Household,93.32
SKU_014,2024-04-02,160,Household,422.34
SKU_014,2024-04-03,129,Household,190.5
SKU_014,2024-04-04,139,Household,101.11
SKU_014,2024-04-05,137,Household,419.98
SKU_014,2024-04-06,193,Household,321.53
SKU_014,2024-04-07,204,Household,120.53
SKU_014,2024-04-08,169,Household,200.69
SKU_014,2024-04-09,156,Household,70.87
SKU_014,2024-04-10,131,Household,171.89
SKU_014,2024-04-11,163,Household,114.44
SKU_014,2024-04-12,161,Household,424.52
SKU_014,2024-04-13,191,Household,434.7
SKU_014,2024-04-14,159,Household,412.29
SKU_014,2024-04-15,151,Household,71.24
SKU_014,2024-04-16,168,Household,119.27
SKU_014,2024-04-17,129,Household,60.97
SKU_014,2024-04-18,132,Household,407.07
SKU_014,2024-04-19,127,Household,269.17
SKU_014,2024-04-20,158,Household,460.93
SKU_014,2024-04-21,171,Household,269.37
SKU_014,2024-04-22,147,Household,384.99
SKU_014,2024-04-23,130,Household,294.92
SKU_014,2024-04-24,141,Household,198.08
SKU_014,2024-04-25,165,Household,455.71
SKU_014,2024-04-26,167,Household,122.32
SKU_014,2024-04-27,178,Household,187.42
SKU_014,2024-04-28,210,Household,433.41
SKU_014,2024-04-29,162,Household,266.85
SKU_014,2024-04-30,165,Household,419.73
SKU_014,2024-05-01,169,Household,296.85
SKU_014,2024-05-02,143,Household,475.0
SKU_014,2024-05-03,132,Household,91.42
SKU_014,2024-05-04,181,Household,351.24
SKU_014,2024-05-05,181,Household,67.06
SKU_014,2024-05-06,142,Household,396.65
SKU_014,2024-05-07,166,Household,419.83
SKU_014,2024-05-08,159,Household,378.57
SKU_014,2024-05-09,149,Household,68.45
SKU_014,2024-05-10,153,Household,65.22
SKU_014,2024-05-11,158,Household,130.17
SKU_014,2024-05-12,161,Household,304.62
SKU_014,2024-05-13,166,Household,432.47
SKU_014,2024-05-14,152,Household,138.06
SKU_014,2024-05-15,170,Household,304.25
SKU_014,2024-05-16,146,Household,68.86
SKU_014,2024-05-17,139,Household,123.12
SKU_014,2024-05-18,182,Household,52.0
SKU_014,2024-05-19,201,Household,284.26
SKU_014,2024-05-20,159,Household,137.77
SKU_014,2024-05-21,164,Household,59.45
SKU_014,2024-05-22,135,Household,427.88
SKU_014,2024-05-23,164,Household,75.79
SKU_014,2024-05-24,161,Household,248.42
SKU_014,2024-05-25,230,Household,456.73
SKU_014,2024-05-26,187,Household,349.46
SKU_014,2024-05-27,151,Household,75.63
SKU_014,2024-05-28,195,Household,451.02
SKU_014,2024-05-29,189,Household,222.67
SKU_014,2024-05-30,179,Household,92.18
SKU_014,2024-05-31,167,Household,267.8
SKU_014,2024-06-01,179,Household,486.1
SKU_014,2024-06-02,204,Household,178.68
SKU_014,2024-06-03,152,Household,195.97
SKU_014,2024-06-04,158,Household,241.18
SKU_014,2024-06-05,138,Household,247.48
SKU_014,2024-06-06,154,Household,152.24
SKU_014,2024-06-07,148,Household,94.17
SKU_014,2024-06-08,198,Household,445.51
SKU_014,2024-06-09,166,Household,474.31
SKU_014,2024-06-10,138,Household,353.52
SKU_014,2024-06-11,171,Household,388.29
SKU_014,2024-06-12,149,Household,341.27
SKU_014,2024-06-13,147,Household,145.64
SKU_014,2024-06-14,136,Household,385.37
SKU_014,2024-06-15,190,Household,247.72
SKU_014,2024-06-16,186,Household,352.01
SKU_014,2024-06-17,153,Household,404.15
SKU_014,2024-06-18,144,Household,222.82
SKU_014,2024-06-19,134,Household,282.89
SKU_014,2024-06-20,132,Household,380.1
SKU_014,2024-06-21,144,Household,232.04
SKU_014,2024-06-22,186,Household,283.7
SKU_014,2024-06-23,200,Household,113.17
SKU_014,2024-06-24,165,Household,382.97
SKU_014,2024-06-25,197,Household,378.53
SKU_014,2024-06-26,156,Household,439.65
SKU_014,2024-06-27,185,Household,322.01
SKU_014,2024-06-28,191,Household,425.57
SKU_014,2024-06-29,222,Household,220.22
SKU_014,2024-06-30,178,Household,197.2
SKU_014,2024-07-01,144,Household,264.54
SKU_014,2024-07-02,133,Household,359.59
SKU_014,2024-07-03,164,Household,98.38
SKU_014,2024-07-04,137,Household,158.44
SKU_014,2024-07-05,163,Household,404.86
SKU_014,2024-07-06,162,Household,203.35
SKU_014,2024-07-07,162,Household,414.39
SKU_014,2024-07-08,140,Household,188.2
SKU_014,2024-07-09,143,Household,383.32
SKU_014,2024-07-10,163,Household,452.39
SKU_014,2024-07-11,165,Household,297.38
SKU_014,2024-07-12,139,Household,227.87
SKU_014,2024-07-13,176,Household,221.65
SKU_014,2024-07-14,160,Household,383.37
SKU_014,2024-07-15,131,Household,290.02
SKU_014,2024-07-16,158,Household,432.12
SKU_014,2024-07-17,157,Household,71.45
SKU_014,2024-07-18,153,Household,122.71
SKU_014,2024-07-19,133,Household,380.56
SKU_014,2024-07-20,183,Household,138.75
SKU_014,2024-07-21,165,Household,219.53
SKU_014,2024-07-22,157,Household,366.01
SKU_014,2024-07-23,141,Household,95.35
SKU_014,2024-07-24,155,Household,209.69
SKU_014,2024-07-25,150,Household,431.43
SKU_014,2024-07-26,169,Household,474.83
SKU_014,2024-07-27,203,Household,237.07
SKU_014,2024-07-28,238,Household,170.91
SKU_014,2024-07-29,172,Household,131.99
SKU_014,2024-07-30,190,Household,185.36
SKU_014,2024-07-31,195,Household,261.07
SKU_014,2024-08-01,156,Household,385.49
SKU_014,2024-08-02,161,Household,343.28
SKU_014,2024-08-03,199,Household,131.86
SKU_014,2024-08-04,185,Household,386.08
SKU_014,2024-08-05,141,Household,109.44
SKU_014,2024-08-06,164,Household,167.44
SKU_014,2024-08-07,166,Household,402.08
SKU_014,2024-08-08,158,Household,291.59
SKU_014,2024-08-09,139,Household,129.08
SKU_014,2024-08-10,195,Household,468.29
SKU_014,2024-08-11,168,Household,139.95
SKU_014,2024-08-12,164,Household,435.92
SKU_014,2024-08-13,161,Household,337.13
SKU_014,2024-08-14,148,Household,92.7
SKU_014,2024-08-15,167,Household,60.72
SKU_014,2024-08-16,156,Household,210.63
SKU_014,2024-08-17,164,Household,186.74
SKU_014,2024-08-18,166,Household,438.8
SKU_014,2024-08-19,153,Household,302.19
SKU_014,2024-08-20,139,Household,491.86
SKU_014,2024-08-21,142,Household,430.57
SKU_014,2024-08-22,127,Household,382.7
SKU_014,2024-08-23,147,Household,395.58
SKU_014,2024-08-24,185,Household,494.81
SKU_014,2024-08-25,200,Household,292.81
SKU_014,2024-08-26,162,Household,76.33
SKU_014,2024-08-27,172,Household,322.03
SKU_014,2024-08-28,196,Household,60.26
SKU_014,2024-08-29,168,Household,189.66
SKU_014,2024-08-30,148,Household,302.88
SKU_014,2024-08-31,214,Household,383.86
SKU_014,2024-09-01,177,Household,386.71
SKU_014,2024-09-02,146,Household,289.02
SKU_014,2024-09-03,165,Household,100.34
SKU_014,2024-09-04,167,Household,121.21
SKU_014,2024-09-05,169,Household,178.37
SKU_014,2024-09-06,163,Household,330.94
SKU_014,2024-09-07,204,Household,484.0
SKU_014,2024-09-08,174,Household,476.66
SKU_014,2024-09-09,165,Household,439.06
SKU_014,2024-09-10,154,Household,98.21
SKU_014,2024-09-11,157,Household,385.68
SKU_014,2024-09-12,127,Household,276.34
SKU_014,2024-09-13,135,Household,270.87
SKU_014,2024-09-14,193,Household,447.1
SKU_014,2024-09-15,201,Household,425.0
SKU_014,2024-09-16,147,Household,383.1
SKU_014,2024-09-17,167,Household,137.72
SKU_014,2024-09-18,154,Household,174.01
SKU_014,2024-09-19,137,Household,107.37
SKU_014,2024-09-20,146,Household,170.7
SKU_014,2024-09-21,159,Household,85.31
SKU_014,2024-09-22,195,Household,465.21
SKU_014,2024-09-23,168,Household,111.72
SKU_014,2024-09-24,141,Household,472.08
SKU_014,2024-09-25,173,Household,84.84
SKU_014,2024-09-26,181,Household,150.45
SKU_014,2024-09-27,182,Household,242.69
SKU_014,2024-09-28,223,Household,287.77
SKU_014,2024-09-29,212,Household,314.16
SKU_014,2024-09-30,150,Household,95.32
SKU_014,2024-10-01,213,Household,489.11
SKU_014,2024-10-02,202,Household,135.0
SKU_014,2024-10-03,170,Household,168.76
SKU_014,2024-10-04,185,Household,113.56
SKU_014,2024-10-05,315,Household,57.28
SKU_014,2024-10-06,395,Household,386.96
SKU_014,2024-10-07,257,Household,194.97
SKU_014,2024-10-08,311,Household,183.6
SKU_014,2024-10-09,311,Household,202.91
SKU_014,2024-10-10,265,Household,230.6
SKU_014,2024-10-11,291,Household,468.73
SKU_014,2024-10-12,507,Household,289.38
SKU_014,2024-10-13,223,Household,79.0
SKU_014,2024-10-14,223,Household,181.59
SKU_014,2024-10-15,182,Household,167.03
SKU_014,2024-10-16,191,Household,409.54
SKU_014,2024-10-17,218,Household,240.25
SKU_014,2024-10-18,204,Household,240.7
SKU_014,2024-10-19,214,Household,423.68
SKU_014,2024-10-20,220,Household,347.98
SKU_014,2024-10-21,176,Household,322.46
SKU_014,2024-10-22,176,Household,97.51
SKU_014,2024-10-23,203,Household,63.62
SKU_014,2024-10-24,218,Household,124.55
SKU_014,2024-10-25,336,Household,89.28
SKU_014,2024-10-26,390,Household,143.06
SKU_014,2024-10-27,423,Household,169.08
SKU_014,2024-10-28,379,Household,389.19
SKU_014,2024-10-29,385,Household,79.87
SKU_014,2024-10-30,357,Household,234.83
SKU_014,2024-10-31,356,Household,450.26
SKU_014,2024-11-01,417,Household,107.26
SKU_014,2024-11-02,209,Household,288.09
SKU_014,2024-11-03,244,Household,471.5
SKU_014,2024-11-04,172,Household,275.28
SKU_014,2024-11-05,181,Household,250.37
SKU_014,2024-11-06,168,Household,430.08
SKU_014,2024-11-07,186,Household,377.26
SKU_014,2024-11-08,200,Household,159.07
SKU_014,2024-11-09,212,Household,82.88
SKU_014,2024-11-10,199,Household,198.72
SKU_014,2024-11-11,170,Household,111.08
SKU_014,2024-11-12,185,Household,437.88
SKU_014,2024-11-13,210,Household,378.43
SKU_014,2024-11-14,222,Household,431.97
SKU_014,2024-11-15,193,Household,486.43
SKU_014,2024-11-16,231,Household,312.44
SKU_014,2024-11-17,204,Household,91.31
SKU_014,2024-11-18,210,Household,105.25
SKU_014,2024-11-19,220,Household,382.23
SKU_014,2024-11-20,176,Household,223.57
SKU_014,2024-11-21,192,Household,462.15
SKU_014,2024-11-22,208,Household,162.54
SKU_014,2024-11-23,206,Household,379.82
SKU_014,2024-11-24,230,Household,165.84
SKU_014,2024-11-25,212,Household,51.41
SKU_014,2024-11-26,211,Household,224.5
SKU_014,2024-11-27,244,Household,437.31
SKU_014,2024-11-28,249,Household,221.4
SKU_014,2024-11-29,249,Household,203.33
SKU_014,2024-11-30,293,Household,344.89
SKU_014,2024-12-01,255,Household,316.24
SKU_014,2024-12-02,165,Household,401.8
SKU_014,2024-12-03,196,Household,434.47
SKU_014,2024-12-04,214,Household,422.48
SKU_014,2024-12-05,190,Household,407.74
SKU_014,2024-12-06,193,Household,391.15
SKU_014,2024-12-07,256,Household,397.64
SKU_014,2024-12-08,232,Household,404.26
SKU_014,2024-12-09,179,Household,55.81
SKU_014,2024-12-10,195,Household,305.38
SKU_014,2024-12-11,178,Household,198.03
SKU_014,2024-12-12,217,Household,224.75
SKU_014,2024-12-13,195,Household,156.15
SKU_014,2024-12-14,252,Household,73.95
SKU_014,2024-12-15,248,Household,151.37
SKU_014,2024-12-16,185,Household,231.44
SKU_014,2024-12-17,207,Household,365.42
SKU_014,2024-12-18,206,Household,395.53
SKU_014,2024-12-19,188,Household,104.72
SKU_014,2024-12-20,204,Household,165.3
SKU_014,2024-12-21,234,Household,299.29
SKU_014,2024-12-22,214,Household,74.46
SKU_014,2024-12-23,181,Household,192.19
SKU_014,2024-12-24,175,Household,447.01
SKU_014,2024-12-25,220,Household,462.17
SKU_014,2024-12-26,224,Household,428.74
SKU_014,2024-12-27,256,Household,97.54
SKU_014,2024-12-28,290,Household,296.63
SKU_014,2024-12-29,243,Household,478.33
SKU_014,2024-12-30,220,Household,181.41
SKU_014,2024-12-31,223,Household,257.06
SKU_015,2023-01-01,123,Personal Care,228.92
SKU_015,2023-01-02,94,Personal Care,305.03
SKU_015,2023-01-03,84,Personal Care,133.81
SKU_015,2023-01-04,91,Personal Care,262.72
SKU_015,2023-01-05,79,Personal Care,476.58
SKU_015,2023-01-06,87,Personal Care,464.05
SKU_015,2023-01-07,102,Personal Care,219.23
SKU_015,2023-01-08,116,Personal Care,468.93
SKU_015,2023-01-09,92,Personal Care,135.82
SKU_015,2023-01-10,105,Personal Care,283.92
SKU_015,2023-01-11,90,Personal Care,439.06
SKU_015,2023-01-12,99,Personal Care,226.09
SKU_015,2023-01-13,89,Personal Care,240.86
SKU_015,2023-01-14,93,Personal Care,483.1
SKU_015,2023-01-15,98,Personal Care,164.02
SKU_015,2023-01-16,89,Personal Care,187.25
SKU_015,2023-01-17,88,Personal Care,228.76
SKU_015,2023-01-18,79,Personal Care,194.06
SKU_015,2023-01-19,86,Personal Care,260.4
SKU_015,2023-01-20,81,Personal Care,341.79
SKU_015,2023-01-21,105,Personal Care,438.33
SKU_015,2023-01-22,94,Personal Care,171.43
SKU_015,2023-01-23,79,Personal Care,66.87
SKU_015,2023-01-24,78,Personal Care,420.8
SKU_015,2023-01-25,102,Personal Care,111.54
SKU_015,2023-01-26,92,Personal Care,423.88
SKU_015,2023-01-27,97,Personal Care,392.07
SKU_015,2023-01-28,134,Personal Care,178.38
SKU_015,2023-01-29,116,Personal Care,72.31
SKU_015,2023-01-30,98,Personal Care,118.98
SKU_015,2023-01-31,106,Personal Care,489.15
SKU_015,2023-02-01,103,Personal Care,353.78
SKU_015,2023-02-02,80,Personal Care,479.36
SKU_015,2023-02-03,86,Personal Care,221.23
SKU_015,2023-02-04,119,Personal Care,321.14
SKU_015,2023-02-05,105,Personal Care,167.7
SKU_015,2023-02-06,105,Personal Care,116.58
SKU_015,2023-02-07,100,Personal Care,108.29
SKU_015,2023-02-08,79,Personal Care,449.66
SKU_015,2023-02-09,96,Personal Care,168.8
SKU_015,2023-02-10,84,Personal Care,202.33
SKU_015,2023-02-11,123,Personal Care,320.22
SKU_015,2023-02-12,120,Personal Care,420.26
SKU_015,2023-02-13,78,Personal Care,337.84
SKU_015,2023-02-14,82,Personal Care,263.48
SKU_015,2023-02-15,88,Personal Care,457.78
SKU_015,2023-02-16,99,Personal Care,137.34
SKU_015,2023-02-17,82,Personal Care,241.57
SKU_015,2023-02-18,101,Personal Care,283.55
SKU_015,2023-02-19,93,Personal Care,195.0
SKU_015,2023-02-20,79,Personal Care,362.45
SKU_015,2023-02-21,82,Personal Care,142.04
SKU_015,2023-02-22,94,Personal Care,227.77
SKU_015,2023-02-23,103,Personal Care,256.79
SKU_015,2023-02-24,79,Personal Care,347.96
SKU_015,2023-02-25,108,Personal Care,448.8
SKU_015,2023-02-26,127,Personal Care,117.94
SKU_015,2023-02-27,107,Personal Care,246.31
SKU_015,2023-02-28,107,Personal Care,70.5
SKU_015,2023-03-01,88,Personal Care,96.18
SKU_015,2023-03-02,103,Personal Care,266.68
SKU_015,2023-03-03,80,Personal Care,153.8
SKU_015,2023-03-04,114,Personal Care,435.73
SKU_015,2023-03-05,115,Personal Care,347.13
SKU_015,2023-03-06,83,Personal Care,66.0
SKU_015,2023-03-07,85,Personal Care,83.22
SKU_015,2023-03-08,84,Personal Care,275.74
SKU_015,2023-03-09,92,Personal Care,306.87
SKU_015,2023-03-10,91,Personal Care,298.54
SKU_015,2023-03-11,108,Personal Care,325.1
SKU_015,2023-03-12,119,Personal Care,350.63
SKU_015,2023-03-13,78,Personal Care,81.0
SKU_015,2023-03-14,95,Personal Care,386.8
SKU_015,2023-03-15,90,Personal Care,488.38
SKU_015,2023-03-16,80,Personal Care,324.22
SKU_015,2023-03-17,86,Personal Care,245.38
SKU_015,2023-03-18,102,Personal Care,181.55
SKU_015,2023-03-19,97,Personal Care,435.05
SKU_015,2023-03-20,87,Personal Care,73.21
SKU_015,2023-03-21,101,Personal Care,62.71
SKU_015,2023-03-22,100,Personal Care,95.36
SKU_015,2023-03-23,83,Personal Care,178.87
SKU_015,2023-03-24,89,Personal Care,313.8
SKU_015,2023-03-25,126,Personal Care,448.71
SKU_015,2023-03-26,145,Personal Care,138.51
SKU_015,2023-03-27,92,Personal Care,318.62
SKU_015,2023-03-28,100,Personal Care,298.5
SKU_015,2023-03-29,91,Personal Care,297.69
SKU_015,2023-03-30,100,Personal Care,438.66
SKU_015,2023-03-31,101,Personal Care,402.78
SKU_015,2023-04-01,107,Personal Care,344.7
SKU_015,2023-04-02,116,Personal Care,290.36
SKU_015,2023-04-03,95,Personal Care,247.3
SKU_015,2023-04-04,83,Personal Care,495.71
SKU_015,2023-04-05,104,Personal Care,224.55
SKU_015,2023-04-06,99,Personal Care,367.3
SKU_015,2023-04-07,102,Personal Care,422.43
SKU_015,2023-04-08,124,Personal Care,152.31
SKU_015,2023-04-09,105,Personal Care,451.27
SKU_015,2023-04-10,92,Personal Care,449.5
SKU_015,2023-04-11,101,Personal Care,311.21
SKU_015,2023-04-12,99,Personal Care,342.63
SKU_015,2023-04-13,82,Personal Care,405.45
SKU_015,2023-04-14,88,Personal Care,137.35
SKU_015,2023-04-15,118,Personal Care,334.69
SKU_015,2023-04-16,102,Personal Care,283.4
SKU_015,2023-04-17,94,Personal Care,300.81
SKU_015,2023-04-18,84,Personal Care,233.16
SKU_015,2023-04-19,104,Personal Care,217.03
SKU_015,2023-04-20,102,Personal Care,365.67
SKU_015,2023-04-21,100,Personal Care,113.54
SKU_015,2023-04-22,100,Personal Care,191.04
SKU_015,2023-04-23,103,Personal Care,221.28
SKU_015,2023-04-24,105,Personal Care,469.22
SKU_015,2023-04-25,96,Personal Care,271.22
SKU_015,2023-04-26,94,Personal Care,124.04
SKU_015,2023-04-27,111,Personal Care,123.92
SKU_015,2023-04-28,106,Personal Care,285.32
SKU_015,2023-04-29,136,Personal Care,322.86
SKU_015,2023-04-30,144,Personal Care,466.82
SKU_015,2023-05-01,84,Personal Care,256.19
SKU_015,2023-05-02,79,Personal Care,164.3
SKU_015,2023-05-03,105,Personal Care,347.98
SKU_015,2023-05-04,104,Personal Care,390.6
SKU_015,2023-05-05,80,Personal Care,118.68
SKU_015,2023-05-06,124,Personal Care,221.4
SKU_015,2023-05-07,108,Personal Care,229.67
SKU_015,2023-05-08,82,Personal Care,278.21
SKU_015,2023-05-09,95,Personal Care,331.73
SKU_015,2023-05-10,83,Personal Care,122.87
SKU_015,2023-05-11,102,Personal Care,272.6
SKU_015,2023-05-12,100,Personal Care,148.88
SKU_015,2023-05-13,94,Personal Care,350.56
SKU_015,2023-05-14,110,Personal Care,362.15
SKU_015,2023-05-15,87,Personal Care,231.76
SKU_015,2023-05-16,105,Personal Care,411.36
SKU_015,2023-05-17,98,Personal Care,50.25
SKU_015,2023-05-18,90,Personal Care,268.38
SKU_015,2023-05-19,90,Personal Care,148.45
SKU_015,2023-05-20,110,Personal Care,364.16
SKU_015,2023-05-21,122,Personal Care,67.16
SKU_015,2023-05-22,78,Personal Care,217.08
SKU_015,2023-05-23,88,Personal Care,103.83
SKU_015,2023-05-24,98,Personal Care,202.05
SKU_015,2023-05-25,109,Personal Care,439.19
SKU_015,2023-05-26,92,Personal Care,406.08
SKU_015,2023-05-27,143,Personal Care,274.45
SKU_015,2023-05-28,126,Personal Care,351.02
SKU_015,2023-05-29,114,Personal Care,226.37
SKU_015,2023-05-30,103,Personal Care,403.7
SKU_015,2023-05-31,94,Personal Care,124.9
SKU_015,2023-06-01,99,Personal Care,445.85
SKU_015,2023-06-02,104,Personal Care,240.25
SKU_015,2023-06-03,114,Personal Care,390.0
SKU_015,2023-06-04,100,Personal Care,216.31
SKU_015,2023-06-05,80,Personal Care,213.07
SKU_015,2023-06-06,96,Personal Care,197.23
SKU_015,2023-06-07,96,Personal Care,136.84
SKU_015,2023-06-08,91,Personal Care,486.44
SKU_015,2023-06-09,90,Personal Care,381.87
SKU_015,2023-06-10,107,Personal Care,251.64
SKU_015,2023-06-11,124,Personal Care,428.93
SKU_015,2023-06-12,84,Personal Care,385.79
SKU_015,2023-06-13,98,Personal Care,490.34
SKU_015,2023-06-14,83,Personal Care,386.78
SKU_015,2023-06-15,84,Personal Care,234.84
SKU_015,2023-06-16,83,Personal Care,398.35
SKU_015,2023-06-17,124,Personal Care,411.65
SKU_015,2023-06-18,110,Personal Care,172.17
SKU_015,2023-06-19,79,Personal Care,493.6
SKU_015,2023-06-20,94,Personal Care,242.99
SKU_015,2023-06-21,81,Personal Care,325.13
SKU_015,2023-06-22,87,Personal Care,309.89
SKU_015,2023-06-23,104,Personal Care,275.84
SKU_015,2023-06-24,100,Personal Care,180.69
SKU_015,2023-06-25,135,Personal Care,378.4
SKU_015,2023-06-26,104,Personal Care,353.73
SKU_015,2023-06-27,119,Personal Care,259.24
SKU_015,2023-06-28,97,Personal Care,320.99
SKU_015,2023-06-29,116,Personal Care,235.44
SKU_015,2023-06-30,90,Personal Care,202.73
SKU_015,2023-07-01,98,Personal Care,204.81
SKU_015,2023-07-02,121,Personal Care,202.13
SKU_015,2023-07-03,87,Personal Care,460.03
SKU_015,2023-07-04,87,Personal Care,220.13
SKU_015,2023-07-05,95,Personal Care,201.76
SKU_015,2023-07-06,78,Personal Care,430.42
SKU_015,2023-07-07,93,Personal Care,114.62
SKU_015,2023-07-08,116,Personal Care,346.76
SKU_015,2023-07-09,121,Personal Care,86.08
SKU_015,2023-07-10,94,Personal Care,92.54
SKU_015,2023-07-11,98,Personal Care,121.43
SKU_015,2023-07-12,89,Personal Care,80.18
SKU_015,2023-07-13,99,Personal Care,114.32
SKU_015,2023-07-14,79,Personal Care,252.52
SKU_015,2023-07-15,122,Personal Care,194.67
SKU_015,2023-07-16,94,Personal Care,261.21
SKU_015,2023-07-17,99,Personal Care,281.65
SKU_015,2023-07-18,98,Personal Care,443.89
SKU_015,2023-07-19,87,Personal Care,265.76
SKU_015,2023-07-20,97,Personal Care,111.68
SKU_015,2023-07-21,94,Personal Care,199.07
SKU_015,2023-07-22,104,Personal Care,212.14
SKU_015,2023-07-23,107,Personal Care,463.75
SKU_015,2023-07-24,93,Personal Care,344.52
SKU_015,2023-07-25,118,Personal Care,143.35
SKU_015,2023-07-26,100,Personal Care,264.2
SKU_015,2023-07-27,115,Personal Care,171.82
SKU_015,2023-07-28,102,Personal Care,434.1
SKU_015,2023-07-29,121,Personal Care,109.17
SKU_015,2023-07-30,143,Personal Care,237.58
SKU_015,2023-07-31,108,Personal Care,270.28
SKU_015,2023-08-01,85,Personal Care,475.92
SKU_015,2023-08-02,84,Personal Care,328.66
SKU_015,2023-08-03,79,Personal Care,177.12
SKU_015,2023-08-04,103,Personal Care,190.93
SKU_015,2023-08-05,123,Personal Care,470.86
SKU_015,2023-08-06,125,Personal Care,400.53
SKU_015,2023-08-07,103,Personal Care,256.8
SKU_015,2023-08-08,80,Personal Care,62.35
SKU_015,2023-08-09,91,Personal Care,60.78
SKU_015,2023-08-10,90,Personal Care,257.32
SKU_015,2023-08-11,97,Personal Care,444.81
SKU_015,2023-08-12,103,Personal Care,122.12
SKU_015,2023-08-13,126,Personal Care,470.9
SKU_015,2023-08-14,102,Personal Care,234.8
SKU_015,2023-08-15,86,Personal Care,149.57
SKU_015,2023-08-16,101,Personal Care,395.36
SKU_015,2023-08-17,82,Personal Care,207.63
SKU_015,2023-08-18,82,Personal Care,314.42
SKU_015,2023-08-19,96,Personal Care,360.08
SKU_015,2023-08-20,106,Personal Care,474.63
SKU_015,2023-08-21,80,Personal Care,221.35
SKU_015,2023-08-22,92,Personal Care,385.9
SKU_015,2023-08-23,99,Personal Care,130.51
SKU_015,2023-08-24,81,Personal Care,277.37
SKU_015,2023-08-25,101,Personal Care,97.4
SKU_015,2023-08-26,131,Personal Care,128.04
SKU_015,2023-08-27,141,Personal Care,92.14
SKU_015,2023-08-28,115,Personal Care,207.36
SKU_015,2023-08-29,115,Personal Care,107.1
SKU_015,2023-08-30,108,Personal Care,414.45
SKU_015,2023-08-31,97,Personal Care,420.28
SKU_015,2023-09-01,90,Personal Care,403.3
SKU_015,2023-09-02,120,Personal Care,193.24
SKU_015,2023-09-03,111,Personal Care,137.02
SKU_015,2023-09-04,95,Personal Care,159.0
SKU_015,2023-09-05,87,Personal Care,108.54
SKU_015,2023-09-06,99,Personal Care,336.07
SKU_015,2023-09-07,101,Personal Care,470.17
SKU_015,2023-09-08,97,Personal Care,488.49
SKU_015,2023-09-09,126,Personal Care,340.01
SKU_015,2023-09-10,111,Personal Care,299.99
SKU_015,2023-09-11,88,Personal Care,140.38
SKU_015,2023-09-12,94,Personal Care,147.88
SKU_015,2023-09-13,97,Personal Care,204.43
SKU_015,2023-09-14,102,Personal Care,455.84
SKU_015,2023-09-15,79,Personal Care,194.52
SKU_015,2023-09-16,101,Personal Care,62.99
SKU_015,2023-09-17,120,Personal Care,351.83
SKU_015,2023-09-18,98,Personal Care,115.41
SKU_015,2023-09-19,100,Personal Care,482.32
SKU_015,2023-09-20,91,Personal Care,435.46
SKU_015,2023-09-21,97,Personal Care,366.03
SKU_015,2023-09-22,85,Personal Care,453.62
SKU_015,2023-09-23,101,Personal Care,57.94
SKU_015,2023-09-24,108,Personal Care,328.6
SKU_015,2023-09-25,116,Personal Care,108.22
SKU_015,2023-09-26,91,Personal Care,332.83
SKU_015,2023-09-27,100,Personal Care,201.2
SKU_015,2023-09-28,118,Personal Care,91.26
SKU_015,2023-09-29,100,Personal Care,139.46
SKU_015,2023-09-30,133,Personal Care,396.31
SKU_015,2023-10-01,140,Personal Care,127.42
SKU_015,2023-10-02,136,Personal Care,497.84
SKU_015,2023-10-03,116,Personal Care,471.31
SKU_015,2023-10-04,124,Personal Care,415.1
SKU_015,2023-10-05,117,Personal Care,69.75
SKU_015,2023-10-06,134,Personal Care,387.21
SKU_015,2023-10-07,130,Personal Care,269.01
SKU_015,2023-10-08,214,Personal Care,325.44
SKU_015,2023-10-09,175,Personal Care,178.27
SKU_015,2023-10-10,162,Personal Care,357.96
SKU_015,2023-10-11,174,Personal Care,424.84
SKU_015,2023-10-12,178,Personal Care,138.19
SKU_015,2023-10-13,166,Personal Care,118.96
SKU_015,2023-10-14,243,Personal Care,341.51
SKU_015,2023-10-15,370,Personal Care,127.64
SKU_015,2023-10-16,136,Personal Care,277.26
SKU_015,2023-10-17,203,Personal Care,236.68
SKU_015,2023-10-18,173,Personal Care,364.61
SKU_015,2023-10-19,166,Personal Care,155.79
SKU_015,2023-10-20,199,Personal Care,210.26
SKU_015,2023-10-21,197,Personal Care,438.28
SKU_015,2023-10-22,204,Personal Care,91.95
SKU_015,2023-10-23,155,Personal Care,57.71
SKU_015,2023-10-24,322,Personal Care,470.04
SKU_015,2023-10-25,152,Personal Care,401.64
SKU_015,2023-10-26,131,Personal Care,427.25
SKU_015,2023-10-27,157,Personal Care,268.85
SKU_015,2023-10-28,143,Personal Care,319.86
SKU_015,2023-10-29,144,Personal Care,210.19
SKU_015,2023-10-30,146,Personal Care,450.07
SKU_015,2023-10-31,127,Personal Care,112.12
SKU_015,2023-11-01,119,Personal Care,64.74
SKU_015,2023-11-02,103,Personal Care,166.25
SKU_015,2023-11-03,126,Personal Care,343.89
SKU_015,2023-11-04,155,Personal Care,203.29
SKU_015,2023-11-05,131,Personal Care,432.08
SKU_015,2023-11-06,117,Personal Care,468.21
SKU_015,2023-11-07,109,Personal Care,405.55
SKU_015,2023-11-08,125,Personal Care,121.31
SKU_015,2023-11-09,118,Personal Care,490.71
SKU_015,2023-11-10,134,Personal Care,79.42
SKU_015,2023-11-11,124,Personal Care,477.08
SKU_015,2023-11-12,162,Personal Care,280.34
SKU_015,2023-11-13,124,Personal Care,239.43
SKU_015,2023-11-14,126,Personal Care,91.26
SKU_015,2023-11-15,111,Personal Care,71.48
SKU_015,2023-11-16,128,Personal Care,347.36
SKU_015,2023-11-17,122,Personal Care,199.52
SKU_015,2023-11-18,143,Personal Care,325.48
SKU_015,2023-11-19,130,Personal Care,331.84
SKU_015,2023-11-20,127,Personal Care,242.11
SKU_015,2023-11-21,102,Personal Care,315.81
SKU_015,2023-11-22,131,Personal Care,495.12
SKU_015,2023-11-23,108,Personal Care,290.42
SKU_015,2023-11-24,101,Personal Care,132.34
SKU_015,2023-11-25,173,Personal Care,284.0
SKU_015,2023-11-26,152,Personal Care,419.59
SKU_015,2023-11-27,147,Personal Care,383.53
SKU_015,2023-11-28,142,Personal Care,190.05
SKU_015,2023-11-29,158,Personal Care,335.66
SKU_015,2023-11-30,121,Personal Care,425.55
SKU_015,2023-12-01,130,Personal Care,317.99
SKU_015,2023-12-02,156,Personal Care,418.36
SKU_015,2023-12-03,135,Personal Care,291.47
SKU_015,2023-12-04,108,Personal Care,70.51
SKU_015,2023-12-05,135,Personal Care,123.38
SKU_015,2023-12-06,128,Personal Care,384.83
SKU_015,2023-12-07,113,Personal Care,431.72
SKU_015,2023-12-08,108,Personal Care,358.92
SKU_015,2023-12-09,155,Personal Care,283.04
SKU_015,2023-12-10,155,Personal Care,456.27
SKU_015,2023-12-11,133,Personal Care,241.19
SKU_015,2023-12-12,116,Personal Care,468.45
SKU_015,2023-12-13,104,Personal Care,380.79
SKU_015,2023-12-14,117,Personal Care,313.28
SKU_015,2023-12-15,129,Personal Care,287.35
SKU_015,2023-12-16,161,Personal Care,387.91
SKU_015,2023-12-17,123,Personal Care,301.6
SKU_015,2023-12-18,122,Personal Care,181.42
SKU_015,2023-12-19,131,Personal Care,226.17
SKU_015,2023-12-20,128,Personal Care,146.93
SKU_015,2023-12-21,108,Personal Care,172.9
SKU_015,2023-12-22,119,Personal Care,222.18
SKU_015,2023-12-23,123,Personal Care,157.09
SKU_015,2023-12-24,145,Personal Care,465.27
SKU_015,2023-12-25,134,Personal Care,387.61
SKU_015,2023-12-26,150,Personal Care,445.97
SKU_015,2023-12-27,134,Personal Care,170.85
SKU_015,2023-12-28,121,Personal Care,414.88
SKU_015,2023-12-29,150,Personal Care,270.69
SKU_015,2023-12-30,154,Personal Care,54.29
SKU_015,2023-12-31,179,Personal Care,441.35
SKU_015,2024-01-01,88,Personal Care,67.64
SKU_015,2024-01-02,86,Personal Care,495.99
SKU_015,2024-01-03,95,Personal Care,246.02
SKU_015,2024-01-04,86,Personal Care,460.87
SKU_015,2024-01-05,94,Personal Care,202.58
SKU_015,2024-01-06,94,Personal Care,345.33
SKU_015,2024-01-07,102,Personal Care,117.22
SKU_015,2024-01-08,147,Personal Care,108.44
SKU_015,2024-01-09,120,Personal Care,102.08
SKU_015,2024-01-10,130,Personal Care,243.07
SKU_015,2024-01-11,145,Personal Care,154.87
SKU_015,2024-01-12,151,Personal Care,493.3
SKU_015,2024-01-13,146,Personal Care,154.4
SKU_015,2024-01-14,170,Personal Care,433.06
SKU_015,2024-01-15,203,Personal Care,135.73
SKU_015,2024-01-16,99,Personal Care,215.17
SKU_015,2024-01-17,92,Personal Care,278.63
SKU_015,2024-01-18,101,Personal Care,319.76
SKU_015,2024-01-19,100,Personal Care,424.0
SKU_015,2024-01-20,118,Personal Care,483.27
SKU_015,2024-01-21,96,Personal Care,185.48
SKU_015,2024-01-22,82,Personal Care,338.33
SKU_015,2024-01-23,81,Personal Care,333.48
SKU_015,2024-01-24,101,Personal Care,311.59
SKU_015,2024-01-25,95,Personal Care,88.5
SKU_015,2024-01-26,103,Personal Care,210.46
SKU_015,2024-01-27,110,Personal Care,327.7
SKU_015,2024-01-28,120,Personal Care,319.95
SKU_015,2024-01-29,111,Personal Care,56.11
SKU_015,2024-01-30,98,Personal Care,174.41
SKU_015,2024-01-31,112,Personal Care,190.2
SKU_015,2024-02-01,102,Personal Care,201.43
SKU_015,2024-02-02,80,Personal Care,385.1
SKU_015,2024-02-03,110,Personal Care,361.64
SKU_015,2024-02-04,120,Personal Care,367.99
SKU_015,2024-02-05,84,Personal Care,301.72
SKU_015,2024-02-06,103,Personal Care,53.14
SKU_015,2024-02-07,103,Personal Care,373.14
SKU_015,2024-02-08,92,Personal Care,370.65
SKU_015,2024-02-09,79,Personal Care,461.68
SKU_015,2024-02-10,101,Personal Care,228.71
SKU_015,2024-02-11,110,Personal Care,400.23
SKU_015,2024-02-12,91,Personal Care,149.88
SKU_015,2024-02-13,103,Personal Care,409.55
SKU_015,2024-02-14,88,Personal Care,224.03
SKU_015,2024-02-15,80,Personal Care,50.98
SKU_015,2024-02-16,96,Personal Care,415.15
SKU_015,2024-02-17,123,Personal Care,471.72
SKU_015,2024-02-18,113,Personal Care,487.14
SKU_015,2024-02-19,92,Personal Care,81.94
SKU_015,2024-02-20,88,Personal Care,89.2
SKU_015,2024-02-21,90,Personal Care,271.41
SKU_015,2024-02-22,88,Personal Care,59.87
SKU_015,2024-02-23,83,Personal Care,244.5
SKU_015,2024-02-24,99,Personal Care,113.17
SKU_015,2024-02-25,143,Personal Care,419.72
SKU_015,2024-02-26,90,Personal Care,103.6
SKU_015,2024-02-27,91,Personal Care,497.45
SKU_015,2024-02-28,96,Personal Care,418.03
SKU_015,2024-02-29,117,Personal Care,355.18
SKU_015,2024-03-01,105,Personal Care,89.7
SKU_015,2024-03-02,126,Personal Care,153.76
SKU_015,2024-03-03,114,Personal Care,449.8
SKU_015,2024-03-04,84,Personal Care,277.18
SKU_015,2024-03-05,83,Personal Care,158.21
SKU_015,2024-03-06,101,Personal Care,400.58
SKU_015,2024-03-07,92,Personal Care,385.28
SKU_015,2024-03-08,80,Personal Care,149.28
SKU_015,2024-03-09,96,Personal Care,214.35
SKU_015,2024-03-10,110,Personal Care,288.12
SKU_015,2024-03-11,91,Personal Care,275.55
SKU_015,2024-03-12,103,Personal Care,94.13
SKU_015,2024-03-13,87,Personal Care,327.65
SKU_015,2024-03-14,82,Personal Care,239.77
SKU_015,2024-03-15,82,Personal Care,377.38
SKU_015,2024-03-16,97,Personal Care,100.03
SKU_015,2024-03-17,110,Personal Care,420.52
SKU_015,2024-03-18,83,Personal Care,233.18
SKU_015,2024-03-19,89,Personal Care,472.15
SKU_015,2024-03-20,99,Personal Care,216.67
SKU_015,2024-03-21,97,Personal Care,359.86
SKU_015,2024-03-22,79,Personal Care,100.64
SKU_015,2024-03-23,121,Personal Care,380.45
SKU_015,2024-03-24,108,Personal Care,308.71
SKU_015,2024-03-25,96,Personal Care,132.44
SKU_015,2024-03-26,113,Personal Care,385.5
SKU_015,2024-03-27,92,Personal Care,427.5
SKU_015,2024-03-28,110,Personal Care,289.33
SKU_015,2024-03-29,95,Personal Care,100.86
SKU_015,2024-03-30,138,Personal Care,128.9
SKU_015,2024-03-31,135,Personal Care,303.14
SKU_015,2024-04-01,89,Personal Care,417.37
SKU_015,2024-04-02,81,Personal Care,270.79
SKU_015,2024-04-03,79,Personal Care,197.38
SKU_015,2024-04-04,82,Personal Care,124.73
SKU_015,2024-04-05,83,Personal Care,278.92
SKU_015,2024-04-06,101,Personal Care,314.07
SKU_015,2024-04-07,118,Personal Care,111.33
SKU_015,2024-04-08,84,Personal Care,249.55
SKU_015,2024-04-09,91,Personal Care,381.19
SKU_015,2024-04-10,102,Personal Care,434.2
SKU_015,2024-04-11,101,Personal Care,128.88
SKU_015,2024-04-12,104,Personal Care,74.78
SKU_015,2024-04-13,113,Personal Care,400.73
SKU_015,2024-04-14,126,Personal Care,55.12
SKU_015,2024-04-15,99,Personal Care,69.26
SKU_015,2024-04-16,102,Personal Care,226.21
SKU_015,2024-04-17,87,Personal Care,259.69
SKU_015,2024-04-18,95,Personal Care,474.3
SKU_015,2024-04-19,86,Personal Care,275.2
SKU_015,2024-04-20,99,Personal Care,331.84
SKU_015,2024-04-21,114,Personal Care,255.79
SKU_015,2024-04-22,93,Personal Care,71.5
SKU_015,2024-04-23,88,Personal Care,478.37
SKU_015,2024-04-24,88,Personal Care,97.42
SKU_015,2024-04-25,96,Personal Care,176.82
SKU_015,2024-04-26,104,Personal Care,284.36
SKU_015,2024-04-27,143,Personal Care,205.35
SKU_015,2024-04-28,142,Personal Care,274.75
SKU_015,2024-04-29,99,Personal Care,170.45
SKU_015,2024-04-30,110,Personal Care,200.57
SKU_015,2024-05-01,96,Personal Care,391.11
SKU_015,2024-05-02,100,Personal Care,236.07
SKU_015,2024-05-03,103,Personal Care,351.35
SKU_015,2024-05-04,109,Personal Care,325.03
SKU_015,2024-05-05,113,Personal Care,310.39
SKU_015,2024-05-06,80,Personal Care,457.49
SKU_015,2024-05-07,96,Personal Care,193.85
SKU_015,2024-05-08,79,Personal Care,210.29
SKU_015,2024-05-09,94,Personal Care,126.47
SKU_015,2024-05-10,87,Personal Care,73.33
SKU_015,2024-05-11,118,Personal Care,327.59
SKU_015,2024-05-12,125,Personal Care,182.42
SKU_015,2024-05-13,86,Personal Care,279.36
SKU_015,2024-05-14,104,Personal Care,398.38
SKU_015,2024-05-15,93,Personal Care,309.07
SKU_015,2024-05-16,101,Personal Care,430.4
SKU_015,2024-05-17,79,Personal Care,159.34
SKU_015,2024-05-18,109,Personal Care,106.66
SKU_015,2024-05-19,113,Personal Care,216.5
SKU_015,2024-05-20,101,Personal Care,198.61
SKU_015,2024-05-21,98,Personal Care,396.38
SKU_015,2024-05-22,99,Personal Care,123.57
SKU_015,2024-05-23,85,Personal Care,191.87
SKU_015,2024-05-24,88,Personal Care,325.91
SKU_015,2024-05-25,145,Personal Care,441.81
SKU_015,2024-05-26,137,Personal Care,375.7
SKU_015,2024-05-27,108,Personal Care,365.51
SKU_015,2024-05-28,120,Personal Care,219.31
SKU_015,2024-05-29,112,Personal Care,88.33
SKU_015,2024-05-30,114,Personal Care,189.99
SKU_015,2024-05-31,90,Personal Care,316.0
SKU_015,2024-06-01,110,Personal Care,322.6
SKU_015,2024-06-02,110,Personal Care,454.16
SKU_015,2024-06-03,104,Personal Care,488.89
SKU_015,2024-06-04,86,Personal Care,329.39
SKU_015,2024-06-05,96,Personal Care,163.86
SKU_015,2024-06-06,78,Personal Care,62.45
SKU_015,2024-06-07,93,Personal Care,88.18
SKU_015,2024-06-08,113,Personal Care,268.95
SKU_015,2024-06-09,99,Personal Care,407.54
SKU_015,2024-06-10,80,Personal Care,74.03
SKU_015,2024-06-11,91,Personal Care,187.98
SKU_015,2024-06-12,95,Personal Care,403.6
SKU_015,2024-06-13,89,Personal Care,324.9
SKU_015,2024-06-14,78,Personal Care,382.23
SKU_015,2024-06-15,101,Personal Care,239.37
SKU_015,2024-06-16,118,Personal Care,278.12
SKU_015,2024-06-17,90,Personal Care,386.56
SKU_015,2024-06-18,90,Personal Care,488.76
SKU_015,2024-06-19,91,Personal Care,110.53
SKU_015,2024-06-20,91,Personal Care,424.56
SKU_015,2024-06-21,105,Personal Care,387.78
SKU_015,2024-06-22,113,Personal Care,460.95
SKU_015,2024-06-23,98,Personal Care,425.52
SKU_015,2024-06-24,97,Personal Care,145.07
SKU_015,2024-06-25,109,Personal Care,438.19
SKU_015,2024-06-26,113,Personal Care,487.82
SKU_015,2024-06-27,117,Personal Care,305.22
SKU_015,2024-06-28,105,Personal Care,152.78
SKU_015,2024-06-29,118,Personal Care,158.87
SKU_015,2024-06-30,132,Personal Care,133.59
SKU_015,2024-07-01,80,Personal Care,448.52
SKU_015,2024-07-02,93,Personal Care,237.98
SKU_015,2024-07-03,101,Personal Care,492.52
SKU_015,2024-07-04,99,Personal Care,161.77
SKU_015,2024-07-05,98,Personal Care,387.76
SKU_015,2024-07-06,100,Personal Care,470.26
SKU_015,2024-07-07,108,Personal Care,408.18
SKU_015,2024-07-08,86,Personal Care,89.41
SKU_015,2024-07-09,101,Personal Care,298.72
SKU_015,2024-07-10,102,Personal Care,291.93
SKU_015,2024-07-11,78,Personal Care,352.52
SKU_015,2024-07-12,80,Personal Care,338.35
SKU_015,2024-07-13,101,Personal Care,67.39
SKU_015,2024-07-14,126,Personal Care,127.77
SKU_015,2024-07-15,91,Personal Care,490.2
SKU_015,2024-07-16,93,Personal Care,370.39
SKU_015,2024-07-17,88,Personal Care,197.41
SKU_015,2024-07-18,99,Personal Care,186.99
SKU_015,2024-07-19,79,Personal Care,279.18
SKU_015,2024-07-20,98,Personal Care,443.59
SKU_015,2024-07-21,95,Personal Care,103.07
SKU_015,2024-07-22,88,Personal Care,456.58
SKU_015,2024-07-23,87,Personal Care,218.43
SKU_015,2024-07-24,91,Personal Care,182.1
SKU_015,2024-07-25,99,Personal Care,438.13
SKU_015,2024-07-26,113,Personal Care,172.01
SKU_015,2024-07-27,145,Personal Care,156.4
SKU_015,2024-07-28,139,Personal Care,142.7
SKU_015,2024-07-29,90,Personal Care,407.3
SKU_015,2024-07-30,117,Personal Care,367.48
SKU_015,2024-07-31,96,Personal Care,492.63
SKU_015,2024-08-01,79,Personal Care,376.75
SKU_015,2024-08-02,80,Personal Care,416.21
SKU_015,2024-08-03,110,Personal Care,413.55
SKU_015,2024-08-04,119,Personal Care,165.7
SKU_015,2024-08-05,85,Personal Care,178.65
SKU_015,2024-08-06,101,Personal Care,168.18
SKU_015,2024-08-07,105,Personal Care,404.82
SKU_015,2024-08-08,86,Personal Care,305.26
SKU_015,2024-08-09,102,Personal Care,456.85
SKU_015,2024-08-10,105,Personal Care,70.33
SKU_015,2024-08-11,105,Personal Care,162.76
SKU_015,2024-08-12,93,Personal Care,222.7
SKU_015,2024-08-13,100,Personal Care,67.44
SKU_015,2024-08-14,100,Personal Care,335.51
SKU_015,2024-08-15,94,Personal Care,325.22
SKU_015,2024-08-16,103,Personal Care,374.4
SKU_015,2024-08-17,119,Personal Care,111.21
SKU_015,2024-08-18,114,Personal Care,403.1
SKU_015,2024-08-19,95,Personal Care,387.17
SKU_015,2024-08-20,97,Personal Care,449.56
SKU_015,2024-08-21,96,Personal Care,181.94
SKU_015,2024-08-22,101,Personal Care,340.58
SKU_015,2024-08-23,89,Personal Care,214.66
SKU_015,2024-08-24,98,Personal Care,134.14
SKU_015,2024-08-25,117,Personal Care,96.74
SKU_015,2024-08-26,110,Personal Care,269.16
SKU_015,2024-08-27,105,Personal Care,260.91
SKU_015,2024-08-28,121,Personal Care,230.16
SKU_015,2024-08-29,91,Personal Care,350.97
SKU_015,2024-08-30,117,Personal Care,462.12
SKU_015,2024-08-31,143,Personal Care,478.29
SKU_015,2024-09-01,116,Personal Care,109.97
SKU_015,2024-09-02,87,Personal Care,492.39
SKU_015,2024-09-03,101,Personal Care,380.55
SKU_015,2024-09-04,99,Personal Care,468.83
SKU_015,2024-09-05,96,Personal Care,458.47
SKU_015,2024-09-06,90,Personal Care,220.05
SKU_015,2024-09-07,122,Personal Care,231.54
SKU_015,2024-09-08,101,Personal Care,334.32
SKU_015,2024-09-09,104,Personal Care,487.87
SKU_015,2024-09-10,88,Personal Care,254.72
SKU_015,2024-09-11,92,Personal Care,363.42
SKU_015,2024-09-12,99,Personal Care,407.01
SKU_015,2024-09-13,98,Personal Care,271.17
SKU_015,2024-09-14,103,Personal Care,208.54
SKU_015,2024-09-15,102,Personal Care,50.94
SKU_015,2024-09-16,86,Personal Care,233.53
SKU_015,2024-09-17,102,Personal Care,51.26
SKU_015,2024-09-18,96,Personal Care,285.51
SKU_015,2024-09-19,85,Personal Care,336.89
SKU_015,2024-09-20,102,Personal Care,243.75
SKU_015,2024-09-21,120,Personal Care,328.78
SKU_015,2024-09-22,97,Personal Care,416.83
SKU_015,2024-09-23,102,Personal Care,494.33
SKU_015,2024-09-24,100,Personal Care,266.23
SKU_015,2024-09-25,110,Personal Care,189.0
SKU_015,2024-09-26,96,Personal Care,79.29
SKU_015,2024-09-27,104,Personal Care,456.36
SKU_015,2024-09-28,139,Personal Care,57.43
SKU_015,2024-09-29,129,Personal Care,468.54
SKU_015,2024-09-30,116,Personal Care,405.71
SKU_015,2024-10-01,104,Personal Care,409.17
SKU_015,2024-10-02,132,Personal Care,185.83
SKU_015,2024-10-03,114,Personal Care,205.95
SKU_015,2024-10-04,124,Personal Care,275.83
SKU_015,2024-10-05,221,Personal Care,143.86
SKU_015,2024-10-06,223,Personal Care,58.52
SKU_015,2024-10-07,181,Personal Care,174.26
SKU_015,2024-10-08,203,Personal Care,83.11
SKU_015,2024-10-09,156,Personal Care,319.37
SKU_015,2024-10-10,199,Personal Care,424.44
SKU_015,2024-10-11,202,Personal Care,337.73
SKU_015,2024-10-12,407,Personal Care,221.26
SKU_015,2024-10-13,123,Personal Care,115.01
SKU_015,2024-10-14,120,Personal Care,424.01
SKU_015,2024-10-15,136,Personal Care,416.49
SKU_015,2024-10-16,105,Personal Care,249.23
SKU_015,2024-10-17,113,Personal Care,213.06
SKU_015,2024-10-18,112,Personal Care,74.26
SKU_015,2024-10-19,153,Personal Care,349.92
SKU_015,2024-10-20,122,Personal Care,201.47
SKU_015,2024-10-21,105,Personal Care,478.65
SKU_015,2024-10-22,135,Personal Care,206.45
SKU_015,2024-10-23,105,Personal Care,254.92
SKU_015,2024-10-24,106,Personal Care,163.69
SKU_015,2024-10-25,230,Personal Care,190.69
SKU_015,2024-10-26,248,Personal Care,302.98
SKU_015,2024-10-27,223,Personal Care,58.8
SKU_015,2024-10-28,181,Personal Care,318.82
SKU_015,2024-10-29,233,Personal Care,207.66
SKU_015,2024-10-30,211,Personal Care,477.65
SKU_015,2024-10-31,203,Personal Care,151.76
SKU_015,2024-11-01,332,Personal Care,215.11
SKU_015,2024-11-02,160,Personal Care,91.77
SKU_015,2024-11-03,152,Personal Care,294.15
SKU_015,2024-11-04,134,Personal Care,62.54
SKU_015,2024-11-05,104,Personal Care,389.44
SKU_015,2024-11-06,119,Personal Care,77.05
SKU_015,2024-11-07,108,Personal Care,229.58
SKU_015,2024-11-08,115,Personal Care,431.78
SKU_015,2024-11-09,130,Personal Care,476.02
SKU_015,2024-11-10,140,Personal Care,197.7
SKU_015,2024-11-11,135,Personal Care,494.29
SKU_015,2024-11-12,130,Personal Care,126.18
SKU_015,2024-11-13,102,Personal Care,278.82
SKU_015,2024-11-14,117,Personal Care,396.81
SKU_015,2024-11-15,132,Personal Care,225.71
SKU_015,2024-11-16,144,Personal Care,314.8
SKU_015,2024-11-17,128,Personal Care,290.26
SKU_015,2024-11-18,135,Personal Care,162.64
SKU_015,2024-11-19,126,Personal Care,153.2
SKU_015,2024-11-20,106,Personal Care,76.39
SKU_015,2024-11-21,110,Personal Care,462.82
SKU_015,2024-11-22,120,Personal Care,183.23
SKU_015,2024-11-23,123,Personal Care,383.84
SKU_015,2024-11-24,146,Personal Care,428.59
SKU_015,2024-11-25,133,Personal Care,228.74
SKU_015,2024-11-26,156,Personal Care,263.62
SKU_015,2024-11-27,133,Personal Care,52.16
SKU_015,2024-11-28,128,Personal Care,363.71
SKU_015,2024-11-29,145,Personal Care,257.72
SKU_015,2024-11-30,183,Personal Care,354.13
SKU_015,2024-12-01,152,Personal Care,290.37
SKU_015,2024-12-02,126,Personal Care,101.34
SKU_015,2024-12-03,102,Personal Care,171.45
SKU_015,2024-12-04,133,Personal Care,447.37
SKU_015,2024-12-05,104,Personal Care,77.6
SKU_015,2024-12-06,103,Personal Care,186.96
SKU_015,2024-12-07,162,Personal Care,211.72
SKU_015,2024-12-08,160,Personal Care,100.73
SKU_015,2024-12-09,110,Personal Care,499.13
SKU_015,2024-12-10,116,Personal Care,82.4
SKU_015,2024-12-11,131,Personal Care,437.02
SKU_015,2024-12-12,124,Personal Care,364.0
SKU_015,2024-12-13,111,Personal Care,441.72
SKU_015,2024-12-14,141,Personal Care,116.35
SKU_015,2024-12-15,149,Personal Care,88.84
SKU_015,2024-12-16,111,Personal Care,419.82
SKU_015,2024-12-17,137,Personal Care,465.94
SKU_015,2024-12-18,108,Personal Care,312.2
SKU_015,2024-12-19,110,Personal Care,252.45
SKU_015,2024-12-20,134,Personal Care,243.69
SKU_015,2024-12-21,149,Personal Care,382.36
SKU_015,2024-12-22,125,Personal Care,305.34
SKU_015,2024-12-23,109,Personal Care,225.79
SKU_015,2024-12-24,115,Personal Care,217.32
SKU_015,2024-12-25,149,Personal Care,370.28
SKU_015,2024-12-26,136,Personal Care,406.18
SKU_015,2024-12-27,121,Personal Care,137.22
SKU_015,2024-12-28,154,Personal Care,428.69
SKU_015,2024-12-29,158,Personal Care,119.68
SKU_015,2024-12-30,120,Personal Care,423.21
SKU_015,2024-12-31,128,Personal Care,109.13
SKU_016,2023-01-01,88,Household,480.46
SKU_016,2023-01-02,73,Household,449.58
SKU_016,2023-01-03,57,Household,228.68
SKU_016,2023-01-04,72,Household,308.38
SKU_016,2023-01-05,72,Household,415.59
SKU_016,2023-01-06,56,Household,241.21
SKU_016,2023-01-07,70,Household,334.62
SKU_016,2023-01-08,85,Household,105.03
SKU_016,2023-01-09,57,Household,497.42
SKU_016,2023-01-10,60,Household,296.23
SKU_016,2023-01-11,63,Household,104.8
SKU_016,2023-01-12,70,Household,158.02
SKU_016,2023-01-13,56,Household,186.83
SKU_016,2023-01-14,88,Household,222.21
SKU_016,2023-01-15,87,Household,156.28
SKU_016,2023-01-16,65,Household,304.46
SKU_016,2023-01-17,61,Household,488.49
SKU_016,2023-01-18,69,Household,56.06
SKU_016,2023-01-19,61,Household,146.17
SKU_016,2023-01-20,63,Household,355.54
SKU_016,2023-01-21,79,Household,479.38
SKU_016,2023-01-22,71,Household,485.39
SKU_016,2023-01-23,61,Household,175.24
SKU_016,2023-01-24,58,Household,146.52
SKU_016,2023-01-25,84,Household,113.37
SKU_016,2023-01-26,70,Household,200.69
SKU_016,2023-01-27,67,Household,330.7
SKU_016,2023-01-28,99,Household,224.05
SKU_016,2023-01-29,82,Household,349.48
SKU_016,2023-01-30,67,Household,198.6
SKU_016,2023-01-31,76,Household,372.26
SKU_016,2023-02-01,62,Household,327.84
SKU_016,2023-02-02,69,Household,381.21
SKU_016,2023-02-03,65,Household,249.74
SKU_016,2023-02-04,72,Household,314.67
SKU_016,2023-02-05,81,Household,413.94
SKU_016,2023-02-06,70,Household,151.72
SKU_016,2023-02-07,72,Household,338.39
SKU_016,2023-02-08,60,Household,51.77
SKU_016,2023-02-09,61,Household,442.35
SKU_016,2023-02-10,72,Household,63.57
SKU_016,2023-02-11,74,Household,336.36
SKU_016,2023-02-12,68,Household,79.75
SKU_016,2023-02-13,57,Household,349.59
SKU_016,2023-02-14,71,Household,52.39
SKU_016,2023-02-15,72,Household,340.37
SKU_016,2023-02-16,64,Household,247.77
SKU_016,2023-02-17,66,Household,119.22
SKU_016,2023-02-18,82,Household,211.61
SKU_016,2023-02-19,79,Household,75.16
SKU_016,2023-02-20,70,Household,439.43
SKU_016,2023-02-21,74,Household,317.26
SKU_016,2023-02-22,63,Household,258.93
SKU_016,2023-02-23,60,Household,386.77
SKU_016,2023-02-24,65,Household,401.2
SKU_016,2023-02-25,91,Household,270.13
SKU_016,2023-02-26,85,Household,139.18
SKU_016,2023-02-27,82,Household,213.62
SKU_016,2023-02-28,85,Household,78.92
SKU_016,2023-03-01,56,Household,281.86
SKU_016,2023-03-02,70,Household,401.83
SKU_016,2023-03-03,66,Household,239.4
SKU_016,2023-03-04,84,Household,472.52
SKU_016,2023-03-05,89,Household,476.53
SKU_016,2023-03-06,73,Household,439.71
SKU_016,2023-03-07,68,Household,309.13
SKU_016,2023-03-08,63,Household,449.07
SKU_016,2023-03-09,60,Household,226.41
SKU_016,2023-03-10,73,Household,163.13
SKU_016,2023-03-11,79,Household,403.59
SKU_016,2023-03-12,66,Household,222.07
SKU_016,2023-03-13,68,Household,72.06
SKU_016,2023-03-14,62,Household,423.86
SKU_016,2023-03-15,73,Household,343.91
SKU_016,2023-03-16,59,Household,255.51
SKU_016,2023-03-17,73,Household,241.76
SKU_016,2023-03-18,79,Household,221.89
SKU_016,2023-03-19,68,Household,152.89
SKU_016,2023-03-20,72,Household,64.99
SKU_016,2023-03-21,61,Household,334.25
SKU_016,2023-03-22,69,Household,362.38
SKU_016,2023-03-23,64,Household,55.97
SKU_016,2023-03-24,56,Household,69.64
SKU_016,2023-03-25,87,Household,68.04
SKU_016,2023-03-26,94,Household,400.61
SKU_016,2023-03-27,65,Household,449.43
SKU_016,2023-03-28,64,Household,113.62
SKU_016,2023-03-29,81,Household,112.62
SKU_016,2023-03-30,68,Household,474.39
SKU_016,2023-03-31,75,Household,482.33
SKU_016,2023-04-01,88,Household,371.04
SKU_016,2023-04-02,66,Household,383.96
SKU_016,2023-04-03,61,Household,148.84
SKU_016,2023-04-04,59,Household,237.02
SKU_016,2023-04-05,69,Household,86.2
SKU_016,2023-04-06,60,Household,492.82
SKU_016,2023-04-07,61,Household,305.15
SKU_016,2023-04-08,85,Household,492.96
SKU_016,2023-04-09,78,Household,376.93
SKU_016,2023-04-10,61,Household,274.92
SKU_016,2023-04-11,68,Household,115.35
SKU_016,2023-04-12,68,Household,370.66
SKU_016,2023-04-13,70,Household,100.85
SKU_016,2023-04-14,70,Household,227.29
SKU_016,2023-04-15,73,Household,196.06
SKU_016,2023-04-16,88,Household,455.89
SKU_016,2023-04-17,73,Household,233.19
SKU_016,2023-04-18,63,Household,253.58
SKU_016,2023-04-19,73,Household,85.83
SKU_016,2023-04-20,74,Household,146.89
SKU_016,2023-04-21,62,Household,422.25
SKU_016,2023-04-22,85,Household,407.88
SKU_016,2023-04-23,88,Household,301.9
SKU_016,2023-04-24,70,Household,418.02
SKU_016,2023-04-25,77,Household,330.79
SKU_016,2023-04-26,65,Household,431.52
SKU_016,2023-04-27,84,Household,270.9
SKU_016,2023-04-28,85,Household,143.8
SKU_016,2023-04-29,96,Household,257.54
SKU_016,2023-04-30,102,Household,385.06
SKU_016,2023-05-01,65,Household,494.04
SKU_016,2023-05-02,73,Household,428.65
SKU_016,2023-05-03,66,Household,464.2
SKU_016,2023-05-04,59,Household,489.37
SKU_016,2023-05-05,73,Household,326.3
SKU_016,2023-05-06,76,Household,299.11
SKU_016,2023-05-07,88,Household,202.19
SKU_016,2023-05-08,55,Household,496.33
SKU_016,2023-05-09,71,Household,246.09
SKU_016,2023-05-10,69,Household,219.25
SKU_016,2023-05-11,70,Household,264.15
SKU_016,2023-05-12,66,Household,309.24
SKU_016,2023-05-13,72,Household,426.7
SKU_016,2023-05-14,67,Household,440.53
SKU_016,2023-05-15,60,Household,486.46
SKU_016,2023-05-16,59,Household,195.33
SKU_016,2023-05-17,63,Household,90.82
SKU_016,2023-05-18,64,Household,410.29
SKU_016,2023-05-19,62,Household,175.69
SKU_016,2023-05-20,88,Household,391.27
SKU_016,2023-05-21,77,Household,438.66
SKU_016,2023-05-22,73,Household,84.67
SKU_016,2023-05-23,69,Household,250.09
SKU_016,2023-05-24,70,Household,73.26
SKU_016,2023-05-25,84,Household,372.06
SKU_016,2023-05-26,74,Household,293.34
SKU_016,2023-05-27,89,Household,53.74
SKU_016,2023-05-28,99,Household,496.62
SKU_016,2023-05-29,73,Household,323.06
SKU_016,2023-05-30,76,Household,472.45
SKU_016,2023-05-31,77,Household,298.82
SKU_016,2023-06-01,63,Household,206.38
SKU_016,2023-06-02,73,Household,138.09
SKU_016,2023-06-03,81,Household,362.72
SKU_016,2023-06-04,85,Household,326.86
SKU_016,2023-06-05,66,Household,376.91
SKU_016,2023-06-06,55,Household,371.23
SKU_016,2023-06-07,65,Household,196.97
SKU_016,2023-06-08,69,Household,78.65
SKU_016,2023-06-09,70,Household,383.16
SKU_016,2023-06-10,81,Household,212.29
SKU_016,2023-06-11,88,Household,264.74
SKU_016,2023-06-12,58,Household,192.31
SKU_016,2023-06-13,74,Household,270.57
SKU_016,2023-06-14,72,Household,280.57
SKU_016,2023-06-15,71,Household,208.03
SKU_016,2023-06-16,69,Household,422.49
SKU_016,2023-06-17,75,Household,304.63
SKU_016,2023-06-18,70,Household,198.51
SKU_016,2023-06-19,69,Household,113.37
SKU_016,2023-06-20,67,Household,165.78
SKU_016,2023-06-21,56,Household,332.78
SKU_016,2023-06-22,66,Household,93.48
SKU_016,2023-06-23,56,Household,193.09
SKU_016,2023-06-24,72,Household,254.15
SKU_016,2023-06-25,78,Household,216.37
SKU_016,2023-06-26,79,Household,110.12
SKU_016,2023-06-27,73,Household,351.66
SKU_016,2023-06-28,66,Household,350.47
SKU_016,2023-06-29,83,Household,272.37
SKU_016,2023-06-30,68,Household,104.68
SKU_016,2023-07-01,70,Household,252.22
SKU_016,2023-07-02,72,Household,107.13
SKU_016,2023-07-03,63,Household,152.75
SKU_016,2023-07-04,69,Household,97.25
SKU_016,2023-07-05,61,Household,375.71
SKU_016,2023-07-06,62,Household,300.2
SKU_016,2023-07-07,63,Household,239.65
SKU_016,2023-07-08,68,Household,147.27
SKU_016,2023-07-09,80,Household,104.16
SKU_016,2023-07-10,73,Household,415.92
SKU_016,2023-07-11,62,Household,175.91
SKU_016,2023-07-12,58,Household,145.23
SKU_016,2023-07-13,57,Household,163.88
SKU_016,2023-07-14,60,Household,202.9
SKU_016,2023-07-15,73,Household,191.58
SKU_016,2023-07-16,73,Household,434.93
SKU_016,2023-07-17,59,Household,453.07
SKU_016,2023-07-18,61,Household,189.62
SKU_016,2023-07-19,69,Household,433.65
SKU_016,2023-07-20,56,Household,268.1
SKU_016,2023-07-21,72,Household,378.52
SKU_016,2023-07-22,83,Household,161.55
SKU_016,2023-07-23,70,Household,364.34
SKU_016,2023-07-24,72,Household,71.75
SKU_016,2023-07-25,82,Household,233.84
SKU_016,2023-07-26,74,Household,169.64
SKU_016,2023-07-27,73,Household,210.76
SKU_016,2023-07-28,64,Household,316.45
SKU_016,2023-07-29,86,Household,290.74
SKU_016,2023-07-30,91,Household,384.55
SKU_016,2023-07-31,69,Household,81.09
SKU_016,2023-08-01,60,Household,286.97
SKU_016,2023-08-02,71,Household,294.92
SKU_016,2023-08-03,74,Household,202.29
SKU_016,2023-08-04,71,Household,283.8
SKU_016,2023-08-05,82,Household,116.06
SKU_016,2023-08-06,87,Household,161.22
SKU_016,2023-08-07,69,Household,91.23
SKU_016,2023-08-08,65,Household,108.38
SKU_016,2023-08-09,59,Household,134.0
SKU_016,2023-08-10,63,Household,444.46
SKU_016,2023-08-11,74,Household,185.0
SKU_016,2023-08-12,86,Household,141.23
SKU_016,2023-08-13,68,Household,98.31
SKU_016,2023-08-14,65,Household,306.42
SKU_016,2023-08-15,60,Household,347.34
SKU_016,2023-08-16,58,Household,329.13
SKU_016,2023-08-17,57,Household,366.71
SKU_016,2023-08-18,70,Household,98.02
SKU_016,2023-08-19,81,Household,282.93
SKU_016,2023-08-20,66,Household,452.02
SKU_016,2023-08-21,70,Household,200.27
SKU_016,2023-08-22,56,Household,227.84
SKU_016,2023-08-23,67,Household,366.25
SKU_016,2023-08-24,69,Household,407.08
SKU_016,2023-08-25,78,Household,319.36
SKU_016,2023-08-26,78,Household,199.15
SKU_016,2023-08-27,91,Household,464.71
SKU_016,2023-08-28,73,Household,422.88
SKU_016,2023-08-29,66,Household,335.25
SKU_016,2023-08-30,64,Household,297.43
SKU_016,2023-08-31,76,Household,218.11
SKU_016,2023-09-01,69,Household,416.63
SKU_016,2023-09-02,71,Household,175.33
SKU_016,2023-09-03,81,Household,307.78
SKU_016,2023-09-04,56,Household,215.82
SKU_016,2023-09-05,57,Household,493.76
SKU_016,2023-09-06,72,Household,201.94
SKU_016,2023-09-07,57,Household,76.3
SKU_016,2023-09-08,64,Household,479.93
SKU_016,2023-09-09,88,Household,51.97
SKU_016,2023-09-10,80,Household,385.16
SKU_016,2023-09-11,60,Household,97.62
SKU_016,2023-09-12,69,Household,436.34
SKU_016,2023-09-13,60,Household,446.75
SKU_016,2023-09-14,71,Household,248.2
SKU_016,2023-09-15,63,Household,491.24
SKU_016,2023-09-16,85,Household,141.89
SKU_016,2023-09-17,77,Household,355.12
SKU_016,2023-09-18,70,Household,54.88
SKU_016,2023-09-19,72,Household,104.85
SKU_016,2023-09-20,57,Household,284.52
SKU_016,2023-09-21,63,Household,307.45
SKU_016,2023-09-22,74,Household,53.73
SKU_016,2023-09-23,74,Household,143.78
SKU_016,2023-09-24,86,Household,334.02
SKU_016,2023-09-25,63,Household,299.93
SKU_016,2023-09-26,80,Household,458.94
SKU_016,2023-09-27,84,Household,326.86
SKU_016,2023-09-28,75,Household,379.05
SKU_016,2023-09-29,73,Household,361.05
SKU_016,2023-09-30,82,Household,162.39
SKU_016,2023-10-01,98,Household,397.3
SKU_016,2023-10-02,94,Household,424.03
SKU_016,2023-10-03,93,Household,414.44
SKU_016,2023-10-04,95,Household,453.47
SKU_016,2023-10-05,91,Household,237.2
SKU_016,2023-10-06,96,Household,107.89
SKU_016,2023-10-07,88,Household,367.73
SKU_016,2023-10-08,164,Household,143.25
SKU_016,2023-10-09,131,Household,451.53
SKU_016,2023-10-10,136,Household,259.8
SKU_016,2023-10-11,110,Household,161.05
SKU_016,2023-10-12,111,Household,126.07
SKU_016,2023-10-13,115,Household,53.77
SKU_016,2023-10-14,141,Household,242.46
SKU_016,2023-10-15,249,Household,346.07
SKU_016,2023-10-16,73,Household,232.34
SKU_016,2023-10-17,111,Household,150.47
SKU_016,2023-10-18,115,Household,269.28
SKU_016,2023-10-19,108,Household,63.97
SKU_016,2023-10-20,137,Household,106.53
SKU_016,2023-10-21,133,Household,150.38
SKU_016,2023-10-22,165,Household,228.79
SKU_016,2023-10-23,139,Household,345.45
SKU_016,2023-10-24,207,Household,96.55
SKU_016,2023-10-25,94,Household,412.16
SKU_016,2023-10-26,103,Household,435.55
SKU_016,2023-10-27,101,Household,144.09
SKU_016,2023-10-28,110,Household,158.65
SKU_016,2023-10-29,109,Household,197.98
SKU_016,2023-10-30,100,Household,169.17
SKU_016,2023-10-31,85,Household,484.45
SKU_016,2023-11-01,76,Household,420.32
SKU_016,2023-11-02,92,Household,71.54
SKU_016,2023-11-03,71,Household,346.75
SKU_016,2023-11-04,94,Household,338.46
SKU_016,2023-11-05,107,Household,406.53
SKU_016,2023-11-06,96,Household,59.53
SKU_016,2023-11-07,72,Household,141.37
SKU_016,2023-11-08,84,Household,203.69
SKU_016,2023-11-09,94,Household,351.2
SKU_016,2023-11-10,81,Household,207.71
SKU_016,2023-11-11,105,Household,138.51
SKU_016,2023-11-12,93,Household,422.32
SKU_016,2023-11-13,94,Household,414.93
SKU_016,2023-11-14,77,Household,339.57
SKU_016,2023-11-15,96,Household,174.2
SKU_016,2023-11-16,91,Household,195.8
SKU_016,2023-11-17,81,Household,253.94
SKU_016,2023-11-18,96,Household,88.26
SKU_016,2023-11-19,100,Household,117.83
SKU_016,2023-11-20,83,Household,51.95
SKU_016,2023-11-21,92,Household,153.43
SKU_016,2023-11-22,85,Household,459.06
SKU_016,2023-11-23,96,Household,75.97
SKU_016,2023-11-24,91,Household,265.7
SKU_016,2023-11-25,128,Household,478.7
SKU_016,2023-11-26,127,Household,450.61
SKU_016,2023-11-27,104,Household,344.5
SKU_016,2023-11-28,103,Household,444.03
SKU_016,2023-11-29,84,Household,342.48
SKU_016,2023-11-30,107,Household,304.01
SKU_016,2023-12-01,92,Household,99.28
SKU_016,2023-12-02,106,Household,120.6
SKU_016,2023-12-03,111,Household,182.04
SKU_016,2023-12-04,84,Household,109.04
SKU_016,2023-12-05,91,Household,308.93
SKU_016,2023-12-06,96,Household,333.75
SKU_016,2023-12-07,97,Household,393.76
SKU_016,2023-12-08,89,Household,236.37
SKU_016,2023-12-09,114,Household,282.51
SKU_016,2023-12-10,91,Household,483.29
SKU_016,2023-12-11,87,Household,314.09
SKU_016,2023-12-12,76,Household,306.72
SKU_016,2023-12-13,75,Household,339.33
SKU_016,2023-12-14,86,Household,313.06
SKU_016,2023-12-15,82,Household,174.74
SKU_016,2023-12-16,90,Household,427.07
SKU_016,2023-12-17,95,Household,252.36
SKU_016,2023-12-18,84,Household,465.58
SKU_016,2023-12-19,86,Household,134.77
SKU_016,2023-12-20,75,Household,106.9
SKU_016,2023-12-21,83,Household,413.14
SKU_016,2023-12-22,92,Household,206.56
SKU_016,2023-12-23,107,Household,303.76
SKU_016,2023-12-24,107,Household,201.41
SKU_016,2023-12-25,92,Household,233.69
SKU_016,2023-12-26,95,Household,270.03
SKU_016,2023-12-27,95,Household,310.91
SKU_016,2023-12-28,86,Household,66.38
SKU_016,2023-12-29,91,Household,239.31
SKU_016,2023-12-30,114,Household,250.16
SKU_016,2023-12-31,121,Household,364.53
SKU_016,2024-01-01,58,Household,311.89
SKU_016,2024-01-02,66,Household,352.54
SKU_016,2024-01-03,64,Household,92.92
SKU_016,2024-01-04,66,Household,185.32
SKU_016,2024-01-05,69,Household,229.17
SKU_016,2024-01-06,80,Household,268.41
SKU_016,2024-01-07,82,Household,207.72
SKU_016,2024-01-08,88,Household,258.33
SKU_016,2024-01-09,101,Household,99.99
SKU_016,2024-01-10,105,Household,466.8
SKU_016,2024-01-11,97,Household,286.89
SKU_016,2024-01-12,90,Household,255.64
SKU_016,2024-01-13,126,Household,444.5
SKU_016,2024-01-14,99,Household,337.8
SKU_016,2024-01-15,152,Household,55.93
SKU_016,2024-01-16,59,Household,78.46
SKU_016,2024-01-17,67,Household,121.45
SKU_016,2024-01-18,67,Household,145.23
SKU_016,2024-01-19,70,Household,62.13
SKU_016,2024-01-20,83,Household,220.07
SKU_016,2024-01-21,87,Household,76.3
SKU_016,2024-01-22,58,Household,339.2
SKU_016,2024-01-23,69,Household,283.16
SKU_016,2024-01-24,74,Household,424.79
SKU_016,2024-01-25,72,Household,459.54
SKU_016,2024-01-26,80,Household,364.54
SKU_016,2024-01-27,99,Household,376.19
SKU_016,2024-01-28,81,Household,409.9
SKU_016,2024-01-29,85,Household,269.32
SKU_016,2024-01-30,79,Household,490.93
SKU_016,2024-01-31,64,Household,243.18
SKU_016,2024-02-01,72,Household,495.97
SKU_016,2024-02-02,66,Household,434.39
SKU_016,2024-02-03,85,Household,330.34
SKU_016,2024-02-04,85,Household,198.18
SKU_016,2024-02-05,71,Household,342.89
SKU_016,2024-02-06,67,Household,419.56
SKU_016,2024-02-07,57,Household,78.48
SKU_016,2024-02-08,57,Household,483.84
SKU_016,2024-02-09,62,Household,78.04
SKU_016,2024-02-10,68,Household,476.55
SKU_016,2024-02-11,87,Household,101.54
SKU_016,2024-02-12,64,Household,455.15
SKU_016,2024-02-13,66,Household,353.36
SKU_016,2024-02-14,59,Household,51.81
SKU_016,2024-02-15,62,Household,331.78
SKU_016,2024-02-16,58,Household,161.38
SKU_016,2024-02-17,85,Household,322.98
SKU_016,2024-02-18,73,Household,323.2
SKU_016,2024-02-19,65,Household,191.83
SKU_016,2024-02-20,55,Household,105.16
SKU_016,2024-02-21,63,Household,252.96
SKU_016,2024-02-22,62,Household,475.39
SKU_016,2024-02-23,66,Household,350.89
SKU_016,2024-02-24,68,Household,481.96
SKU_016,2024-02-25,92,Household,211.49
SKU_016,2024-02-26,73,Household,53.77
SKU_016,2024-02-27,85,Household,102.02
SKU_016,2024-02-28,74,Household,120.91
SKU_016,2024-02-29,75,Household,488.36
SKU_016,2024-03-01,65,Household,50.71
SKU_016,2024-03-02,79,Household,335.04
SKU_016,2024-03-03,78,Household,350.94
SKU_016,2024-03-04,70,Household,94.07
SKU_016,2024-03-05,64,Household,377.43
SKU_016,2024-03-06,66,Household,59.85
SKU_016,2024-03-07,70,Household,467.48
SKU_016,2024-03-08,73,Household,476.23
SKU_016,2024-03-09,80,Household,393.85
SKU_016,2024-03-10,72,Household,303.94
SKU_016,2024-03-11,64,Household,348.34
SKU_016,2024-03-12,64,Household,176.68
SKU_016,2024-03-13,73,Household,377.41
SKU_016,2024-03-14,60,Household,496.87
SKU_016,2024-03-15,72,Household,402.97
SKU_016,2024-03-16,83,Household,173.45
SKU_016,2024-03-17,89,Household,483.22
SKU_016,2024-03-18,74,Household,59.24
SKU_016,2024-03-19,72,Household,165.65
SKU_016,2024-03-20,59,Household,163.21
SKU_016,2024-03-21,62,Household,384.11
SKU_016,2024-03-22,58,Household,290.05
SKU_016,2024-03-23,66,Household,244.57
SKU_016,2024-03-24,87,Household,199.3
SKU_016,2024-03-25,70,Household,191.15
SKU_016,2024-03-26,77,Household,150.01
SKU_016,2024-03-27,74,Household,408.04
SKU_016,2024-03-28,70,Household,312.35
SKU_016,2024-03-29,76,Household,447.38
SKU_016,2024-03-30,86,Household,79.88
SKU_016,2024-03-31,77,Household,264.19
SKU_016,2024-04-01,65,Household,420.39
SKU_016,2024-04-02,70,Household,289.56
SKU_016,2024-04-03,70,Household,75.47
SKU_016,2024-04-04,63,Household,172.89
SKU_016,2024-04-05,71,Household,149.72
SKU_016,2024-04-06,87,Household,196.78
SKU_016,2024-04-07,71,Household,272.17
SKU_016,2024-04-08,62,Household,98.65
SKU_016,2024-04-09,73,Household,311.34
SKU_016,2024-04-10,57,Household,63.78
SKU_016,2024-04-11,74,Household,248.63
SKU_016,2024-04-12,72,Household,401.44
SKU_016,2024-04-13,84,Household,495.76
SKU_016,2024-04-14,77,Household,164.48
SKU_016,2024-04-15,64,Household,351.81
SKU_016,2024-04-16,62,Household,334.81
SKU_016,2024-04-17,59,Household,273.01
SKU_016,2024-04-18,63,Household,64.73
SKU_016,2024-04-19,57,Household,396.64
SKU_016,2024-04-20,81,Household,413.92
SKU_016,2024-04-21,87,Household,236.05
SKU_016,2024-04-22,73,Household,79.87
SKU_016,2024-04-23,55,Household,98.59
SKU_016,2024-04-24,69,Household,400.53
SKU_016,2024-04-25,80,Household,463.71
SKU_016,2024-04-26,65,Household,171.07
SKU_016,2024-04-27,81,Household,465.61
SKU_016,2024-04-28,97,Household,160.9
SKU_016,2024-04-29,78,Household,395.74
SKU_016,2024-04-30,63,Household,295.87
SKU_016,2024-05-01,59,Household,247.67
SKU_016,2024-05-02,63,Household,204.07
SKU_016,2024-05-03,68,Household,324.14
SKU_016,2024-05-04,83,Household,138.47
SKU_016,2024-05-05,66,Household,373.53
SKU_016,2024-05-06,73,Household,277.12
SKU_016,2024-05-07,59,Household,199.57
SKU_016,2024-05-08,63,Household,307.83
SKU_016,2024-05-09,59,Household,279.39
SKU_016,2024-05-10,63,Household,484.14
SKU_016,2024-05-11,86,Household,114.96
SKU_016,2024-05-12,87,Household,367.14
SKU_016,2024-05-13,57,Household,104.76
SKU_016,2024-05-14,67,Household,60.97
SKU_016,2024-05-15,61,Household,212.36
SKU_016,2024-05-16,71,Household,472.79
SKU_016,2024-05-17,74,Household,76.79
SKU_016,2024-05-18,84,Household,333.59
SKU_016,2024-05-19,67,Household,51.52
SKU_016,2024-05-20,68,Household,89.94
SKU_016,2024-05-21,61,Household,75.24
SKU_016,2024-05-22,63,Household,488.93
SKU_016,2024-05-23,62,Household,347.77
SKU_016,2024-05-24,70,Household,334.0
SKU_016,2024-05-25,86,Household,309.4
SKU_016,2024-05-26,98,Household,60.19
SKU_016,2024-05-27,71,Household,491.69
SKU_016,2024-05-28,81,Household,417.83
SKU_016,2024-05-29,81,Household,51.49
SKU_016,2024-05-30,79,Household,237.73
SKU_016,2024-05-31,76,Household,408.8
SKU_016,2024-06-01,70,Household,115.84
SKU_016,2024-06-02,75,Household,189.1
SKU_016,2024-06-03,63,Household,137.99
SKU_016,2024-06-04,56,Household,89.77
SKU_016,2024-06-05,57,Household,498.03
SKU_016,2024-06-06,57,Household,291.55
SKU_016,2024-06-07,67,Household,401.82
SKU_016,2024-06-08,85,Household,154.12
SKU_016,2024-06-09,84,Household,481.41
SKU_016,2024-06-10,69,Household,140.26
SKU_016,2024-06-11,66,Household,185.77
SKU_016,2024-06-12,65,Household,368.39
SKU_016,2024-06-13,64,Household,305.51
SKU_016,2024-06-14,65,Household,124.78
SKU_016,2024-06-15,88,Household,424.9
SKU_016,2024-06-16,83,Household,482.11
SKU_016,2024-06-17,58,Household,104.06
SKU_016,2024-06-18,63,Household,405.94
SKU_016,2024-06-19,60,Household,247.38
SKU_016,2024-06-20,71,Household,288.05
SKU_016,2024-06-21,63,Household,131.2
SKU_016,2024-06-22,82,Household,268.87
SKU_016,2024-06-23,83,Household,256.39
SKU_016,2024-06-24,60,Household,363.86
SKU_016,2024-06-25,75,Household,386.21
SKU_016,2024-06-26,84,Household,431.94
SKU_016,2024-06-27,74,Household,432.39
SKU_016,2024-06-28,71,Household,251.56
SKU_016,2024-06-29,81,Household,53.07
SKU_016,2024-06-30,95,Household,112.53
SKU_016,2024-07-01,66,Household,278.36
SKU_016,2024-07-02,73,Household,53.86
SKU_016,2024-07-03,71,Household,101.44
SKU_016,2024-07-04,58,Household,454.08
SKU_016,2024-07-05,60,Household,78.44
SKU_016,2024-07-06,73,Household,450.28
SKU_016,2024-07-07,82,Household,218.65
SKU_016,2024-07-08,58,Household,275.01
SKU_016,2024-07-09,72,Household,80.6
SKU_016,2024-07-10,69,Household,463.38
SKU_016,2024-07-11,60,Household,111.78
SKU_016,2024-07-12,73,Household,208.95
SKU_016,2024-07-13,73,Household,304.67
SKU_016,2024-07-14,82,Household,54.93
SKU_016,2024-07-15,62,Household,468.11
SKU_016,2024-07-16,71,Household,455.89
SKU_016,2024-07-17,59,Household,297.83
SKU_016,2024-07-18,59,Household,430.38
SKU_016,2024-07-19,60,Household,441.41
SKU_016,2024-07-20,80,Household,377.55
SKU_016,2024-07-21,70,Household,144.75
SKU_016,2024-07-22,59,Household,150.33
SKU_016,2024-07-23,59,Household,96.15
SKU_016,2024-07-24,60,Household,384.81
SKU_016,2024-07-25,65,Household,102.33
SKU_016,2024-07-26,80,Household,72.15
SKU_016,2024-07-27,94,Household,487.55
SKU_016,2024-07-28,81,Household,497.34
SKU_016,2024-07-29,64,Household,497.71
SKU_016,2024-07-30,69,Household,103.54
SKU_016,2024-07-31,66,Household,86.6
SKU_016,2024-08-01,74,Household,223.58
SKU_016,2024-08-02,63,Household,208.87
SKU_016,2024-08-03,86,Household,361.29
SKU_016,2024-08-04,76,Household,61.99
SKU_016,2024-08-05,68,Household,204.14
SKU_016,2024-08-06,70,Household,298.49
SKU_016,2024-08-07,65,Household,467.17
SKU_016,2024-08-08,55,Household,98.57
SKU_016,2024-08-09,71,Household,279.7
SKU_016,2024-08-10,89,Household,116.7
SKU_016,2024-08-11,75,Household,305.53
SKU_016,2024-08-12,64,Household,198.0
SKU_016,2024-08-13,71,Household,95.33
SKU_016,2024-08-14,63,Household,110.53
SKU_016,2024-08-15,72,Household,180.85
SKU_016,2024-08-16,66,Household,407.89
SKU_016,2024-08-17,71,Household,491.2
SKU_016,2024-08-18,88,Household,470.53
SKU_016,2024-08-19,60,Household,432.97
SKU_016,2024-08-20,58,Household,305.02
SKU_016,2024-08-21,66,Household,218.13
SKU_016,2024-08-22,59,Household,324.93
SKU_016,2024-08-23,63,Household,376.92
SKU_016,2024-08-24,88,Household,316.32
SKU_016,2024-08-25,97,Household,141.15
SKU_016,2024-08-26,81,Household,185.99
SKU_016,2024-08-27,67,Household,335.1
SKU_016,2024-08-28,84,Household,434.36
SKU_016,2024-08-29,82,Household,410.51
SKU_016,2024-08-30,74,Household,239.92
SKU_016,2024-08-31,76,Household,194.48
SKU_016,2024-09-01,71,Household,463.98
SKU_016,2024-09-02,71,Household,98.73
SKU_016,2024-09-03,70,Household,145.36
SKU_016,2024-09-04,66,Household,234.89
SKU_016,2024-09-05,69,Household,335.99
SKU_016,2024-09-06,66,Household,258.16
SKU_016,2024-09-07,84,Household,130.1
SKU_016,2024-09-08,82,Household,275.02
SKU_016,2024-09-09,62,Household,322.75
SKU_016,2024-09-10,56,Household,487.18
SKU_016,2024-09-11,67,Household,292.23
SKU_016,2024-09-12,68,Household,218.7
SKU_016,2024-09-13,62,Household,458.24
SKU_016,2024-09-14,70,Household,274.63
SKU_016,2024-09-15,81,Household,390.94
SKU_016,2024-09-16,55,Household,387.82
SKU_016,2024-09-17,71,Household,475.46
SKU_016,2024-09-18,69,Household,81.09
SKU_016,2024-09-19,69,Household,244.74
SKU_016,2024-09-20,56,Household,442.95
SKU_016,2024-09-21,76,Household,118.87
SKU_016,2024-09-22,69,Household,139.14
SKU_016,2024-09-23,73,Household,250.52
SKU_016,2024-09-24,57,Household,358.68
SKU_016,2024-09-25,79,Household,101.45
SKU_016,2024-09-26,73,Household,62.4
SKU_016,2024-09-27,75,Household,112.74
SKU_016,2024-09-28,86,Household,161.96
SKU_016,2024-09-29,78,Household,300.5
SKU_016,2024-09-30,77,Household,368.62
SKU_016,2024-10-01,75,Household,57.21
SKU_016,2024-10-02,74,Household,96.42
SKU_016,2024-10-03,94,Household,198.82
SKU_016,2024-10-04,73,Household,498.34
SKU_016,2024-10-05,140,Household,115.24
SKU_016,2024-10-06,134,Household,443.09
SKU_016,2024-10-07,126,Household,232.61
SKU_016,2024-10-08,139,Household,350.59
SKU_016,2024-10-09,120,Household,70.78
SKU_016,2024-10-10,112,Household,287.3
SKU_016,2024-10-11,131,Household,230.87
SKU_016,2024-10-12,256,Household,297.01
SKU_016,2024-10-13,101,Household,336.51
SKU_016,2024-10-14,75,Household,87.73
SKU_016,2024-10-15,88,Household,90.48
SKU_016,2024-10-16,83,Household,212.21
SKU_016,2024-10-17,95,Household,440.83
SKU_016,2024-10-18,75,Household,222.0
SKU_016,2024-10-19,93,Household,214.08
SKU_016,2024-10-20,101,Household,468.44
SKU_016,2024-10-21,95,Household,380.79
SKU_016,2024-10-22,90,Household,326.36
SKU_016,2024-10-23,91,Household,285.49
SKU_016,2024-10-24,89,Household,411.86
SKU_016,2024-10-25,157,Household,123.71
SKU_016,2024-10-26,195,Household,486.3
SKU_016,2024-10-27,185,Household,173.15
SKU_016,2024-10-28,154,Household,58.29
SKU_016,2024-10-29,153,Household,400.97
SKU_016,2024-10-30,156,Household,100.05
SKU_016,2024-10-31,133,Household,417.2
SKU_016,2024-11-01,237,Household,389.47
SKU_016,2024-11-02,97,Household,296.1
SKU_016,2024-11-03,103,Household,404.62
SKU_016,2024-11-04,78,Household,98.87
SKU_016,2024-11-05,73,Household,380.29
SKU_016,2024-11-06,95,Household,64.27
SKU_016,2024-11-07,82,Household,195.37
SKU_016,2024-11-08,82,Household,327.41
SKU_016,2024-11-09,100,Household,303.67
SKU_016,2024-11-10,94,Household,295.67
SKU_016,2024-11-11,94,Household,483.87
SKU_016,2024-11-12,82,Household,176.37
SKU_016,2024-11-13,88,Household,102.21
SKU_016,2024-11-14,97,Household,169.26
SKU_016,2024-11-15,94,Household,383.21
SKU_016,2024-11-16,102,Household,235.57
SKU_016,2024-11-17,106,Household,386.66
SKU_016,2024-11-18,88,Household,230.66
SKU_016,2024-11-19,94,Household,461.48
SKU_016,2024-11-20,89,Household,75.73
SKU_016,2024-11-21,89,Household,426.63
SKU_016,2024-11-22,72,Household,376.85
SKU_016,2024-11-23,90,Household,157.19
SKU_016,2024-11-24,112,Household,465.23
SKU_016,2024-11-25,98,Household,446.61
SKU_016,2024-11-26,98,Household,214.09
SKU_016,2024-11-27,109,Household,140.59
SKU_016,2024-11-28,104,Household,77.02
SKU_016,2024-11-29,88,Household,444.8
SKU_016,2024-11-30,113,Household,158.55
SKU_016,2024-12-01,104,Household,266.79
SKU_016,2024-12-02,96,Household,233.17
SKU_016,2024-12-03,85,Household,128.76
SKU_016,2024-12-04,76,Household,346.19
SKU_016,2024-12-05,88,Household,392.99
SKU_016,2024-12-06,96,Household,265.81
SKU_016,2024-12-07,89,Household,156.37
SKU_016,2024-12-08,101,Household,444.07
SKU_016,2024-12-09,84,Household,398.07
SKU_016,2024-12-10,95,Household,283.89
SKU_016,2024-12-11,76,Household,55.95
SKU_016,2024-12-12,80,Household,432.9
SKU_016,2024-12-13,74,Household,414.34
SKU_016,2024-12-14,112,Household,341.01
SKU_016,2024-12-15,100,Household,327.21
SKU_016,2024-12-16,87,Household,203.71
SKU_016,2024-12-17,96,Household,188.51
SKU_016,2024-12-18,74,Household,396.0
SKU_016,2024-12-19,87,Household,441.14
SKU_016,2024-12-20,90,Household,58.17
SKU_016,2024-12-21,113,Household,269.04
SKU_016,2024-12-22,100,Household,139.7
SKU_016,2024-12-23,95,Household,93.01
SKU_016,2024-12-24,92,Household,408.18
SKU_016,2024-12-25,88,Household,415.07
SKU_016,2024-12-26,107,Household,393.95
SKU_016,2024-12-27,98,Household,245.38
SKU_016,2024-12-28,133,Household,498.24
SKU_016,2024-12-29,122,Household,443.54
SKU_016,2024-12-30,104,Household,92.54
SKU_016,2024-12-31,90,Household,214.36
SKU_017,2023-01-01,119,Personal Care,439.25
SKU_017,2023-01-02,110,Personal Care,87.33
SKU_017,2023-01-03,106,Personal Care,159.6
SKU_017,2023-01-04,109,Personal Care,140.47
SKU_017,2023-01-05,107,Personal Care,216.67
SKU_017,2023-01-06,105,Personal Care,311.45
SKU_017,2023-01-07,137,Personal Care,420.62
SKU_017,2023-01-08,132,Personal Care,55.39
SKU_017,2023-01-09,96,Personal Care,355.61
SKU_017,2023-01-10,104,Personal Care,324.4
SKU_017,2023-01-11,106,Personal Care,161.67
SKU_017,2023-01-12,104,Personal Care,94.86
SKU_017,2023-01-13,114,Personal Care,445.56
SKU_017,2023-01-14,105,Personal Care,111.44
SKU_017,2023-01-15,125,Personal Care,486.14
SKU_017,2023-01-16,102,Personal Care,481.4
SKU_017,2023-01-17,91,Personal Care,133.01
SKU_017,2023-01-18,88,Personal Care,458.4
SKU_017,2023-01-19,100,Personal Care,293.05
SKU_017,2023-01-20,103,Personal Care,160.55
SKU_017,2023-01-21,103,Personal Care,347.67
SKU_017,2023-01-22,131,Personal Care,360.71
SKU_017,2023-01-23,108,Personal Care,251.0
SKU_017,2023-01-24,105,Personal Care,69.32
SKU_017,2023-01-25,121,Personal Care,182.98
SKU_017,2023-01-26,112,Personal Care,54.43
SKU_017,2023-01-27,109,Personal Care,66.78
SKU_017,2023-01-28,138,Personal Care,275.61
SKU_017,2023-01-29,140,Personal Care,304.34
SKU_017,2023-01-30,126,Personal Care,58.14
SKU_017,2023-01-31,105,Personal Care,98.09
SKU_017,2023-02-01,99,Personal Care,448.68
SKU_017,2023-02-02,102,Personal Care,486.18
SKU_017,2023-02-03,108,Personal Care,344.03
SKU_017,2023-02-04,114,Personal Care,102.3
SKU_017,2023-02-05,115,Personal Care,284.64
SKU_017,2023-02-06,104,Personal Care,303.28
SKU_017,2023-02-07,86,Personal Care,464.1
SKU_017,2023-02-08,101,Personal Care,234.38
SKU_017,2023-02-09,112,Personal Care,353.13
SKU_017,2023-02-10,91,Personal Care,483.82
SKU_017,2023-02-11,133,Personal Care,266.26
SKU_017,2023-02-12,120,Personal Care,434.85
SKU_017,2023-02-13,113,Personal Care,57.69
SKU_017,2023-02-14,98,Personal Care,180.44
SKU_017,2023-02-15,86,Personal Care,390.95
SKU_017,2023-02-16,114,Personal Care,238.76
SKU_017,2023-02-17,114,Personal Care,334.18
SKU_017,2023-02-18,130,Personal Care,121.97
SKU_017,2023-02-19,120,Personal Care,278.31
SKU_017,2023-02-20,111,Personal Care,214.14
SKU_017,2023-02-21,112,Personal Care,323.78
SKU_017,2023-02-22,92,Personal Care,98.03
SKU_017,2023-02-23,86,Personal Care,460.91
SKU_017,2023-02-24,110,Personal Care,464.36
SKU_017,2023-02-25,136,Personal Care,435.67
SKU_017,2023-02-26,125,Personal Care,182.02
SKU_017,2023-02-27,111,Personal Care,176.92
SKU_017,2023-02-28,97,Personal Care,60.68
SKU_017,2023-03-01,108,Personal Care,195.32
SKU_017,2023-03-02,98,Personal Care,392.95
SKU_017,2023-03-03,100,Personal Care,263.62
SKU_017,2023-03-04,137,Personal Care,161.58
SKU_017,2023-03-05,127,Personal Care,265.22
SKU_017,2023-03-06,109,Personal Care,439.06
SKU_017,2023-03-07,94,Personal Care,75.14
SKU_017,2023-03-08,103,Personal Care,162.54
SKU_017,2023-03-09,92,Personal Care,258.13
SKU_017,2023-03-10,102,Personal Care,349.57
SKU_017,2023-03-11,122,Personal Care,106.06
SKU_017,2023-03-12,137,Personal Care,481.69
SKU_017,2023-03-13,86,Personal Care,404.5
SKU_017,2023-03-14,112,Personal Care,222.35
SKU_017,2023-03-15,89,Personal Care,170.88
SKU_017,2023-03-16,110,Personal Care,283.81
SKU_017,2023-03-17,113,Personal Care,110.54
SKU_017,2023-03-18,131,Personal Care,247.72
SKU_017,2023-03-19,131,Personal Care,373.47
SKU_017,2023-03-20,109,Personal Care,477.61
SKU_017,2023-03-21,94,Personal Care,87.62
SKU_017,2023-03-22,93,Personal Care,144.92
SKU_017,2023-03-23,100,Personal Care,232.38
SKU_017,2023-03-24,104,Personal Care,172.67
SKU_017,2023-03-25,137,Personal Care,473.58
SKU_017,2023-03-26,124,Personal Care,237.03
SKU_017,2023-03-27,98,Personal Care,460.86
SKU_017,2023-03-28,99,Personal Care,416.83
SKU_017,2023-03-29,108,Personal Care,313.27
SKU_017,2023-03-30,107,Personal Care,448.44
SKU_017,2023-03-31,107,Personal Care,408.47
SKU_017,2023-04-01,125,Personal Care,452.99
SKU_017,2023-04-02,118,Personal Care,116.86
SKU_017,2023-04-03,102,Personal Care,376.62
SKU_017,2023-04-04,106,Personal Care,250.23
SKU_017,2023-04-05,114,Personal Care,116.53
SKU_017,2023-04-06,113,Personal Care,69.78
SKU_017,2023-04-07,106,Personal Care,199.7
SKU_017,2023-04-08,112,Personal Care,259.21
SKU_017,2023-04-09,130,Personal Care,436.14
SKU_017,2023-04-10,113,Personal Care,275.26
SKU_017,2023-04-11,105,Personal Care,478.6
SKU_017,2023-04-12,95,Personal Care,283.27
SKU_017,2023-04-13,111,Personal Care,70.83
SKU_017,2023-04-14,102,Personal Care,254.66
SKU_017,2023-04-15,121,Personal Care,170.14
SKU_017,2023-04-16,124,Personal Care,112.95
SKU_017,2023-04-17,112,Personal Care,310.63
SKU_017,2023-04-18,88,Personal Care,473.86
SKU_017,2023-04-19,102,Personal Care,195.04
SKU_017,2023-04-20,92,Personal Care,93.61
SKU_017,2023-04-21,98,Personal Care,337.49
SKU_017,2023-04-22,111,Personal Care,104.83
SKU_017,2023-04-23,108,Personal Care,102.85
SKU_017,2023-04-24,104,Personal Care,329.84
SKU_017,2023-04-25,105,Personal Care,338.26
SKU_017,2023-04-26,107,Personal Care,450.0
SKU_017,2023-04-27,101,Personal Care,192.56
SKU_017,2023-04-28,102,Personal Care,417.31
SKU_017,2023-04-29,124,Personal Care,83.42
SKU_017,2023-04-30,130,Personal Care,414.32
SKU_017,2023-05-01,108,Personal Care,203.94
SKU_017,2023-05-02,105,Personal Care,335.19
SKU_017,2023-05-03,103,Personal Care,450.02
SKU_017,2023-05-04,92,Personal Care,391.45
SKU_017,2023-05-05,88,Personal Care,452.5
SKU_017,2023-05-06,107,Personal Care,173.64
SKU_017,2023-05-07,115,Personal Care,152.17
SKU_017,2023-05-08,112,Personal Care,283.44
SKU_017,2023-05-09,87,Personal Care,139.81
SKU_017,2023-05-10,91,Personal Care,241.66
SKU_017,2023-05-11,91,Personal Care,364.14
SKU_017,2023-05-12,109,Personal Care,452.42
SKU_017,2023-05-13,107,Personal Care,94.88
SKU_017,2023-05-14,114,Personal Care,77.74
SKU_017,2023-05-15,105,Personal Care,392.12
SKU_017,2023-05-16,88,Personal Care,70.72
SKU_017,2023-05-17,114,Personal Care,480.38
SKU_017,2023-05-18,89,Personal Care,231.2
SKU_017,2023-05-19,104,Personal Care,195.21
SKU_017,2023-05-20,129,Personal Care,104.35
SKU_017,2023-05-21,103,Personal Care,227.55
SKU_017,2023-05-22,85,Personal Care,363.54
SKU_017,2023-05-23,93,Personal Care,191.19
SKU_017,2023-05-24,103,Personal Care,290.78
SKU_017,2023-05-25,98,Personal Care,232.22
SKU_017,2023-05-26,116,Personal Care,228.45
SKU_017,2023-05-27,133,Personal Care,465.2
SKU_017,2023-05-28,142,Personal Care,118.12
SKU_017,2023-05-29,119,Personal Care,321.97
SKU_017,2023-05-30,103,Personal Care,100.31
SKU_017,2023-05-31,127,Personal Care,382.89
SKU_017,2023-06-01,95,Personal Care,284.62
SKU_017,2023-06-02,102,Personal Care,428.38
SKU_017,2023-06-03,129,Personal Care,54.25
SKU_017,2023-06-04,117,Personal Care,493.86
SKU_017,2023-06-05,106,Personal Care,166.67
SKU_017,2023-06-06,91,Personal Care,486.33
SKU_017,2023-06-07,95,Personal Care,129.81
SKU_017,2023-06-08,95,Personal Care,465.07
SKU_017,2023-06-09,106,Personal Care,360.94
SKU_017,2023-06-10,127,Personal Care,247.94
SKU_017,2023-06-11,136,Personal Care,423.29
SKU_017,2023-06-12,97,Personal Care,145.12
SKU_017,2023-06-13,91,Personal Care,346.2
SKU_017,2023-06-14,95,Personal Care,353.54
SKU_017,2023-06-15,109,Personal Care,294.56
SKU_017,2023-06-16,108,Personal Care,437.53
SKU_017,2023-06-17,129,Personal Care,83.85
SKU_017,2023-06-18,104,Personal Care,433.91
SKU_017,2023-06-19,106,Personal Care,61.24
SKU_017,2023-06-20,92,Personal Care,377.8
SKU_017,2023-06-21,89,Personal Care,88.46
SKU_017,2023-06-22,105,Personal Care,346.01
SKU_017,2023-06-23,103,Personal Care,246.75
SKU_017,2023-06-24,123,Personal Care,214.7
SKU_017,2023-06-25,132,Personal Care,132.38
SKU_017,2023-06-26,125,Personal Care,137.79
SKU_017,2023-06-27,120,Personal Care,131.01
SKU_017,2023-06-28,104,Personal Care,204.98
SKU_017,2023-06-29,121,Personal Care,204.84
SKU_017,2023-06-30,111,Personal Care,469.98
SKU_017,2023-07-01,123,Personal Care,209.08
SKU_017,2023-07-02,129,Personal Care,204.62
SKU_017,2023-07-03,93,Personal Care,67.85
SKU_017,2023-07-04,92,Personal Care,221.33
SKU_017,2023-07-05,96,Personal Care,478.49
SKU_017,2023-07-06,87,Personal Care,293.0
SKU_017,2023-07-07,101,Personal Care,144.32
SKU_017,2023-07-08,109,Personal Care,78.25
SKU_017,2023-07-09,106,Personal Care,167.69
SKU_017,2023-07-10,103,Personal Care,481.63
SKU_017,2023-07-11,108,Personal Care,175.55
SKU_017,2023-07-12,103,Personal Care,362.31
SKU_017,2023-07-13,110,Personal Care,70.43
SKU_017,2023-07-14,95,Personal Care,471.78
SKU_017,2023-07-15,134,Personal Care,363.84
SKU_017,2023-07-16,113,Personal Care,86.98
SKU_017,2023-07-17,105,Personal Care,458.15
SKU_017,2023-07-18,104,Personal Care,429.04
SKU_017,2023-07-19,89,Personal Care,57.9
SKU_017,2023-07-20,92,Personal Care,368.03
SKU_017,2023-07-21,90,Personal Care,125.45
SKU_017,2023-07-22,113,Personal Care,291.21
SKU_017,2023-07-23,131,Personal Care,212.5
SKU_017,2023-07-24,97,Personal Care,489.89
SKU_017,2023-07-25,124,Personal Care,305.27
SKU_017,2023-07-26,120,Personal Care,211.38
SKU_017,2023-07-27,121,Personal Care,307.22
SKU_017,2023-07-28,101,Personal Care,248.05
SKU_017,2023-07-29,154,Personal Care,457.32
SKU_017,2023-07-30,123,Personal Care,215.94
SKU_017,2023-07-31,107,Personal Care,186.04
SKU_017,2023-08-01,96,Personal Care,166.21
SKU_017,2023-08-02,90,Personal Care,268.28
SKU_017,2023-08-03,108,Personal Care,176.26
SKU_017,2023-08-04,105,Personal Care,486.99
SKU_017,2023-08-05,132,Personal Care,338.36
SKU_017,2023-08-06,125,Personal Care,195.1
SKU_017,2023-08-07,107,Personal Care,132.63
SKU_017,2023-08-08,96,Personal Care,477.18
SKU_017,2023-08-09,91,Personal Care,489.02
SKU_017,2023-08-10,93,Personal Care,147.09
SKU_017,2023-08-11,102,Personal Care,452.48
SKU_017,2023-08-12,110,Personal Care,336.76
SKU_017,2023-08-13,126,Personal Care,303.15
SKU_017,2023-08-14,91,Personal Care,208.23
SKU_017,2023-08-15,102,Personal Care,316.55
SKU_017,2023-08-16,103,Personal Care,379.4
SKU_017,2023-08-17,102,Personal Care,429.1
SKU_017,2023-08-18,107,Personal Care,107.74
SKU_017,2023-08-19,135,Personal Care,434.46
SKU_017,2023-08-20,132,Personal Care,237.33
SKU_017,2023-08-21,103,Personal Care,312.41
SKU_017,2023-08-22,98,Personal Care,229.67
SKU_017,2023-08-23,106,Personal Care,299.84
SKU_017,2023-08-24,108,Personal Care,191.22
SKU_017,2023-08-25,125,Personal Care,231.11
SKU_017,2023-08-26,121,Personal Care,409.98
SKU_017,2023-08-27,119,Personal Care,277.6
SKU_017,2023-08-28,112,Personal Care,123.53
SKU_017,2023-08-29,130,Personal Care,216.43
SKU_017,2023-08-30,129,Personal Care,263.86
SKU_017,2023-08-31,98,Personal Care,224.72
SKU_017,2023-09-01,108,Personal Care,457.02
SKU_017,2023-09-02,106,Personal Care,145.1
SKU_017,2023-09-03,103,Personal Care,421.03
SKU_017,2023-09-04,100,Personal Care,463.3
SKU_017,2023-09-05,105,Personal Care,241.93
SKU_017,2023-09-06,111,Personal Care,85.53
SKU_017,2023-09-07,113,Personal Care,64.62
SKU_017,2023-09-08,110,Personal Care,90.1
SKU_017,2023-09-09,128,Personal Care,497.74
SKU_017,2023-09-10,106,Personal Care,285.42
SKU_017,2023-09-11,103,Personal Care,331.26
SKU_017,2023-09-12,99,Personal Care,202.74
SKU_017,2023-09-13,113,Personal Care,92.93
SKU_017,2023-09-14,93,Personal Care,480.14
SKU_017,2023-09-15,85,Personal Care,382.01
SKU_017,2023-09-16,111,Personal Care,448.4
SKU_017,2023-09-17,114,Personal Care,155.29
SKU_017,2023-09-18,89,Personal Care,198.39
SKU_017,2023-09-19,112,Personal Care,243.78
SKU_017,2023-09-20,92,Personal Care,218.76
SKU_017,2023-09-21,92,Personal Care,413.18
SKU_017,2023-09-22,92,Personal Care,440.91
SKU_017,2023-09-23,102,Personal Care,314.44
SKU_017,2023-09-24,117,Personal Care,186.2
SKU_017,2023-09-25,122,Personal Care,317.39
SKU_017,2023-09-26,124,Personal Care,436.9
SKU_017,2023-09-27,107,Personal Care,215.7
SKU_017,2023-09-28,117,Personal Care,164.1
SKU_017,2023-09-29,125,Personal Care,333.53
SKU_017,2023-09-30,141,Personal Care,69.22
SKU_017,2023-10-01,167,Personal Care,60.38
SKU_017,2023-10-02,125,Personal Care,172.9
SKU_017,2023-10-03,143,Personal Care,378.8
SKU_017,2023-10-04,114,Personal Care,415.2
SKU_017,2023-10-05,112,Personal Care,178.58
SKU_017,2023-10-06,122,Personal Care,54.71
SKU_017,2023-10-07,147,Personal Care,125.83
SKU_017,2023-10-08,248,Personal Care,72.87
SKU_017,2023-10-09,174,Personal Care,393.05
SKU_017,2023-10-10,170,Personal Care,450.99
SKU_017,2023-10-11,187,Personal Care,122.83
SKU_017,2023-10-12,166,Personal Care,403.4
SKU_017,2023-10-13,218,Personal Care,243.66
SKU_017,2023-10-14,206,Personal Care,228.54
SKU_017,2023-10-15,409,Personal Care,280.05
SKU_017,2023-10-16,138,Personal Care,74.74
SKU_017,2023-10-17,215,Personal Care,493.61
SKU_017,2023-10-18,204,Personal Care,421.62
SKU_017,2023-10-19,197,Personal Care,472.8
SKU_017,2023-10-20,188,Personal Care,381.05
SKU_017,2023-10-21,238,Personal Care,445.13
SKU_017,2023-10-22,203,Personal Care,349.96
SKU_017,2023-10-23,195,Personal Care,96.89
SKU_017,2023-10-24,357,Personal Care,327.84
SKU_017,2023-10-25,133,Personal Care,199.26
SKU_017,2023-10-26,132,Personal Care,156.49
SKU_017,2023-10-27,154,Personal Care,316.99
SKU_017,2023-10-28,184,Personal Care,164.5
SKU_017,2023-10-29,152,Personal Care,336.72
SKU_017,2023-10-30,165,Personal Care,445.4
SKU_017,2023-10-31,136,Personal Care,138.52
SKU_017,2023-11-01,117,Personal Care,289.15
SKU_017,2023-11-02,125,Personal Care,422.53
SKU_017,2023-11-03,118,Personal Care,197.45
SKU_017,2023-11-04,170,Personal Care,312.68
SKU_017,2023-11-05,144,Personal Care,316.77
SKU_017,2023-11-06,115,Personal Care,401.1
SKU_017,2023-11-07,115,Personal Care,147.9
SKU_017,2023-11-08,117,Personal Care,179.6
SKU_017,2023-11-09,113,Personal Care,124.22
SKU_017,2023-11-10,133,Personal Care,308.51
SKU_017,2023-11-11,149,Personal Care,493.08
SKU_017,2023-11-12,147,Personal Care,195.98
SKU_017,2023-11-13,140,Personal Care,485.2
SKU_017,2023-11-14,122,Personal Care,104.55
SKU_017,2023-11-15,129,Personal Care,315.43
SKU_017,2023-11-16,121,Personal Care,408.35
SKU_017,2023-11-17,134,Personal Care,317.76
SKU_017,2023-11-18,157,Personal Care,381.9
SKU_017,2023-11-19,173,Personal Care,217.04
SKU_017,2023-11-20,127,Personal Care,315.0
SKU_017,2023-11-21,141,Personal Care,427.03
SKU_017,2023-11-22,139,Personal Care,54.22
SKU_017,2023-11-23,134,Personal Care,160.75
SKU_017,2023-11-24,119,Personal Care,56.58
SKU_017,2023-11-25,168,Personal Care,250.15
SKU_017,2023-11-26,190,Personal Care,276.47
SKU_017,2023-11-27,158,Personal Care,498.21
SKU_017,2023-11-28,159,Personal Care,133.48
SKU_017,2023-11-29,145,Personal Care,197.33
SKU_017,2023-11-30,157,Personal Care,133.61
SKU_017,2023-12-01,119,Personal Care,470.74
SKU_017,2023-12-02,142,Personal Care,428.99
SKU_017,2023-12-03,136,Personal Care,85.21
SKU_017,2023-12-04,147,Personal Care,119.67
SKU_017,2023-12-05,116,Personal Care,348.61
SKU_017,2023-12-06,117,Personal Care,245.48
SKU_017,2023-12-07,139,Personal Care,311.57
SKU_017,2023-12-08,110,Personal Care,68.55
SKU_017,2023-12-09,176,Personal Care,190.91
SKU_017,2023-12-10,148,Personal Care,161.28
SKU_017,2023-12-11,124,Personal Care,409.09
SKU_017,2023-12-12,116,Personal Care,273.12
SKU_017,2023-12-13,144,Personal Care,233.1
SKU_017,2023-12-14,149,Personal Care,192.16
SKU_017,2023-12-15,144,Personal Care,79.69
SKU_017,2023-12-16,154,Personal Care,192.92
SKU_017,2023-12-17,155,Personal Care,142.34
SKU_017,2023-12-18,147,Personal Care,466.52
SKU_017,2023-12-19,136,Personal Care,131.31
SKU_017,2023-12-20,124,Personal Care,87.26
SKU_017,2023-12-21,127,Personal Care,314.07
SKU_017,2023-12-22,128,Personal Care,266.88
SKU_017,2023-12-23,172,Personal Care,433.65
SKU_017,2023-12-24,147,Personal Care,116.35
SKU_017,2023-12-25,134,Personal Care,156.95
SKU_017,2023-12-26,167,Personal Care,403.72
SKU_017,2023-12-27,170,Personal Care,476.14
SKU_017,2023-12-28,153,Personal Care,191.6
SKU_017,2023-12-29,147,Personal Care,79.61
SKU_017,2023-12-30,199,Personal Care,495.8
SKU_017,2023-12-31,191,Personal Care,93.12
SKU_017,2024-01-01,105,Personal Care,287.92
SKU_017,2024-01-02,97,Personal Care,321.86
SKU_017,2024-01-03,89,Personal Care,59.63
SKU_017,2024-01-04,98,Personal Care,494.98
SKU_017,2024-01-05,107,Personal Care,262.91
SKU_017,2024-01-06,131,Personal Care,108.87
SKU_017,2024-01-07,118,Personal Care,209.95
SKU_017,2024-01-08,137,Personal Care,377.6
SKU_017,2024-01-09,133,Personal Care,266.79
SKU_017,2024-01-10,160,Personal Care,425.79
SKU_017,2024-01-11,130,Personal Care,419.92
SKU_017,2024-01-12,131,Personal Care,392.52
SKU_017,2024-01-13,171,Personal Care,124.33
SKU_017,2024-01-14,174,Personal Care,468.77
SKU_017,2024-01-15,244,Personal Care,51.91
SKU_017,2024-01-16,108,Personal Care,53.92
SKU_017,2024-01-17,114,Personal Care,241.91
SKU_017,2024-01-18,113,Personal Care,157.85
SKU_017,2024-01-19,105,Personal Care,387.55
SKU_017,2024-01-20,131,Personal Care,473.04
SKU_017,2024-01-21,126,Personal Care,310.38
SKU_017,2024-01-22,101,Personal Care,319.66
SKU_017,2024-01-23,100,Personal Care,284.21
SKU_017,2024-01-24,109,Personal Care,111.93
SKU_017,2024-01-25,131,Personal Care,489.65
SKU_017,2024-01-26,126,Personal Care,400.34
SKU_017,2024-01-27,135,Personal Care,470.7
SKU_017,2024-01-28,120,Personal Care,302.42
SKU_017,2024-01-29,101,Personal Care,118.68
SKU_017,2024-01-30,115,Personal Care,121.32
SKU_017,2024-01-31,110,Personal Care,268.78
SKU_017,2024-02-01,94,Personal Care,175.17
SKU_017,2024-02-02,114,Personal Care,157.74
SKU_017,2024-02-03,132,Personal Care,228.75
SKU_017,2024-02-04,121,Personal Care,356.35
SKU_017,2024-02-05,104,Personal Care,396.92
SKU_017,2024-02-06,104,Personal Care,357.61
SKU_017,2024-02-07,90,Personal Care,81.29
SKU_017,2024-02-08,91,Personal Care,478.53
SKU_017,2024-02-09,109,Personal Care,360.81
SKU_017,2024-02-10,117,Personal Care,147.0
SKU_017,2024-02-11,126,Personal Care,103.91
SKU_017,2024-02-12,96,Personal Care,428.56
SKU_017,2024-02-13,89,Personal Care,255.58
SKU_017,2024-02-14,109,Personal Care,352.97
SKU_017,2024-02-15,90,Personal Care,62.97
SKU_017,2024-02-16,105,Personal Care,454.83
SKU_017,2024-02-17,120,Personal Care,446.73
SKU_017,2024-02-18,135,Personal Care,217.43
SKU_017,2024-02-19,90,Personal Care,202.83
SKU_017,2024-02-20,105,Personal Care,165.38
SKU_017,2024-02-21,107,Personal Care,195.16
SKU_017,2024-02-22,93,Personal Care,282.34
SKU_017,2024-02-23,93,Personal Care,371.48
SKU_017,2024-02-24,102,Personal Care,365.76
SKU_017,2024-02-25,123,Personal Care,266.25
SKU_017,2024-02-26,117,Personal Care,378.19
SKU_017,2024-02-27,98,Personal Care,146.54
SKU_017,2024-02-28,125,Personal Care,323.44
SKU_017,2024-02-29,105,Personal Care,478.08
SKU_017,2024-03-01,94,Personal Care,149.17
SKU_017,2024-03-02,134,Personal Care,168.64
SKU_017,2024-03-03,121,Personal Care,309.85
SKU_017,2024-03-04,100,Personal Care,210.4
SKU_017,2024-03-05,90,Personal Care,257.19
SKU_017,2024-03-06,98,Personal Care,414.5
SKU_017,2024-03-07,90,Personal Care,244.21
SKU_017,2024-03-08,113,Personal Care,382.79
SKU_017,2024-03-09,104,Personal Care,240.04
SKU_017,2024-03-10,123,Personal Care,202.64
SKU_017,2024-03-11,93,Personal Care,363.5
SKU_017,2024-03-12,112,Personal Care,118.2
SKU_017,2024-03-13,87,Personal Care,148.04
SKU_017,2024-03-14,93,Personal Care,369.81
SKU_017,2024-03-15,95,Personal Care,272.95
SKU_017,2024-03-16,125,Personal Care,97.5
SKU_017,2024-03-17,122,Personal Care,195.45
SKU_017,2024-03-18,102,Personal Care,257.62
SKU_017,2024-03-19,108,Personal Care,216.14
SKU_017,2024-03-20,86,Personal Care,57.62
SKU_017,2024-03-21,102,Personal Care,204.15
SKU_017,2024-03-22,105,Personal Care,177.13
SKU_017,2024-03-23,120,Personal Care,280.23
SKU_017,2024-03-24,111,Personal Care,151.92
SKU_017,2024-03-25,107,Personal Care,208.37
SKU_017,2024-03-26,123,Personal Care,366.64
SKU_017,2024-03-27,125,Personal Care,119.95
SKU_017,2024-03-28,129,Personal Care,367.66
SKU_017,2024-03-29,109,Personal Care,449.55
SKU_017,2024-03-30,131,Personal Care,65.61
SKU_017,2024-03-31,137,Personal Care,433.59
SKU_017,2024-04-01,106,Personal Care,96.26
SKU_017,2024-04-02,97,Personal Care,462.1
SKU_017,2024-04-03,99,Personal Care,294.86
SKU_017,2024-04-04,111,Personal Care,121.95
SKU_017,2024-04-05,98,Personal Care,471.92
SKU_017,2024-04-06,136,Personal Care,361.8
SKU_017,2024-04-07,121,Personal Care,147.66
SKU_017,2024-04-08,106,Personal Care,241.2
SKU_017,2024-04-09,105,Personal Care,270.74
SKU_017,2024-04-10,96,Personal Care,217.27
SKU_017,2024-04-11,88,Personal Care,289.27
SKU_017,2024-04-12,107,Personal Care,221.64
SKU_017,2024-04-13,105,Personal Care,79.18
SKU_017,2024-04-14,136,Personal Care,194.66
SKU_017,2024-04-15,102,Personal Care,398.68
SKU_017,2024-04-16,110,Personal Care,201.75
SKU_017,2024-04-17,86,Personal Care,360.65
SKU_017,2024-04-18,105,Personal Care,433.83
SKU_017,2024-04-19,109,Personal Care,447.79
SKU_017,2024-04-20,115,Personal Care,195.22
SKU_017,2024-04-21,117,Personal Care,425.58
SKU_017,2024-04-22,91,Personal Care,301.57
SKU_017,2024-04-23,106,Personal Care,133.3
SKU_017,2024-04-24,93,Personal Care,157.48
SKU_017,2024-04-25,107,Personal Care,266.26
SKU_017,2024-04-26,129,Personal Care,274.8
SKU_017,2024-04-27,153,Personal Care,293.64
SKU_017,2024-04-28,133,Personal Care,352.49
SKU_017,2024-04-29,120,Personal Care,269.23
SKU_017,2024-04-30,131,Personal Care,157.79
SKU_017,2024-05-01,104,Personal Care,81.52
SKU_017,2024-05-02,91,Personal Care,187.87
SKU_017,2024-05-03,111,Personal Care,384.86
SKU_017,2024-05-04,116,Personal Care,196.49
SKU_017,2024-05-05,129,Personal Care,139.36
SKU_017,2024-05-06,114,Personal Care,433.63
SKU_017,2024-05-07,89,Personal Care,64.87
SKU_017,2024-05-08,95,Personal Care,68.3
SKU_017,2024-05-09,94,Personal Care,108.27
SKU_017,2024-05-10,110,Personal Care,307.65
SKU_017,2024-05-11,119,Personal Care,111.77
SKU_017,2024-05-12,129,Personal Care,195.6
SKU_017,2024-05-13,104,Personal Care,50.71
SKU_017,2024-05-14,102,Personal Care,279.42
SKU_017,2024-05-15,89,Personal Care,339.97
SKU_017,2024-05-16,85,Personal Care,331.14
SKU_017,2024-05-17,100,Personal Care,410.7
SKU_017,2024-05-18,117,Personal Care,432.95
SKU_017,2024-05-19,122,Personal Care,456.27
SKU_017,2024-05-20,107,Personal Care,231.65
SKU_017,2024-05-21,98,Personal Care,384.45
SKU_017,2024-05-22,112,Personal Care,132.5
SKU_017,2024-05-23,91,Personal Care,82.82
SKU_017,2024-05-24,88,Personal Care,65.86
SKU_017,2024-05-25,154,Personal Care,126.26
SKU_017,2024-05-26,133,Personal Care,66.23
SKU_017,2024-05-27,118,Personal Care,133.86
SKU_017,2024-05-28,108,Personal Care,475.85
SKU_017,2024-05-29,111,Personal Care,334.92
SKU_017,2024-05-30,107,Personal Care,437.96
SKU_017,2024-05-31,123,Personal Care,298.55
SKU_017,2024-06-01,134,Personal Care,405.44
SKU_017,2024-06-02,125,Personal Care,161.3
SKU_017,2024-06-03,102,Personal Care,409.78
SKU_017,2024-06-04,113,Personal Care,132.48
SKU_017,2024-06-05,93,Personal Care,234.13
SKU_017,2024-06-06,110,Personal Care,430.05
SKU_017,2024-06-07,87,Personal Care,150.4
SKU_017,2024-06-08,125,Personal Care,387.3
SKU_017,2024-06-09,114,Personal Care,109.32
SKU_017,2024-06-10,95,Personal Care,147.53
SKU_017,2024-06-11,105,Personal Care,89.85
SKU_017,2024-06-12,91,Personal Care,259.35
SKU_017,2024-06-13,109,Personal Care,410.71
SKU_017,2024-06-14,109,Personal Care,91.42
SKU_017,2024-06-15,121,Personal Care,215.41
SKU_017,2024-06-16,137,Personal Care,129.37
SKU_017,2024-06-17,91,Personal Care,294.09
SKU_017,2024-06-18,86,Personal Care,389.88
SKU_017,2024-06-19,111,Personal Care,431.35
SKU_017,2024-06-20,107,Personal Care,277.72
SKU_017,2024-06-21,103,Personal Care,102.15
SKU_017,2024-06-22,129,Personal Care,425.76
SKU_017,2024-06-23,107,Personal Care,344.99
SKU_017,2024-06-24,100,Personal Care,200.27
SKU_017,2024-06-25,100,Personal Care,340.85
SKU_017,2024-06-26,106,Personal Care,145.0
SKU_017,2024-06-27,120,Personal Care,444.76
SKU_017,2024-06-28,128,Personal Care,217.11
SKU_017,2024-06-29,151,Personal Care,483.02
SKU_017,2024-06-30,151,Personal Care,172.73
SKU_017,2024-07-01,114,Personal Care,133.95
SKU_017,2024-07-02,113,Personal Care,440.86
SKU_017,2024-07-03,98,Personal Care,109.4
SKU_017,2024-07-04,85,Personal Care,84.46
SKU_017,2024-07-05,105,Personal Care,304.22
SKU_017,2024-07-06,109,Personal Care,150.28
SKU_017,2024-07-07,117,Personal Care,80.12
SKU_017,2024-07-08,86,Personal Care,77.25
SKU_017,2024-07-09,108,Personal Care,327.38
SKU_017,2024-07-10,112,Personal Care,124.43
SKU_017,2024-07-11,92,Personal Care,289.5
SKU_017,2024-07-12,95,Personal Care,294.38
SKU_017,2024-07-13,132,Personal Care,191.1
SKU_017,2024-07-14,135,Personal Care,216.66
SKU_017,2024-07-15,113,Personal Care,89.75
SKU_017,2024-07-16,110,Personal Care,433.49
SKU_017,2024-07-17,110,Personal Care,488.79
SKU_017,2024-07-18,108,Personal Care,160.83
SKU_017,2024-07-19,100,Personal Care,404.7
SKU_017,2024-07-20,111,Personal Care,408.32
SKU_017,2024-07-21,106,Personal Care,333.67
SKU_017,2024-07-22,95,Personal Care,248.74
SKU_017,2024-07-23,111,Personal Care,263.45
SKU_017,2024-07-24,105,Personal Care,465.02
SKU_017,2024-07-25,103,Personal Care,361.29
SKU_017,2024-07-26,98,Personal Care,318.35
SKU_017,2024-07-27,123,Personal Care,242.14
SKU_017,2024-07-28,135,Personal Care,243.17
SKU_017,2024-07-29,106,Personal Care,452.0
SKU_017,2024-07-30,105,Personal Care,316.56
SKU_017,2024-07-31,128,Personal Care,398.89
SKU_017,2024-08-01,85,Personal Care,258.42
SKU_017,2024-08-02,90,Personal Care,311.78
SKU_017,2024-08-03,112,Personal Care,433.07
SKU_017,2024-08-04,135,Personal Care,298.44
SKU_017,2024-08-05,89,Personal Care,75.24
SKU_017,2024-08-06,101,Personal Care,132.15
SKU_017,2024-08-07,111,Personal Care,204.52
SKU_017,2024-08-08,91,Personal Care,136.88
SKU_017,2024-08-09,107,Personal Care,195.73
SKU_017,2024-08-10,133,Personal Care,93.07
SKU_017,2024-08-11,110,Personal Care,156.46
SKU_017,2024-08-12,103,Personal Care,105.97
SKU_017,2024-08-13,98,Personal Care,311.31
SKU_017,2024-08-14,103,Personal Care,331.91
SKU_017,2024-08-15,107,Personal Care,241.81
SKU_017,2024-08-16,113,Personal Care,484.11
SKU_017,2024-08-17,103,Personal Care,389.16
SKU_017,2024-08-18,108,Personal Care,185.07
SKU_017,2024-08-19,105,Personal Care,95.37
SKU_017,2024-08-20,95,Personal Care,231.31
SKU_017,2024-08-21,113,Personal Care,397.0
SKU_017,2024-08-22,87,Personal Care,146.02
SKU_017,2024-08-23,104,Personal Care,367.26
SKU_017,2024-08-24,105,Personal Care,92.06
SKU_017,2024-08-25,155,Personal Care,418.05
SKU_017,2024-08-26,107,Personal Care,79.29
SKU_017,2024-08-27,114,Personal Care,452.08
SKU_017,2024-08-28,113,Personal Care,168.8
SKU_017,2024-08-29,111,Personal Care,327.62
SKU_017,2024-08-30,111,Personal Care,196.68
SKU_017,2024-08-31,131,Personal Care,216.92
SKU_017,2024-09-01,135,Personal Care,252.99
SKU_017,2024-09-02,100,Personal Care,363.77
SKU_017,2024-09-03,96,Personal Care,311.54
SKU_017,2024-09-04,94,Personal Care,399.33
SKU_017,2024-09-05,93,Personal Care,377.0
SKU_017,2024-09-06,105,Personal Care,457.95
SKU_017,2024-09-07,131,Personal Care,234.63
SKU_017,2024-09-08,130,Personal Care,375.08
SKU_017,2024-09-09,101,Personal Care,245.51
SKU_017,2024-09-10,105,Personal Care,109.2
SKU_017,2024-09-11,106,Personal Care,395.77
SKU_017,2024-09-12,110,Personal Care,198.56
SKU_017,2024-09-13,91,Personal Care,477.66
SKU_017,2024-09-14,103,Personal Care,308.72
SKU_017,2024-09-15,109,Personal Care,297.51
SKU_017,2024-09-16,100,Personal Care,469.27
SKU_017,2024-09-17,93,Personal Care,370.64
SKU_017,2024-09-18,100,Personal Care,257.23
SKU_017,2024-09-19,99,Personal Care,443.15
SKU_017,2024-09-20,89,Personal Care,406.79
SKU_017,2024-09-21,121,Personal Care,455.23
SKU_017,2024-09-22,120,Personal Care,292.73
SKU_017,2024-09-23,105,Personal Care,194.48
SKU_017,2024-09-24,96,Personal Care,468.31
SKU_017,2024-09-25,126,Personal Care,292.11
SKU_017,2024-09-26,126,Personal Care,427.45
SKU_017,2024-09-27,127,Personal Care,404.92
SKU_017,2024-09-28,137,Personal Care,371.64
SKU_017,2024-09-29,127,Personal Care,220.38
SKU_017,2024-09-30,108,Personal Care,499.11
SKU_017,2024-10-01,128,Personal Care,88.63
SKU_017,2024-10-02,136,Personal Care,134.88
SKU_017,2024-10-03,147,Personal Care,103.64
SKU_017,2024-10-04,113,Personal Care,77.29
SKU_017,2024-10-05,206,Personal Care,427.0
SKU_017,2024-10-06,221,Personal Care,185.98
SKU_017,2024-10-07,185,Personal Care,98.02
SKU_017,2024-10-08,199,Personal Care,198.83
SKU_017,2024-10-09,182,Personal Care,189.88
SKU_017,2024-10-10,217,Personal Care,190.73
SKU_017,2024-10-11,195,Personal Care,132.71
SKU_017,2024-10-12,339,Personal Care,447.75
SKU_017,2024-10-13,157,Personal Care,228.79
SKU_017,2024-10-14,125,Personal Care,397.03
SKU_017,2024-10-15,125,Personal Care,280.96
SKU_017,2024-10-16,126,Personal Care,476.37
SKU_017,2024-10-17,140,Personal Care,217.67
SKU_017,2024-10-18,140,Personal Care,209.14
SKU_017,2024-10-19,174,Personal Care,485.91
SKU_017,2024-10-20,138,Personal Care,387.6
SKU_017,2024-10-21,135,Personal Care,74.09
SKU_017,2024-10-22,119,Personal Care,350.85
SKU_017,2024-10-23,111,Personal Care,193.26
SKU_017,2024-10-24,117,Personal Care,57.06
SKU_017,2024-10-25,222,Personal Care,379.03
SKU_017,2024-10-26,251,Personal Care,380.04
SKU_017,2024-10-27,273,Personal Care,245.96
SKU_017,2024-10-28,221,Personal Care,382.64
SKU_017,2024-10-29,245,Personal Care,343.63
SKU_017,2024-10-30,247,Personal Care,211.04
SKU_017,2024-10-31,228,Personal Care,298.18
SKU_017,2024-11-01,279,Personal Care,492.51
SKU_017,2024-11-02,176,Personal Care,372.3
SKU_017,2024-11-03,135,Personal Care,171.81
SKU_017,2024-11-04,127,Personal Care,101.7
SKU_017,2024-11-05,135,Personal Care,312.07
SKU_017,2024-11-06,142,Personal Care,248.58
SKU_017,2024-11-07,136,Personal Care,236.31
SKU_017,2024-11-08,111,Personal Care,442.49
SKU_017,2024-11-09,168,Personal Care,287.99
SKU_017,2024-11-10,177,Personal Care,256.2
SKU_017,2024-11-11,137,Personal Care,489.47
SKU_017,2024-11-12,120,Personal Care,480.98
SKU_017,2024-11-13,120,Personal Care,264.36
SKU_017,2024-11-14,124,Personal Care,282.78
SKU_017,2024-11-15,117,Personal Care,339.82
SKU_017,2024-11-16,147,Personal Care,176.75
SKU_017,2024-11-17,140,Personal Care,234.52
SKU_017,2024-11-18,112,Personal Care,469.35
SKU_017,2024-11-19,116,Personal Care,424.7
SKU_017,2024-11-20,136,Personal Care,466.84
SKU_017,2024-11-21,127,Personal Care,139.87
SKU_017,2024-11-22,148,Personal Care,483.58
SKU_017,2024-11-23,133,Personal Care,109.16
SKU_017,2024-11-24,167,Personal Care,434.35
SKU_017,2024-11-25,128,Personal Care,320.51
SKU_017,2024-11-26,157,Personal Care,98.88
SKU_017,2024-11-27,141,Personal Care,362.73
SKU_017,2024-11-28,127,Personal Care,488.14
SKU_017,2024-11-29,152,Personal Care,351.51
SKU_017,2024-11-30,166,Personal Care,176.57
SKU_017,2024-12-01,157,Personal Care,277.21
SKU_017,2024-12-02,137,Personal Care,395.93
SKU_017,2024-12-03,129,Personal Care,355.82
SKU_017,2024-12-04,114,Personal Care,399.88
SKU_017,2024-12-05,129,Personal Care,476.44
SKU_017,2024-12-06,144,Personal Care,144.39
SKU_017,2024-12-07,138,Personal Care,208.9
SKU_017,2024-12-08,150,Personal Care,166.27
SKU_017,2024-12-09,125,Personal Care,485.06
SKU_017,2024-12-10,132,Personal Care,470.74
SKU_017,2024-12-11,125,Personal Care,454.04
SKU_017,2024-12-12,112,Personal Care,124.64
SKU_017,2024-12-13,137,Personal Care,436.16
SKU_017,2024-12-14,177,Personal Care,166.65
SKU_017,2024-12-15,147,Personal Care,138.66
SKU_017,2024-12-16,128,Personal Care,226.54
SKU_017,2024-12-17,149,Personal Care,334.48
SKU_017,2024-12-18,113,Personal Care,373.21
SKU_017,2024-12-19,117,Personal Care,359.3
SKU_017,2024-12-20,131,Personal Care,97.62
SKU_017,2024-12-21,143,Personal Care,70.88
SKU_017,2024-12-22,177,Personal Care,96.86
SKU_017,2024-12-23,141,Personal Care,351.8
SKU_017,2024-12-24,113,Personal Care,419.92
SKU_017,2024-12-25,169,Personal Care,484.42
SKU_017,2024-12-26,156,Personal Care,455.79
SKU_017,2024-12-27,145,Personal Care,436.44
SKU_017,2024-12-28,192,Personal Care,374.62
SKU_017,2024-12-29,152,Personal Care,343.13
SKU_017,2024-12-30,151,Personal Care,449.29
SKU_017,2024-12-31,135,Personal Care,86.95
SKU_018,2023-01-01,100,Personal Care,90.57
SKU_018,2023-01-02,90,Personal Care,203.16
SKU_018,2023-01-03,79,Personal Care,204.45
SKU_018,2023-01-04,80,Personal Care,300.21
SKU_018,2023-01-05,73,Personal Care,455.07
SKU_018,2023-01-06,72,Personal Care,339.89
SKU_018,2023-01-07,86,Personal Care,159.01
SKU_018,2023-01-08,91,Personal Care,184.22
SKU_018,2023-01-09,74,Personal Care,392.64
SKU_018,2023-01-10,82,Personal Care,180.28
SKU_018,2023-01-11,75,Personal Care,199.08
SKU_018,2023-01-12,89,Personal Care,112.33
SKU_018,2023-01-13,73,Personal Care,281.72
SKU_018,2023-01-14,112,Personal Care,60.19
SKU_018,2023-01-15,107,Personal Care,496.17
SKU_018,2023-01-16,73,Personal Care,208.97
SKU_018,2023-01-17,89,Personal Care,318.26
SKU_018,2023-01-18,88,Personal Care,369.3
SKU_018,2023-01-19,72,Personal Care,245.99
SKU_018,2023-01-20,89,Personal Care,433.05
SKU_018,2023-01-21,110,Personal Care,352.71
SKU_018,2023-01-22,87,Personal Care,390.03
SKU_018,2023-01-23,80,Personal Care,158.21
SKU_018,2023-01-24,76,Personal Care,260.18
SKU_018,2023-01-25,89,Personal Care,150.25
SKU_018,2023-01-26,86,Personal Care,359.97
SKU_018,2023-01-27,93,Personal Care,103.95
SKU_018,2023-01-28,102,Personal Care,51.13
SKU_018,2023-01-29,105,Personal Care,470.0
SKU_018,2023-01-30,98,Personal Care,331.76
SKU_018,2023-01-31,109,Personal Care,474.25
SKU_018,2023-02-01,77,Personal Care,139.5
SKU_018,2023-02-02,74,Personal Care,63.82
SKU_018,2023-02-03,74,Personal Care,271.6
SKU_018,2023-02-04,93,Personal Care,402.44
SKU_018,2023-02-05,112,Personal Care,84.99
SKU_018,2023-02-06,91,Personal Care,86.74
SKU_018,2023-02-07,90,Personal Care,434.95
SKU_018,2023-02-08,88,Personal Care,336.74
SKU_018,2023-02-09,94,Personal Care,195.78
SKU_018,2023-02-10,75,Personal Care,480.35
SKU_018,2023-02-11,87,Personal Care,406.85
SKU_018,2023-02-12,101,Personal Care,180.91
SKU_018,2023-02-13,74,Personal Care,260.32
SKU_018,2023-02-14,75,Personal Care,84.02
SKU_018,2023-02-15,89,Personal Care,236.63
SKU_018,2023-02-16,73,Personal Care,324.03
SKU_018,2023-02-17,81,Personal Care,152.44
SKU_018,2023-02-18,87,Personal Care,409.68
SKU_018,2023-02-19,93,Personal Care,207.92
SKU_018,2023-02-20,82,Personal Care,289.21
SKU_018,2023-02-21,94,Personal Care,175.82
SKU_018,2023-02-22,87,Personal Care,208.65
SKU_018,2023-02-23,85,Personal Care,392.09
SKU_018,2023-02-24,73,Personal Care,52.58
SKU_018,2023-02-25,109,Personal Care,360.17
SKU_018,2023-02-26,113,Personal Care,159.05
SKU_018,2023-02-27,85,Personal Care,208.03
SKU_018,2023-02-28,110,Personal Care,188.9
SKU_018,2023-03-01,93,Personal Care,437.76
SKU_018,2023-03-02,80,Personal Care,492.63
SKU_018,2023-03-03,93,Personal Care,376.31
SKU_018,2023-03-04,108,Personal Care,317.12
SKU_018,2023-03-05,103,Personal Care,452.71
SKU_018,2023-03-06,86,Personal Care,285.45
SKU_018,2023-03-07,93,Personal Care,487.37
SKU_018,2023-03-08,77,Personal Care,72.9
SKU_018,2023-03-09,88,Personal Care,306.53
SKU_018,2023-03-10,85,Personal Care,186.05
SKU_018,2023-03-11,87,Personal Care,384.87
SKU_018,2023-03-12,88,Personal Care,467.15
SKU_018,2023-03-13,71,Personal Care,392.9
SKU_018,2023-03-14,96,Personal Care,405.7
SKU_018,2023-03-15,75,Personal Care,436.06
SKU_018,2023-03-16,73,Personal Care,279.82
SKU_018,2023-03-17,83,Personal Care,497.44
SKU_018,2023-03-18,92,Personal Care,355.39
SKU_018,2023-03-19,100,Personal Care,445.18
SKU_018,2023-03-20,84,Personal Care,395.26
SKU_018,2023-03-21,71,Personal Care,206.92
SKU_018,2023-03-22,78,Personal Care,495.6
SKU_018,2023-03-23,95,Personal Care,405.09
SKU_018,2023-03-24,86,Personal Care,446.24
SKU_018,2023-03-25,116,Personal Care,130.62
SKU_018,2023-03-26,106,Personal Care,452.07
SKU_018,2023-03-27,97,Personal Care,103.26
SKU_018,2023-03-28,97,Personal Care,261.72
SKU_018,2023-03-29,104,Personal Care,173.09
SKU_018,2023-03-30,98,Personal Care,345.23
SKU_018,2023-03-31,84,Personal Care,463.21
SKU_018,2023-04-01,95,Personal Care,279.24
SKU_018,2023-04-02,106,Personal Care,405.22
SKU_018,2023-04-03,90,Personal Care,421.58
SKU_018,2023-04-04,72,Personal Care,56.1
SKU_018,2023-04-05,91,Personal Care,54.45
SKU_018,2023-04-06,85,Personal Care,126.48
SKU_018,2023-04-07,77,Personal Care,335.14
SKU_018,2023-04-08,93,Personal Care,274.45
SKU_018,2023-04-09,104,Personal Care,124.89
SKU_018,2023-04-10,84,Personal Care,415.24
SKU_018,2023-04-11,72,Personal Care,334.5
SKU_018,2023-04-12,91,Personal Care,154.16
SKU_018,2023-04-13,73,Personal Care,293.5
SKU_018,2023-04-14,88,Personal Care,402.39
SKU_018,2023-04-15,108,Personal Care,158.64
SKU_018,2023-04-16,97,Personal Care,452.13
SKU_018,2023-04-17,92,Personal Care,428.11
SKU_018,2023-04-18,94,Personal Care,388.52
SKU_018,2023-04-19,81,Personal Care,119.21
SKU_018,2023-04-20,95,Personal Care,435.91
SKU_018,2023-04-21,82,Personal Care,493.78
SKU_018,2023-04-22,100,Personal Care,456.31
SKU_018,2023-04-23,92,Personal Care,266.03
SKU_018,2023-04-24,74,Personal Care,117.03
SKU_018,2023-04-25,88,Personal Care,256.02
SKU_018,2023-04-26,104,Personal Care,159.94
SKU_018,2023-04-27,94,Personal Care,470.78
SKU_018,2023-04-28,103,Personal Care,216.73
SKU_018,2023-04-29,124,Personal Care,347.33
SKU_018,2023-04-30,100,Personal Care,136.62
SKU_018,2023-05-01,81,Personal Care,409.86
SKU_018,2023-05-02,92,Personal Care,325.7
SKU_018,2023-05-03,95,Personal Care,126.44
SKU_018,2023-05-04,82,Personal Care,299.52
SKU_018,2023-05-05,88,Personal Care,161.05
SKU_018,2023-05-06,106,Personal Care,268.67
SKU_018,2023-05-07,105,Personal Care,220.32
SKU_018,2023-05-08,74,Personal Care,200.42
SKU_018,2023-05-09,94,Personal Care,322.16
SKU_018,2023-05-10,85,Personal Care,107.48
SKU_018,2023-05-11,88,Personal Care,298.92
SKU_018,2023-05-12,80,Personal Care,310.87
SKU_018,2023-05-13,113,Personal Care,218.35
SKU_018,2023-05-14,110,Personal Care,97.06
SKU_018,2023-05-15,73,Personal Care,292.63
SKU_018,2023-05-16,72,Personal Care,316.17
SKU_018,2023-05-17,89,Personal Care,380.14
SKU_018,2023-05-18,75,Personal Care,394.85
SKU_018,2023-05-19,80,Personal Care,330.47
SKU_018,2023-05-20,115,Personal Care,319.6
SKU_018,2023-05-21,96,Personal Care,369.62
SKU_018,2023-05-22,94,Personal Care,111.56
SKU_018,2023-05-23,88,Personal Care,131.47
SKU_018,2023-05-24,92,Personal Care,194.12
SKU_018,2023-05-25,82,Personal Care,271.45
SKU_018,2023-05-26,100,Personal Care,477.23
SKU_018,2023-05-27,121,Personal Care,118.63
SKU_018,2023-05-28,121,Personal Care,123.0
SKU_018,2023-05-29,105,Personal Care,208.73
SKU_018,2023-05-30,102,Personal Care,53.28
SKU_018,2023-05-31,102,Personal Care,178.7
SKU_018,2023-06-01,84,Personal Care,121.52
SKU_018,2023-06-02,88,Personal Care,318.96
SKU_018,2023-06-03,91,Personal Care,314.05
SKU_018,2023-06-04,97,Personal Care,204.75
SKU_018,2023-06-05,72,Personal Care,366.47
SKU_018,2023-06-06,85,Personal Care,226.95
SKU_018,2023-06-07,75,Personal Care,251.29
SKU_018,2023-06-08,80,Personal Care,272.85
SKU_018,2023-06-09,89,Personal Care,398.81
SKU_018,2023-06-10,102,Personal Care,410.8
SKU_018,2023-06-11,114,Personal Care,445.93
SKU_018,2023-06-12,71,Personal Care,377.53
SKU_018,2023-06-13,96,Personal Care,433.71
SKU_018,2023-06-14,96,Personal Care,105.32
SKU_018,2023-06-15,78,Personal Care,256.19
SKU_018,2023-06-16,76,Personal Care,463.98
SKU_018,2023-06-17,111,Personal Care,285.82
SKU_018,2023-06-18,92,Personal Care,390.68
SKU_018,2023-06-19,96,Personal Care,435.52
SKU_018,2023-06-20,80,Personal Care,106.1
SKU_018,2023-06-21,96,Personal Care,149.56
SKU_018,2023-06-22,76,Personal Care,128.75
SKU_018,2023-06-23,86,Personal Care,176.15
SKU_018,2023-06-24,89,Personal Care,351.4
SKU_018,2023-06-25,122,Personal Care,248.74
SKU_018,2023-06-26,93,Personal Care,245.98
SKU_018,2023-06-27,102,Personal Care,382.61
SKU_018,2023-06-28,87,Personal Care,126.16
SKU_018,2023-06-29,94,Personal Care,332.94
SKU_018,2023-06-30,100,Personal Care,286.0
SKU_018,2023-07-01,96,Personal Care,153.09
SKU_018,2023-07-02,91,Personal Care,101.82
SKU_018,2023-07-03,79,Personal Care,138.93
SKU_018,2023-07-04,88,Personal Care,253.99
SKU_018,2023-07-05,76,Personal Care,55.15
SKU_018,2023-07-06,85,Personal Care,346.5
SKU_018,2023-07-07,95,Personal Care,119.39
SKU_018,2023-07-08,88,Personal Care,323.21
SKU_018,2023-07-09,86,Personal Care,431.19
SKU_018,2023-07-10,80,Personal Care,460.52
SKU_018,2023-07-11,95,Personal Care,233.69
SKU_018,2023-07-12,74,Personal Care,487.16
SKU_018,2023-07-13,76,Personal Care,328.57
SKU_018,2023-07-14,80,Personal Care,464.91
SKU_018,2023-07-15,104,Personal Care,194.21
SKU_018,2023-07-16,94,Personal Care,477.84
SKU_018,2023-07-17,73,Personal Care,228.93
SKU_018,2023-07-18,73,Personal Care,162.22
SKU_018,2023-07-19,79,Personal Care,196.29
SKU_018,2023-07-20,90,Personal Care,135.99
SKU_018,2023-07-21,72,Personal Care,457.07
SKU_018,2023-07-22,87,Personal Care,414.49
SKU_018,2023-07-23,86,Personal Care,446.04
SKU_018,2023-07-24,87,Personal Care,389.64
SKU_018,2023-07-25,82,Personal Care,437.85
SKU_018,2023-07-26,107,Personal Care,318.68
SKU_018,2023-07-27,84,Personal Care,192.13
SKU_018,2023-07-28,109,Personal Care,209.21
SKU_018,2023-07-29,131,Personal Care,66.25
SKU_018,2023-07-30,129,Personal Care,366.0
SKU_018,2023-07-31,105,Personal Care,444.04
SKU_018,2023-08-01,95,Personal Care,281.43
SKU_018,2023-08-02,94,Personal Care,357.98
SKU_018,2023-08-03,75,Personal Care,175.43
SKU_018,2023-08-04,92,Personal Care,218.05
SKU_018,2023-08-05,103,Personal Care,79.55
SKU_018,2023-08-06,92,Personal Care,451.73
SKU_018,2023-08-07,93,Personal Care,100.32
SKU_018,2023-08-08,81,Personal Care,278.58
SKU_018,2023-08-09,93,Personal Care,468.7
SKU_018,2023-08-10,95,Personal Care,78.16
SKU_018,2023-08-11,72,Personal Care,247.69
SKU_018,2023-08-12,86,Personal Care,113.36
SKU_018,2023-08-13,95,Personal Care,452.27
SKU_018,2023-08-14,95,Personal Care,488.14
SKU_018,2023-08-15,96,Personal Care,425.83
SKU_018,2023-08-16,72,Personal Care,328.69
SKU_018,2023-08-17,80,Personal Care,333.56
SKU_018,2023-08-18,86,Personal Care,90.33
SKU_018,2023-08-19,112,Personal Care,243.54
SKU_018,2023-08-20,101,Personal Care,469.16
SKU_018,2023-08-21,84,Personal Care,334.51
SKU_018,2023-08-22,93,Personal Care,484.32
SKU_018,2023-08-23,76,Personal Care,411.97
SKU_018,2023-08-24,82,Personal Care,458.76
SKU_018,2023-08-25,91,Personal Care,404.74
SKU_018,2023-08-26,106,Personal Care,129.04
SKU_018,2023-08-27,111,Personal Care,186.91
SKU_018,2023-08-28,105,Personal Care,494.31
SKU_018,2023-08-29,108,Personal Care,226.9
SKU_018,2023-08-30,84,Personal Care,263.86
SKU_018,2023-08-31,88,Personal Care,365.39
SKU_018,2023-09-01,81,Personal Care,351.3
SKU_018,2023-09-02,105,Personal Care,400.55
SKU_018,2023-09-03,88,Personal Care,131.91
SKU_018,2023-09-04,94,Personal Care,377.4
SKU_018,2023-09-05,94,Personal Care,434.37
SKU_018,2023-09-06,73,Personal Care,320.59
SKU_018,2023-09-07,79,Personal Care,229.4
SKU_018,2023-09-08,74,Personal Care,384.33
SKU_018,2023-09-09,115,Personal Care,79.77
SKU_018,2023-09-10,100,Personal Care,290.02
SKU_018,2023-09-11,94,Personal Care,439.23
SKU_018,2023-09-12,75,Personal Care,182.75
SKU_018,2023-09-13,91,Personal Care,377.07
SKU_018,2023-09-14,75,Personal Care,385.98
SKU_018,2023-09-15,83,Personal Care,107.05
SKU_018,2023-09-16,106,Personal Care,418.27
SKU_018,2023-09-17,99,Personal Care,464.75
SKU_018,2023-09-18,76,Personal Care,237.06
SKU_018,2023-09-19,77,Personal Care,87.27
SKU_018,2023-09-20,92,Personal Care,121.71
SKU_018,2023-09-21,74,Personal Care,389.66
SKU_018,2023-09-22,81,Personal Care,126.82
SKU_018,2023-09-23,94,Personal Care,363.74
SKU_018,2023-09-24,115,Personal Care,55.8
SKU_018,2023-09-25,99,Personal Care,346.65
SKU_018,2023-09-26,105,Personal Care,192.68
SKU_018,2023-09-27,92,Personal Care,130.1
SKU_018,2023-09-28,88,Personal Care,142.57
SKU_018,2023-09-29,89,Personal Care,496.2
SKU_018,2023-09-30,118,Personal Care,116.71
SKU_018,2023-10-01,149,Personal Care,60.72
SKU_018,2023-10-02,120,Personal Care,101.19
SKU_018,2023-10-03,102,Personal Care,181.62
SKU_018,2023-10-04,103,Personal Care,333.56
SKU_018,2023-10-05,99,Personal Care,301.75
SKU_018,2023-10-06,113,Personal Care,189.97
SKU_018,2023-10-07,122,Personal Care,124.37
SKU_018,2023-10-08,194,Personal Care,65.81
SKU_018,2023-10-09,168,Personal Care,168.66
SKU_018,2023-10-10,178,Personal Care,91.7
SKU_018,2023-10-11,160,Personal Care,228.95
SKU_018,2023-10-12,163,Personal Care,95.84
SKU_018,2023-10-13,144,Personal Care,147.93
SKU_018,2023-10-14,218,Personal Care,416.71
SKU_018,2023-10-15,316,Personal Care,326.29
SKU_018,2023-10-16,93,Personal Care,491.45
SKU_018,2023-10-17,182,Personal Care,488.62
SKU_018,2023-10-18,181,Personal Care,120.92
SKU_018,2023-10-19,184,Personal Care,469.25
SKU_018,2023-10-20,157,Personal Care,104.13
SKU_018,2023-10-21,210,Personal Care,376.5
SKU_018,2023-10-22,192,Personal Care,272.84
SKU_018,2023-10-23,150,Personal Care,68.57
SKU_018,2023-10-24,277,Personal Care,467.0
SKU_018,2023-10-25,129,Personal Care,466.23
SKU_018,2023-10-26,113,Personal Care,342.61
SKU_018,2023-10-27,118,Personal Care,187.6
SKU_018,2023-10-28,142,Personal Care,138.25
SKU_018,2023-10-29,141,Personal Care,52.99
SKU_018,2023-10-30,120,Personal Care,205.45
SKU_018,2023-10-31,139,Personal Care,440.44
SKU_018,2023-11-01,107,Personal Care,489.59
SKU_018,2023-11-02,119,Personal Care,163.29
SKU_018,2023-11-03,109,Personal Care,341.53
SKU_018,2023-11-04,145,Personal Care,323.25
SKU_018,2023-11-05,140,Personal Care,228.64
SKU_018,2023-11-06,121,Personal Care,445.69
SKU_018,2023-11-07,111,Personal Care,274.73
SKU_018,2023-11-08,101,Personal Care,166.18
SKU_018,2023-11-09,117,Personal Care,177.85
SKU_018,2023-11-10,124,Personal Care,405.64
SKU_018,2023-11-11,147,Personal Care,292.36
SKU_018,2023-11-12,115,Personal Care,378.8
SKU_018,2023-11-13,95,Personal Care,441.64
SKU_018,2023-11-14,96,Personal Care,275.0
SKU_018,2023-11-15,96,Personal Care,72.89
SKU_018,2023-11-16,94,Personal Care,334.11
SKU_018,2023-11-17,109,Personal Care,421.11
SKU_018,2023-11-18,149,Personal Care,396.38
SKU_018,2023-11-19,130,Personal Care,334.99
SKU_018,2023-11-20,106,Personal Care,76.65
SKU_018,2023-11-21,111,Personal Care,451.45
SKU_018,2023-11-22,100,Personal Care,440.15
SKU_018,2023-11-23,107,Personal Care,486.26
SKU_018,2023-11-24,111,Personal Care,115.56
SKU_018,2023-11-25,136,Personal Care,275.06
SKU_018,2023-11-26,156,Personal Care,319.16
SKU_018,2023-11-27,140,Personal Care,115.49
SKU_018,2023-11-28,112,Personal Care,118.32
SKU_018,2023-11-29,139,Personal Care,175.36
SKU_018,2023-11-30,127,Personal Care,389.74
SKU_018,2023-12-01,124,Personal Care,169.45
SKU_018,2023-12-02,139,Personal Care,365.09
SKU_018,2023-12-03,123,Personal Care,62.8
SKU_018,2023-12-04,99,Personal Care,290.82
SKU_018,2023-12-05,121,Personal Care,244.22
SKU_018,2023-12-06,105,Personal Care,406.98
SKU_018,2023-12-07,112,Personal Care,351.2
SKU_018,2023-12-08,100,Personal Care,411.54
SKU_018,2023-12-09,116,Personal Care,293.75
SKU_018,2023-12-10,114,Personal Care,155.63
SKU_018,2023-12-11,123,Personal Care,144.14
SKU_018,2023-12-12,98,Personal Care,241.92
SKU_018,2023-12-13,123,Personal Care,455.87
SKU_018,2023-12-14,125,Personal Care,79.58
SKU_018,2023-12-15,104,Personal Care,469.63
SKU_018,2023-12-16,142,Personal Care,55.39
SKU_018,2023-12-17,144,Personal Care,361.01
SKU_018,2023-12-18,98,Personal Care,107.13
SKU_018,2023-12-19,97,Personal Care,122.71
SKU_018,2023-12-20,108,Personal Care,81.83
SKU_018,2023-12-21,104,Personal Care,332.66
SKU_018,2023-12-22,121,Personal Care,461.68
SKU_018,2023-12-23,112,Personal Care,120.64
SKU_018,2023-12-24,115,Personal Care,455.49
SKU_018,2023-12-25,133,Personal Care,172.12
SKU_018,2023-12-26,111,Personal Care,445.31
SKU_018,2023-12-27,141,Personal Care,124.81
SKU_018,2023-12-28,114,Personal Care,243.34
SKU_018,2023-12-29,115,Personal Care,428.75
SKU_018,2023-12-30,163,Personal Care,55.52
SKU_018,2023-12-31,135,Personal Care,65.89
SKU_018,2024-01-01,72,Personal Care,388.77
SKU_018,2024-01-02,88,Personal Care,83.12
SKU_018,2024-01-03,94,Personal Care,161.07
SKU_018,2024-01-04,79,Personal Care,228.44
SKU_018,2024-01-05,87,Personal Care,161.81
SKU_018,2024-01-06,88,Personal Care,321.19
SKU_018,2024-01-07,110,Personal Care,414.29
SKU_018,2024-01-08,129,Personal Care,304.7
SKU_018,2024-01-09,113,Personal Care,122.1
SKU_018,2024-01-10,121,Personal Care,323.54
SKU_018,2024-01-11,138,Personal Care,411.11
SKU_018,2024-01-12,143,Personal Care,286.02
SKU_018,2024-01-13,171,Personal Care,132.76
SKU_018,2024-01-14,161,Personal Care,418.42
SKU_018,2024-01-15,229,Personal Care,233.58
SKU_018,2024-01-16,91,Personal Care,437.23
SKU_018,2024-01-17,74,Personal Care,369.37
SKU_018,2024-01-18,87,Personal Care,271.79
SKU_018,2024-01-19,74,Personal Care,246.85
SKU_018,2024-01-20,110,Personal Care,311.54
SKU_018,2024-01-21,89,Personal Care,173.4
SKU_018,2024-01-22,83,Personal Care,253.68
SKU_018,2024-01-23,88,Personal Care,188.61
SKU_018,2024-01-24,71,Personal Care,462.3
SKU_018,2024-01-25,100,Personal Care,374.96
SKU_018,2024-01-26,110,Personal Care,453.42
SKU_018,2024-01-27,106,Personal Care,283.89
SKU_018,2024-01-28,122,Personal Care,208.47
SKU_018,2024-01-29,101,Personal Care,109.91
SKU_018,2024-01-30,98,Personal Care,393.35
SKU_018,2024-01-31,102,Personal Care,66.68
SKU_018,2024-02-01,90,Personal Care,292.72
SKU_018,2024-02-02,86,Personal Care,294.5
SKU_018,2024-02-03,115,Personal Care,116.71
SKU_018,2024-02-04,87,Personal Care,343.63
SKU_018,2024-02-05,89,Personal Care,296.99
SKU_018,2024-02-06,77,Personal Care,406.91
SKU_018,2024-02-07,76,Personal Care,74.46
SKU_018,2024-02-08,74,Personal Care,128.63
SKU_018,2024-02-09,83,Personal Care,478.78
SKU_018,2024-02-10,87,Personal Care,73.3
SKU_018,2024-02-11,88,Personal Care,481.15
SKU_018,2024-02-12,75,Personal Care,193.53
SKU_018,2024-02-13,79,Personal Care,479.25
SKU_018,2024-02-14,82,Personal Care,495.58
SKU_018,2024-02-15,86,Personal Care,306.78
SKU_018,2024-02-16,95,Personal Care,272.39
SKU_018,2024-02-17,87,Personal Care,273.35
SKU_018,2024-02-18,87,Personal Care,69.28
SKU_018,2024-02-19,95,Personal Care,183.9
SKU_018,2024-02-20,92,Personal Care,269.87
SKU_018,2024-02-21,72,Personal Care,264.07
SKU_018,2024-02-22,92,Personal Care,290.55
SKU_018,2024-02-23,84,Personal Care,432.95
SKU_018,2024-02-24,101,Personal Care,275.95
SKU_018,2024-02-25,109,Personal Care,297.32
SKU_018,2024-02-26,98,Personal Care,92.96
SKU_018,2024-02-27,96,Personal Care,343.04
SKU_018,2024-02-28,106,Personal Care,242.01
SKU_018,2024-02-29,82,Personal Care,444.34
SKU_018,2024-03-01,85,Personal Care,53.92
SKU_018,2024-03-02,115,Personal Care,364.8
SKU_018,2024-03-03,103,Personal Care,177.96
SKU_018,2024-03-04,90,Personal Care,80.9
SKU_018,2024-03-05,93,Personal Care,172.05
SKU_018,2024-03-06,95,Personal Care,92.26
SKU_018,2024-03-07,93,Personal Care,494.57
SKU_018,2024-03-08,90,Personal Care,275.88
SKU_018,2024-03-09,109,Personal Care,354.35
SKU_018,2024-03-10,115,Personal Care,375.99
SKU_018,2024-03-11,74,Personal Care,402.33
SKU_018,2024-03-12,94,Personal Care,463.08
SKU_018,2024-03-13,86,Personal Care,360.02
SKU_018,2024-03-14,81,Personal Care,467.65
SKU_018,2024-03-15,82,Personal Care,275.31
SKU_018,2024-03-16,107,Personal Care,252.84
SKU_018,2024-03-17,97,Personal Care,355.79
SKU_018,2024-03-18,83,Personal Care,236.15
SKU_018,2024-03-19,89,Personal Care,154.61
SKU_018,2024-03-20,78,Personal Care,149.71
SKU_018,2024-03-21,93,Personal Care,397.48
SKU_018,2024-03-22,89,Personal Care,208.19
SKU_018,2024-03-23,108,Personal Care,279.67
SKU_018,2024-03-24,97,Personal Care,403.09
SKU_018,2024-03-25,83,Personal Care,160.81
SKU_018,2024-03-26,91,Personal Care,405.68
SKU_018,2024-03-27,105,Personal Care,478.2
SKU_018,2024-03-28,85,Personal Care,277.25
SKU_018,2024-03-29,95,Personal Care,78.57
SKU_018,2024-03-30,111,Personal Care,126.42
SKU_018,2024-03-31,121,Personal Care,314.86
SKU_018,2024-04-01,95,Personal Care,443.42
SKU_018,2024-04-02,78,Personal Care,420.57
SKU_018,2024-04-03,74,Personal Care,320.22
SKU_018,2024-04-04,78,Personal Care,492.39
SKU_018,2024-04-05,94,Personal Care,433.35
SKU_018,2024-04-06,104,Personal Care,158.5
SKU_018,2024-04-07,109,Personal Care,447.19
SKU_018,2024-04-08,83,Personal Care,190.02
SKU_018,2024-04-09,92,Personal Care,432.43
SKU_018,2024-04-10,87,Personal Care,360.83
SKU_018,2024-04-11,82,Personal Care,214.86
SKU_018,2024-04-12,79,Personal Care,389.29
SKU_018,2024-04-13,87,Personal Care,362.8
SKU_018,2024-04-14,101,Personal Care,174.77
SKU_018,2024-04-15,76,Personal Care,412.12
SKU_018,2024-04-16,89,Personal Care,61.95
SKU_018,2024-04-17,77,Personal Care,75.22
SKU_018,2024-04-18,73,Personal Care,196.91
SKU_018,2024-04-19,77,Personal Care,201.66
SKU_018,2024-04-20,99,Personal Care,101.41
SKU_018,2024-04-21,113,Personal Care,213.82
SKU_018,2024-04-22,73,Personal Care,296.19
SKU_018,2024-04-23,72,Personal Care,62.32
SKU_018,2024-04-24,82,Personal Care,55.32
SKU_018,2024-04-25,83,Personal Care,316.52
SKU_018,2024-04-26,95,Personal Care,147.8
SKU_018,2024-04-27,100,Personal Care,362.67
SKU_018,2024-04-28,102,Personal Care,470.3
SKU_018,2024-04-29,102,Personal Care,213.35
SKU_018,2024-04-30,98,Personal Care,489.23
SKU_018,2024-05-01,81,Personal Care,140.17
SKU_018,2024-05-02,79,Personal Care,155.17
SKU_018,2024-05-03,73,Personal Care,455.8
SKU_018,2024-05-04,102,Personal Care,339.39
SKU_018,2024-05-05,109,Personal Care,305.75
SKU_018,2024-05-06,74,Personal Care,158.62
SKU_018,2024-05-07,91,Personal Care,387.65
SKU_018,2024-05-08,96,Personal Care,147.32
SKU_018,2024-05-09,81,Personal Care,57.74
SKU_018,2024-05-10,82,Personal Care,212.34
SKU_018,2024-05-11,89,Personal Care,308.13
SKU_018,2024-05-12,92,Personal Care,311.73
SKU_018,2024-05-13,72,Personal Care,69.44
SKU_018,2024-05-14,80,Personal Care,431.07
SKU_018,2024-05-15,82,Personal Care,498.36
SKU_018,2024-05-16,93,Personal Care,391.57
SKU_018,2024-05-17,74,Personal Care,264.47
SKU_018,2024-05-18,92,Personal Care,362.91
SKU_018,2024-05-19,97,Personal Care,225.47
SKU_018,2024-05-20,93,Personal Care,400.99
SKU_018,2024-05-21,78,Personal Care,454.22
SKU_018,2024-05-22,75,Personal Care,410.85
SKU_018,2024-05-23,95,Personal Care,75.07
SKU_018,2024-05-24,96,Personal Care,178.28
SKU_018,2024-05-25,105,Personal Care,312.38
SKU_018,2024-05-26,130,Personal Care,499.26
SKU_018,2024-05-27,104,Personal Care,196.9
SKU_018,2024-05-28,91,Personal Care,454.84
SKU_018,2024-05-29,87,Personal Care,105.58
SKU_018,2024-05-30,95,Personal Care,308.48
SKU_018,2024-05-31,95,Personal Care,470.86
SKU_018,2024-06-01,96,Personal Care,483.88
SKU_018,2024-06-02,113,Personal Care,339.81
SKU_018,2024-06-03,81,Personal Care,260.73
SKU_018,2024-06-04,75,Personal Care,140.78
SKU_018,2024-06-05,88,Personal Care,493.71
SKU_018,2024-06-06,85,Personal Care,116.4
SKU_018,2024-06-07,93,Personal Care,279.69
SKU_018,2024-06-08,106,Personal Care,355.13
SKU_018,2024-06-09,90,Personal Care,192.94
SKU_018,2024-06-10,93,Personal Care,50.01
SKU_018,2024-06-11,94,Personal Care,221.75
SKU_018,2024-06-12,86,Personal Care,243.34
SKU_018,2024-06-13,73,Personal Care,499.79
SKU_018,2024-06-14,79,Personal Care,85.38
SKU_018,2024-06-15,100,Personal Care,328.23
SKU_018,2024-06-16,93,Personal Care,93.86
SKU_018,2024-06-17,92,Personal Care,72.79
SKU_018,2024-06-18,80,Personal Care,255.53
SKU_018,2024-06-19,95,Personal Care,194.5
SKU_018,2024-06-20,75,Personal Care,335.8
SKU_018,2024-06-21,92,Personal Care,155.6
SKU_018,2024-06-22,96,Personal Care,280.54
SKU_018,2024-06-23,112,Personal Care,493.44
SKU_018,2024-06-24,94,Personal Care,476.91
SKU_018,2024-06-25,82,Personal Care,295.42
SKU_018,2024-06-26,101,Personal Care,78.78
SKU_018,2024-06-27,91,Personal Care,203.2
SKU_018,2024-06-28,91,Personal Care,193.7
SKU_018,2024-06-29,112,Personal Care,453.47
SKU_018,2024-06-30,115,Personal Care,128.69
SKU_018,2024-07-01,82,Personal Care,115.71
SKU_018,2024-07-02,73,Personal Care,394.07
SKU_018,2024-07-03,94,Personal Care,466.94
SKU_018,2024-07-04,81,Personal Care,345.1
SKU_018,2024-07-05,88,Personal Care,163.67
SKU_018,2024-07-06,115,Personal Care,366.41
SKU_018,2024-07-07,112,Personal Care,130.35
SKU_018,2024-07-08,82,Personal Care,409.61
SKU_018,2024-07-09,82,Personal Care,177.26
SKU_018,2024-07-10,72,Personal Care,88.96
SKU_018,2024-07-11,80,Personal Care,162.08
SKU_018,2024-07-12,90,Personal Care,466.78
SKU_018,2024-07-13,95,Personal Care,127.35
SKU_018,2024-07-14,104,Personal Care,115.7
SKU_018,2024-07-15,89,Personal Care,305.29
SKU_018,2024-07-16,88,Personal Care,307.27
SKU_018,2024-07-17,82,Personal Care,181.77
SKU_018,2024-07-18,74,Personal Care,141.46
SKU_018,2024-07-19,74,Personal Care,84.57
SKU_018,2024-07-20,89,Personal Care,72.5
SKU_018,2024-07-21,94,Personal Care,306.92
SKU_018,2024-07-22,80,Personal Care,448.66
SKU_018,2024-07-23,81,Personal Care,296.2
SKU_018,2024-07-24,77,Personal Care,412.07
SKU_018,2024-07-25,109,Personal Care,183.75
SKU_018,2024-07-26,109,Personal Care,234.88
SKU_018,2024-07-27,108,Personal Care,79.99
SKU_018,2024-07-28,117,Personal Care,295.15
SKU_018,2024-07-29,91,Personal Care,232.84
SKU_018,2024-07-30,98,Personal Care,465.87
SKU_018,2024-07-31,109,Personal Care,467.05
SKU_018,2024-08-01,74,Personal Care,234.58
SKU_018,2024-08-02,94,Personal Care,253.32
SKU_018,2024-08-03,90,Personal Care,206.64
SKU_018,2024-08-04,99,Personal Care,219.67
SKU_018,2024-08-05,75,Personal Care,337.75
SKU_018,2024-08-06,90,Personal Care,499.53
SKU_018,2024-08-07,90,Personal Care,150.51
SKU_018,2024-08-08,94,Personal Care,204.64
SKU_018,2024-08-09,81,Personal Care,93.74
SKU_018,2024-08-10,98,Personal Care,269.84
SKU_018,2024-08-11,111,Personal Care,386.06
SKU_018,2024-08-12,75,Personal Care,343.83
SKU_018,2024-08-13,79,Personal Care,343.54
SKU_018,2024-08-14,85,Personal Care,96.9
SKU_018,2024-08-15,74,Personal Care,462.74
SKU_018,2024-08-16,95,Personal Care,237.03
SKU_018,2024-08-17,92,Personal Care,182.24
SKU_018,2024-08-18,115,Personal Care,491.47
SKU_018,2024-08-19,95,Personal Care,78.25
SKU_018,2024-08-20,94,Personal Care,78.16
SKU_018,2024-08-21,90,Personal Care,396.47
SKU_018,2024-08-22,87,Personal Care,179.47
SKU_018,2024-08-23,73,Personal Care,470.35
SKU_018,2024-08-24,88,Personal Care,393.14
SKU_018,2024-08-25,116,Personal Care,377.26
SKU_018,2024-08-26,84,Personal Care,243.6
SKU_018,2024-08-27,103,Personal Care,361.01
SKU_018,2024-08-28,89,Personal Care,356.06
SKU_018,2024-08-29,107,Personal Care,267.0
SKU_018,2024-08-30,98,Personal Care,108.15
SKU_018,2024-08-31,109,Personal Care,337.09
SKU_018,2024-09-01,112,Personal Care,160.12
SKU_018,2024-09-02,73,Personal Care,456.32
SKU_018,2024-09-03,91,Personal Care,263.62
SKU_018,2024-09-04,81,Personal Care,480.28
SKU_018,2024-09-05,93,Personal Care,78.34
SKU_018,2024-09-06,74,Personal Care,239.22
SKU_018,2024-09-07,112,Personal Care,250.14
SKU_018,2024-09-08,91,Personal Care,83.13
SKU_018,2024-09-09,84,Personal Care,243.0
SKU_018,2024-09-10,88,Personal Care,495.78
SKU_018,2024-09-11,76,Personal Care,225.51
SKU_018,2024-09-12,84,Personal Care,263.96
SKU_018,2024-09-13,89,Personal Care,52.03
SKU_018,2024-09-14,103,Personal Care,332.73
SKU_018,2024-09-15,113,Personal Care,485.32
SKU_018,2024-09-16,84,Personal Care,425.73
SKU_018,2024-09-17,85,Personal Care,393.18
SKU_018,2024-09-18,86,Personal Care,94.01
SKU_018,2024-09-19,85,Personal Care,219.58
SKU_018,2024-09-20,80,Personal Care,194.22
SKU_018,2024-09-21,108,Personal Care,169.26
SKU_018,2024-09-22,109,Personal Care,154.48
SKU_018,2024-09-23,81,Personal Care,257.43
SKU_018,2024-09-24,86,Personal Care,136.83
SKU_018,2024-09-25,91,Personal Care,211.28
SKU_018,2024-09-26,110,Personal Care,88.79
SKU_018,2024-09-27,91,Personal Care,394.34
SKU_018,2024-09-28,104,Personal Care,64.23
SKU_018,2024-09-29,129,Personal Care,450.01
SKU_018,2024-09-30,96,Personal Care,409.89
SKU_018,2024-10-01,102,Personal Care,439.37
SKU_018,2024-10-02,117,Personal Care,396.62
SKU_018,2024-10-03,112,Personal Care,309.12
SKU_018,2024-10-04,104,Personal Care,127.9
SKU_018,2024-10-05,214,Personal Care,179.29
SKU_018,2024-10-06,204,Personal Care,134.64
SKU_018,2024-10-07,171,Personal Care,151.66
SKU_018,2024-10-08,176,Personal Care,138.98
SKU_018,2024-10-09,149,Personal Care,225.26
SKU_018,2024-10-10,176,Personal Care,382.15
SKU_018,2024-10-11,153,Personal Care,299.7
SKU_018,2024-10-12,303,Personal Care,321.99
SKU_018,2024-10-13,144,Personal Care,135.44
SKU_018,2024-10-14,106,Personal Care,124.65
SKU_018,2024-10-15,123,Personal Care,394.91
SKU_018,2024-10-16,116,Personal Care,356.37
SKU_018,2024-10-17,104,Personal Care,392.04
SKU_018,2024-10-18,105,Personal Care,61.31
SKU_018,2024-10-19,116,Personal Care,185.41
SKU_018,2024-10-20,116,Personal Care,96.37
SKU_018,2024-10-21,101,Personal Care,292.67
SKU_018,2024-10-22,113,Personal Care,424.02
SKU_018,2024-10-23,107,Personal Care,318.89
SKU_018,2024-10-24,102,Personal Care,82.5
SKU_018,2024-10-25,166,Personal Care,73.3
SKU_018,2024-10-26,209,Personal Care,105.89
SKU_018,2024-10-27,230,Personal Care,457.72
SKU_018,2024-10-28,182,Personal Care,127.93
SKU_018,2024-10-29,211,Personal Care,453.78
SKU_018,2024-10-30,200,Personal Care,458.99
SKU_018,2024-10-31,189,Personal Care,457.47
SKU_018,2024-11-01,255,Personal Care,301.41
SKU_018,2024-11-02,116,Personal Care,372.63
SKU_018,2024-11-03,123,Personal Care,391.39
SKU_018,2024-11-04,102,Personal Care,406.72
SKU_018,2024-11-05,118,Personal Care,82.19
SKU_018,2024-11-06,124,Personal Care,56.86
SKU_018,2024-11-07,103,Personal Care,319.24
SKU_018,2024-11-08,104,Personal Care,110.61
SKU_018,2024-11-09,118,Personal Care,475.0
SKU_018,2024-11-10,113,Personal Care,481.11
SKU_018,2024-11-11,98,Personal Care,94.53
SKU_018,2024-11-12,123,Personal Care,320.31
SKU_018,2024-11-13,108,Personal Care,174.73
SKU_018,2024-11-14,98,Personal Care,490.93
SKU_018,2024-11-15,96,Personal Care,144.61
SKU_018,2024-11-16,137,Personal Care,101.75
SKU_018,2024-11-17,141,Personal Care,431.08
SKU_018,2024-11-18,123,Personal Care,469.64
SKU_018,2024-11-19,95,Personal Care,75.55
SKU_018,2024-11-20,121,Personal Care,327.59
SKU_018,2024-11-21,103,Personal Care,333.92
SKU_018,2024-11-22,121,Personal Care,228.32
SKU_018,2024-11-23,137,Personal Care,332.43
SKU_018,2024-11-24,118,Personal Care,305.59
SKU_018,2024-11-25,109,Personal Care,371.38
SKU_018,2024-11-26,142,Personal Care,407.61
SKU_018,2024-11-27,132,Personal Care,460.61
SKU_018,2024-11-28,113,Personal Care,406.87
SKU_018,2024-11-29,122,Personal Care,133.55
SKU_018,2024-11-30,171,Personal Care,77.64
SKU_018,2024-12-01,146,Personal Care,412.01
SKU_018,2024-12-02,100,Personal Care,467.17
SKU_018,2024-12-03,118,Personal Care,291.79
SKU_018,2024-12-04,121,Personal Care,198.0
SKU_018,2024-12-05,111,Personal Care,168.13
SKU_018,2024-12-06,112,Personal Care,184.38
SKU_018,2024-12-07,127,Personal Care,493.5
SKU_018,2024-12-08,136,Personal Care,182.6
SKU_018,2024-12-09,116,Personal Care,78.29
SKU_018,2024-12-10,122,Personal Care,495.59
SKU_018,2024-12-11,118,Personal Care,466.84
SKU_018,2024-12-12,97,Personal Care,251.98
SKU_018,2024-12-13,110,Personal Care,107.84
SKU_018,2024-12-14,126,Personal Care,135.1
SKU_018,2024-12-15,140,Personal Care,245.89
SKU_018,2024-12-16,111,Personal Care,350.03
SKU_018,2024-12-17,107,Personal Care,445.65
SKU_018,2024-12-18,102,Personal Care,327.08
SKU_018,2024-12-19,94,Personal Care,255.63
SKU_018,2024-12-20,122,Personal Care,337.73
SKU_018,2024-12-21,136,Personal Care,285.19
SKU_018,2024-12-22,146,Personal Care,259.37
SKU_018,2024-12-23,113,Personal Care,92.82
SKU_018,2024-12-24,118,Personal Care,430.98
SKU_018,2024-12-25,119,Personal Care,431.63
SKU_018,2024-12-26,119,Personal Care,465.75
SKU_018,2024-12-27,140,Personal Care,63.6
SKU_018,2024-12-28,130,Personal Care,286.06
SKU_018,2024-12-29,155,Personal Care,447.22
SKU_018,2024-12-30,118,Personal Care,219.24
SKU_018,2024-12-31,141,Personal Care,477.39
SKU_019,2023-01-01,163,Household,61.05
SKU_019,2023-01-02,141,Household,220.87
SKU_019,2023-01-03,120,Household,199.12
SKU_019,2023-01-04,126,Household,396.48
SKU_019,2023-01-05,113,Household,242.69
SKU_019,2023-01-06,140,Household,289.72
SKU_019,2023-01-07,153,Household,311.77
SKU_019,2023-01-08,170,Household,167.05
SKU_019,2023-01-09,117,Household,322.31
SKU_019,2023-01-10,140,Household,379.61
SKU_019,2023-01-11,130,Household,378.91
SKU_019,2023-01-12,112,Household,94.97
SKU_019,2023-01-13,106,Household,394.15
SKU_019,2023-01-14,167,Household,157.91
SKU_019,2023-01-15,166,Household,158.19
SKU_019,2023-01-16,124,Household,71.17
SKU_019,2023-01-17,139,Household,135.76
SKU_019,2023-01-18,138,Household,284.12
SKU_019,2023-01-19,143,Household,180.62
SKU_019,2023-01-20,125,Household,455.72
SKU_019,2023-01-21,152,Household,412.86
SKU_019,2023-01-22,166,Household,246.79
SKU_019,2023-01-23,110,Household,285.83
SKU_019,2023-01-24,125,Household,479.27
SKU_019,2023-01-25,124,Household,208.94
SKU_019,2023-01-26,141,Household,85.78
SKU_019,2023-01-27,164,Household,382.2
SKU_019,2023-01-28,159,Household,263.51
SKU_019,2023-01-29,178,Household,154.37
SKU_019,2023-01-30,132,Household,196.64
SKU_019,2023-01-31,136,Household,86.11
SKU_019,2023-02-01,133,Household,241.53
SKU_019,2023-02-02,132,Household,229.99
SKU_019,2023-02-03,140,Household,423.28
SKU_019,2023-02-04,170,Household,279.09
SKU_019,2023-02-05,152,Household,179.87
SKU_019,2023-02-06,139,Household,135.88
SKU_019,2023-02-07,112,Household,232.52
SKU_019,2023-02-08,107,Household,280.51
SKU_019,2023-02-09,142,Household,339.62
SKU_019,2023-02-10,129,Household,161.71
SKU_019,2023-02-11,138,Household,212.81
SKU_019,2023-02-12,147,Household,230.74
SKU_019,2023-02-13,128,Household,459.5
SKU_019,2023-02-14,136,Household,131.36
SKU_019,2023-02-15,130,Household,285.84
SKU_019,2023-02-16,115,Household,271.14
SKU_019,2023-02-17,129,Household,126.26
SKU_019,2023-02-18,147,Household,100.35
SKU_019,2023-02-19,133,Household,194.53
SKU_019,2023-02-20,131,Household,111.91
SKU_019,2023-02-21,127,Household,142.15
SKU_019,2023-02-22,111,Household,495.63
SKU_019,2023-02-23,139,Household,353.38
SKU_019,2023-02-24,135,Household,392.23
SKU_019,2023-02-25,155,Household,80.49
SKU_019,2023-02-26,183,Household,182.6
SKU_019,2023-02-27,153,Household,84.29
SKU_019,2023-02-28,122,Household,75.07
SKU_019,2023-03-01,124,Household,129.86
SKU_019,2023-03-02,121,Household,454.12
SKU_019,2023-03-03,108,Household,490.19
SKU_019,2023-03-04,170,Household,119.77
SKU_019,2023-03-05,158,Household,102.73
SKU_019,2023-03-06,142,Household,496.57
SKU_019,2023-03-07,131,Household,342.87
SKU_019,2023-03-08,129,Household,267.44
SKU_019,2023-03-09,129,Household,184.78
SKU_019,2023-03-10,140,Household,162.95
SKU_019,2023-03-11,149,Household,169.28
SKU_019,2023-03-12,138,Household,379.48
SKU_019,2023-03-13,133,Household,358.9
SKU_019,2023-03-14,113,Household,200.81
SKU_019,2023-03-15,128,Household,276.13
SKU_019,2023-03-16,143,Household,447.51
SKU_019,2023-03-17,126,Household,499.52
SKU_019,2023-03-18,156,Household,393.83
SKU_019,2023-03-19,154,Household,118.84
SKU_019,2023-03-20,123,Household,95.64
SKU_019,2023-03-21,125,Household,240.35
SKU_019,2023-03-22,123,Household,209.07
SKU_019,2023-03-23,126,Household,242.64
SKU_019,2023-03-24,135,Household,334.92
SKU_019,2023-03-25,147,Household,439.15
SKU_019,2023-03-26,172,Household,359.15
SKU_019,2023-03-27,157,Household,59.89
SKU_019,2023-03-28,131,Household,356.86
SKU_019,2023-03-29,132,Household,247.86
SKU_019,2023-03-30,137,Household,105.65
SKU_019,2023-03-31,160,Household,56.76
SKU_019,2023-04-01,152,Household,70.54
SKU_019,2023-04-02,131,Household,302.08
SKU_019,2023-04-03,120,Household,406.24
SKU_019,2023-04-04,133,Household,60.0
SKU_019,2023-04-05,113,Household,218.84
SKU_019,2023-04-06,108,Household,220.54
SKU_019,2023-04-07,117,Household,212.03
SKU_019,2023-04-08,164,Household,144.34
SKU_019,2023-04-09,166,Household,133.18
SKU_019,2023-04-10,132,Household,198.13
SKU_019,2023-04-11,114,Household,218.06
SKU_019,2023-04-12,131,Household,374.34
SKU_019,2023-04-13,143,Household,381.15
SKU_019,2023-04-14,109,Household,296.15
SKU_019,2023-04-15,166,Household,425.94
SKU_019,2023-04-16,134,Household,352.07
SKU_019,2023-04-17,108,Household,394.59
SKU_019,2023-04-18,142,Household,379.49
SKU_019,2023-04-19,114,Household,335.04
SKU_019,2023-04-20,135,Household,348.45
SKU_019,2023-04-21,114,Household,289.0
SKU_019,2023-04-22,158,Household,117.3
SKU_019,2023-04-23,148,Household,63.02
SKU_019,2023-04-24,116,Household,75.89
SKU_019,2023-04-25,142,Household,280.46
SKU_019,2023-04-26,128,Household,211.58
SKU_019,2023-04-27,140,Household,403.33
SKU_019,2023-04-28,143,Household,389.25
SKU_019,2023-04-29,194,Household,374.97
SKU_019,2023-04-30,174,Household,385.27
SKU_019,2023-05-01,132,Household,177.04
SKU_019,2023-05-02,126,Household,205.63
SKU_019,2023-05-03,138,Household,133.36
SKU_019,2023-05-04,127,Household,201.07
SKU_019,2023-05-05,115,Household,181.13
SKU_019,2023-05-06,169,Household,86.07
SKU_019,2023-05-07,128,Household,488.58
SKU_019,2023-05-08,128,Household,172.52
SKU_019,2023-05-09,134,Household,269.16
SKU_019,2023-05-10,119,Household,65.41
SKU_019,2023-05-11,139,Household,378.69
SKU_019,2023-05-12,118,Household,222.34
SKU_019,2023-05-13,157,Household,56.17
SKU_019,2023-05-14,135,Household,68.49
SKU_019,2023-05-15,130,Household,459.21
SKU_019,2023-05-16,110,Household,337.79
SKU_019,2023-05-17,125,Household,82.35
SKU_019,2023-05-18,121,Household,341.01
SKU_019,2023-05-19,136,Household,359.6
SKU_019,2023-05-20,170,Household,126.8
SKU_019,2023-05-21,157,Household,316.4
SKU_019,2023-05-22,130,Household,158.59
SKU_019,2023-05-23,121,Household,335.35
SKU_019,2023-05-24,135,Household,362.25
SKU_019,2023-05-25,128,Household,178.3
SKU_019,2023-05-26,157,Household,394.13
SKU_019,2023-05-27,150,Household,78.71
SKU_019,2023-05-28,172,Household,194.72
SKU_019,2023-05-29,149,Household,423.91
SKU_019,2023-05-30,136,Household,60.63
SKU_019,2023-05-31,158,Household,83.61
SKU_019,2023-06-01,129,Household,499.06
SKU_019,2023-06-02,126,Household,131.67
SKU_019,2023-06-03,133,Household,73.74
SKU_019,2023-06-04,141,Household,281.03
SKU_019,2023-06-05,143,Household,163.53
SKU_019,2023-06-06,136,Household,130.37
SKU_019,2023-06-07,138,Household,283.56
SKU_019,2023-06-08,143,Household,112.84
SKU_019,2023-06-09,119,Household,229.19
SKU_019,2023-06-10,170,Household,389.27
SKU_019,2023-06-11,136,Household,320.25
SKU_019,2023-06-12,133,Household,348.6
SKU_019,2023-06-13,114,Household,300.56
SKU_019,2023-06-14,116,Household,112.44
SKU_019,2023-06-15,119,Household,126.99
SKU_019,2023-06-16,139,Household,333.73
SKU_019,2023-06-17,145,Household,414.16
SKU_019,2023-06-18,156,Household,188.17
SKU_019,2023-06-19,117,Household,241.06
SKU_019,2023-06-20,108,Household,293.42
SKU_019,2023-06-21,116,Household,57.81
SKU_019,2023-06-22,126,Household,277.51
SKU_019,2023-06-23,113,Household,429.64
SKU_019,2023-06-24,156,Household,166.25
SKU_019,2023-06-25,160,Household,121.43
SKU_019,2023-06-26,136,Household,192.99
SKU_019,2023-06-27,157,Household,196.97
SKU_019,2023-06-28,126,Household,447.19
SKU_019,2023-06-29,156,Household,136.57
SKU_019,2023-06-30,126,Household,212.56
SKU_019,2023-07-01,145,Household,471.28
SKU_019,2023-07-02,132,Household,370.57
SKU_019,2023-07-03,133,Household,443.18
SKU_019,2023-07-04,125,Household,424.32
SKU_019,2023-07-05,124,Household,183.21
SKU_019,2023-07-06,142,Household,257.72
SKU_019,2023-07-07,132,Household,330.41
SKU_019,2023-07-08,162,Household,263.22
SKU_019,2023-07-09,127,Household,372.75
SKU_019,2023-07-10,119,Household,319.41
SKU_019,2023-07-11,108,Household,126.16
SKU_019,2023-07-12,132,Household,415.69
SKU_019,2023-07-13,135,Household,220.04
SKU_019,2023-07-14,131,Household,244.09
SKU_019,2023-07-15,167,Household,408.97
SKU_019,2023-07-16,129,Household,223.16
SKU_019,2023-07-17,123,Household,185.95
SKU_019,2023-07-18,123,Household,279.84
SKU_019,2023-07-19,107,Household,247.18
SKU_019,2023-07-20,143,Household,323.29
SKU_019,2023-07-21,130,Household,311.04
SKU_019,2023-07-22,166,Household,264.95
SKU_019,2023-07-23,164,Household,133.41
SKU_019,2023-07-24,132,Household,358.0
SKU_019,2023-07-25,133,Household,396.97
SKU_019,2023-07-26,147,Household,315.54
SKU_019,2023-07-27,137,Household,254.03
SKU_019,2023-07-28,123,Household,348.55
SKU_019,2023-07-29,176,Household,469.59
SKU_019,2023-07-30,151,Household,364.81
SKU_019,2023-07-31,143,Household,443.3
SKU_019,2023-08-01,117,Household,384.04
SKU_019,2023-08-02,108,Household,72.09
SKU_019,2023-08-03,138,Household,307.04
SKU_019,2023-08-04,135,Household,57.2
SKU_019,2023-08-05,160,Household,379.71
SKU_019,2023-08-06,167,Household,480.56
SKU_019,2023-08-07,116,Household,473.82
SKU_019,2023-08-08,128,Household,197.47
SKU_019,2023-08-09,136,Household,173.5
SKU_019,2023-08-10,110,Household,436.19
SKU_019,2023-08-11,110,Household,336.5
SKU_019,2023-08-12,170,Household,499.05
SKU_019,2023-08-13,137,Household,195.36
SKU_019,2023-08-14,110,Household,241.76
SKU_019,2023-08-15,139,Household,199.42
SKU_019,2023-08-16,117,Household,346.2
SKU_019,2023-08-17,129,Household,106.89
SKU_019,2023-08-18,136,Household,283.84
SKU_019,2023-08-19,145,Household,473.08
SKU_019,2023-08-20,158,Household,120.77
SKU_019,2023-08-21,140,Household,372.63
SKU_019,2023-08-22,111,Household,486.61
SKU_019,2023-08-23,131,Household,234.26
SKU_019,2023-08-24,136,Household,372.65
SKU_019,2023-08-25,122,Household,364.55
SKU_019,2023-08-26,170,Household,134.89
SKU_019,2023-08-27,159,Household,274.57
SKU_019,2023-08-28,164,Household,176.07
SKU_019,2023-08-29,145,Household,269.65
SKU_019,2023-08-30,135,Household,431.51
SKU_019,2023-08-31,127,Household,449.08
SKU_019,2023-09-01,125,Household,352.22
SKU_019,2023-09-02,128,Household,336.18
SKU_019,2023-09-03,155,Household,402.92
SKU_019,2023-09-04,125,Household,392.61
SKU_019,2023-09-05,119,Household,380.04
SKU_019,2023-09-06,116,Household,231.59
SKU_019,2023-09-07,124,Household,144.26
SKU_019,2023-09-08,107,Household,494.52
SKU_019,2023-09-09,164,Household,385.93
SKU_019,2023-09-10,151,Household,349.97
SKU_019,2023-09-11,127,Household,405.33
SKU_019,2023-09-12,126,Household,333.22
SKU_019,2023-09-13,135,Household,209.94
SKU_019,2023-09-14,119,Household,272.45
SKU_019,2023-09-15,110,Household,63.54
SKU_019,2023-09-16,169,Household,360.94
SKU_019,2023-09-17,151,Household,481.91
SKU_019,2023-09-18,125,Household,452.73
SKU_019,2023-09-19,125,Household,278.72
SKU_019,2023-09-20,134,Household,417.83
SKU_019,2023-09-21,120,Household,324.23
SKU_019,2023-09-22,114,Household,460.52
SKU_019,2023-09-23,135,Household,448.04
SKU_019,2023-09-24,166,Household,479.01
SKU_019,2023-09-25,165,Household,353.22
SKU_019,2023-09-26,143,Household,151.21
SKU_019,2023-09-27,134,Household,101.08
SKU_019,2023-09-28,134,Household,467.91
SKU_019,2023-09-29,160,Household,300.12
SKU_019,2023-09-30,155,Household,379.34
SKU_019,2023-10-01,189,Household,489.4
SKU_019,2023-10-02,153,Household,499.42
SKU_019,2023-10-03,179,Household,289.48
SKU_019,2023-10-04,149,Household,390.98
SKU_019,2023-10-05,160,Household,389.62
SKU_019,2023-10-06,179,Household,402.57
SKU_019,2023-10-07,200,Household,322.65
SKU_019,2023-10-08,258,Household,96.82
SKU_019,2023-10-09,241,Household,87.16
SKU_019,2023-10-10,278,Household,237.16
SKU_019,2023-10-11,230,Household,283.09
SKU_019,2023-10-12,262,Household,325.51
SKU_019,2023-10-13,260,Household,349.21
SKU_019,2023-10-14,300,Household,225.72
SKU_019,2023-10-15,535,Household,206.32
SKU_019,2023-10-16,155,Household,130.98
SKU_019,2023-10-17,264,Household,467.57
SKU_019,2023-10-18,229,Household,304.09
SKU_019,2023-10-19,277,Household,392.12
SKU_019,2023-10-20,216,Household,336.25
SKU_019,2023-10-21,288,Household,429.38
SKU_019,2023-10-22,329,Household,132.31
SKU_019,2023-10-23,272,Household,282.89
SKU_019,2023-10-24,392,Household,193.57
SKU_019,2023-10-25,209,Household,237.34
SKU_019,2023-10-26,169,Household,420.06
SKU_019,2023-10-27,159,Household,366.17
SKU_019,2023-10-28,229,Household,199.86
SKU_019,2023-10-29,234,Household,339.74
SKU_019,2023-10-30,167,Household,242.85
SKU_019,2023-10-31,198,Household,173.42
SKU_019,2023-11-01,148,Household,275.04
SKU_019,2023-11-02,142,Household,146.28
SKU_019,2023-11-03,154,Household,63.6
SKU_019,2023-11-04,221,Household,282.5
SKU_019,2023-11-05,175,Household,357.14
SKU_019,2023-11-06,176,Household,258.92
SKU_019,2023-11-07,173,Household,321.53
SKU_019,2023-11-08,168,Household,353.5
SKU_019,2023-11-09,159,Household,314.51
SKU_019,2023-11-10,180,Household,463.31
SKU_019,2023-11-11,194,Household,253.58
SKU_019,2023-11-12,220,Household,494.92
SKU_019,2023-11-13,153,Household,348.49
SKU_019,2023-11-14,181,Household,300.54
SKU_019,2023-11-15,175,Household,298.47
SKU_019,2023-11-16,160,Household,145.75
SKU_019,2023-11-17,157,Household,253.53
SKU_019,2023-11-18,180,Household,282.85
SKU_019,2023-11-19,180,Household,401.59
SKU_019,2023-11-20,172,Household,94.87
SKU_019,2023-11-21,156,Household,102.23
SKU_019,2023-11-22,140,Household,457.63
SKU_019,2023-11-23,150,Household,94.91
SKU_019,2023-11-24,143,Household,430.5
SKU_019,2023-11-25,200,Household,241.68
SKU_019,2023-11-26,221,Household,189.15
SKU_019,2023-11-27,197,Household,280.98
SKU_019,2023-11-28,187,Household,316.93
SKU_019,2023-11-29,184,Household,126.58
SKU_019,2023-11-30,185,Household,92.82
SKU_019,2023-12-01,160,Household,182.65
SKU_019,2023-12-02,211,Household,133.02
SKU_019,2023-12-03,223,Household,382.37
SKU_019,2023-12-04,155,Household,139.18
SKU_019,2023-12-05,172,Household,484.26
SKU_019,2023-12-06,160,Household,205.52
SKU_019,2023-12-07,152,Household,350.77
SKU_019,2023-12-08,156,Household,178.82
SKU_019,2023-12-09,211,Household,211.46
SKU_019,2023-12-10,179,Household,474.97
SKU_019,2023-12-11,158,Household,403.97
SKU_019,2023-12-12,141,Household,61.09
SKU_019,2023-12-13,170,Household,219.57
SKU_019,2023-12-14,141,Household,73.03
SKU_019,2023-12-15,139,Household,284.95
SKU_019,2023-12-16,206,Household,206.12
SKU_019,2023-12-17,222,Household,82.01
SKU_019,2023-12-18,144,Household,199.31
SKU_019,2023-12-19,186,Household,255.23
SKU_019,2023-12-20,168,Household,264.04
SKU_019,2023-12-21,164,Household,205.5
SKU_019,2023-12-22,178,Household,261.85
SKU_019,2023-12-23,216,Household,81.44
SKU_019,2023-12-24,210,Household,247.83
SKU_019,2023-12-25,200,Household,67.51
SKU_019,2023-12-26,208,Household,214.29
SKU_019,2023-12-27,214,Household,409.04
SKU_019,2023-12-28,164,Household,119.11
SKU_019,2023-12-29,214,Household,466.88
SKU_019,2023-12-30,244,Household,97.1
SKU_019,2023-12-31,222,Household,228.02
SKU_019,2024-01-01,130,Household,152.52
SKU_019,2024-01-02,127,Household,367.25
SKU_019,2024-01-03,121,Household,155.34
SKU_019,2024-01-04,137,Household,122.13
SKU_019,2024-01-05,142,Household,409.54
SKU_019,2024-01-06,169,Household,144.61
SKU_019,2024-01-07,155,Household,165.46
SKU_019,2024-01-08,195,Household,117.08
SKU_019,2024-01-09,199,Household,178.39
SKU_019,2024-01-10,173,Household,210.29
SKU_019,2024-01-11,160,Household,459.01
SKU_019,2024-01-12,214,Household,409.42
SKU_019,2024-01-13,223,Household,115.27
SKU_019,2024-01-14,229,Household,399.48
SKU_019,2024-01-15,354,Household,498.69
SKU_019,2024-01-16,106,Household,394.29
SKU_019,2024-01-17,115,Household,260.75
SKU_019,2024-01-18,126,Household,366.68
SKU_019,2024-01-19,129,Household,474.71
SKU_019,2024-01-20,167,Household,438.74
SKU_019,2024-01-21,135,Household,361.28
SKU_019,2024-01-22,132,Household,471.56
SKU_019,2024-01-23,106,Household,199.4
SKU_019,2024-01-24,139,Household,454.73
SKU_019,2024-01-25,128,Household,489.38
SKU_019,2024-01-26,145,Household,424.44
SKU_019,2024-01-27,158,Household,230.19
SKU_019,2024-01-28,174,Household,202.32
SKU_019,2024-01-29,147,Household,266.43
SKU_019,2024-01-30,132,Household,139.28
SKU_019,2024-01-31,141,Household,432.49
SKU_019,2024-02-01,122,Household,348.31
SKU_019,2024-02-02,114,Household,127.66
SKU_019,2024-02-03,165,Household,113.99
SKU_019,2024-02-04,150,Household,344.6
SKU_019,2024-02-05,137,Household,128.08
SKU_019,2024-02-06,136,Household,310.8
SKU_019,2024-02-07,113,Household,284.05
SKU_019,2024-02-08,120,Household,104.0
SKU_019,2024-02-09,140,Household,391.13
SKU_019,2024-02-10,155,Household,361.46
SKU_019,2024-02-11,172,Household,174.64
SKU_019,2024-02-12,142,Household,332.92
SKU_019,2024-02-13,106,Household,292.17
SKU_019,2024-02-14,115,Household,331.79
SKU_019,2024-02-15,124,Household,62.1
SKU_019,2024-02-16,121,Household,224.55
SKU_019,2024-02-17,153,Household,75.13
SKU_019,2024-02-18,169,Household,456.79
SKU_019,2024-02-19,124,Household,65.56
SKU_019,2024-02-20,114,Household,310.14
SKU_019,2024-02-21,127,Household,144.54
SKU_019,2024-02-22,106,Household,123.26
SKU_019,2024-02-23,130,Household,428.79
SKU_019,2024-02-24,145,Household,470.04
SKU_019,2024-02-25,181,Household,55.65
SKU_019,2024-02-26,140,Household,497.48
SKU_019,2024-02-27,151,Household,335.77
SKU_019,2024-02-28,153,Household,159.41
SKU_019,2024-02-29,156,Household,475.12
SKU_019,2024-03-01,107,Household,78.67
SKU_019,2024-03-02,152,Household,316.41
SKU_019,2024-03-03,171,Household,460.77
SKU_019,2024-03-04,115,Household,408.9
SKU_019,2024-03-05,122,Household,279.37
SKU_019,2024-03-06,128,Household,412.51
SKU_019,2024-03-07,140,Household,227.05
SKU_019,2024-03-08,107,Household,494.21
SKU_019,2024-03-09,169,Household,75.73
SKU_019,2024-03-10,163,Household,92.3
SKU_019,2024-03-11,130,Household,385.79
SKU_019,2024-03-12,109,Household,323.66
SKU_019,2024-03-13,107,Household,413.0
SKU_019,2024-03-14,132,Household,65.18
SKU_019,2024-03-15,117,Household,338.34
SKU_019,2024-03-16,159,Household,312.81
SKU_019,2024-03-17,128,Household,430.6
SKU_019,2024-03-18,126,Household,140.47
SKU_019,2024-03-19,133,Household,122.97
SKU_019,2024-03-20,119,Household,85.95
SKU_019,2024-03-21,118,Household,156.94
SKU_019,2024-03-22,108,Household,366.96
SKU_019,2024-03-23,138,Household,220.31
SKU_019,2024-03-24,162,Household,399.22
SKU_019,2024-03-25,131,Household,270.22
SKU_019,2024-03-26,139,Household,91.23
SKU_019,2024-03-27,126,Household,253.87
SKU_019,2024-03-28,129,Household,238.02
SKU_019,2024-03-29,154,Household,351.84
SKU_019,2024-03-30,158,Household,217.0
SKU_019,2024-03-31,190,Household,197.96
SKU_019,2024-04-01,140,Household,480.36
SKU_019,2024-04-02,122,Household,387.61
SKU_019,2024-04-03,106,Household,137.75
SKU_019,2024-04-04,120,Household,282.8
SKU_019,2024-04-05,133,Household,207.65
SKU_019,2024-04-06,136,Household,149.76
SKU_019,2024-04-07,150,Household,236.52
SKU_019,2024-04-08,120,Household,223.06
SKU_019,2024-04-09,124,Household,417.87
SKU_019,2024-04-10,106,Household,462.4
SKU_019,2024-04-11,113,Household,432.22
SKU_019,2024-04-12,108,Household,336.42
SKU_019,2024-04-13,134,Household,123.73
SKU_019,2024-04-14,143,Household,167.79
SKU_019,2024-04-15,109,Household,255.43
SKU_019,2024-04-16,140,Household,160.86
SKU_019,2024-04-17,127,Household,202.89
SKU_019,2024-04-18,117,Household,451.21
SKU_019,2024-04-19,116,Household,414.64
SKU_019,2024-04-20,148,Household,170.83
SKU_019,2024-04-21,132,Household,334.59
SKU_019,2024-04-22,142,Household,86.17
SKU_019,2024-04-23,107,Household,124.62
SKU_019,2024-04-24,117,Household,389.07
SKU_019,2024-04-25,148,Household,264.9
SKU_019,2024-04-26,165,Household,162.06
SKU_019,2024-04-27,164,Household,214.69
SKU_019,2024-04-28,190,Household,51.69
SKU_019,2024-04-29,134,Household,327.17
SKU_019,2024-04-30,145,Household,152.76
SKU_019,2024-05-01,124,Household,230.89
SKU_019,2024-05-02,140,Household,442.21
SKU_019,2024-05-03,109,Household,153.08
SKU_019,2024-05-04,155,Household,176.27
SKU_019,2024-05-05,140,Household,109.43
SKU_019,2024-05-06,129,Household,209.05
SKU_019,2024-05-07,127,Household,464.08
SKU_019,2024-05-08,108,Household,195.28
SKU_019,2024-05-09,128,Household,253.83
SKU_019,2024-05-10,129,Household,180.82
SKU_019,2024-05-11,133,Household,391.16
SKU_019,2024-05-12,172,Household,61.81
SKU_019,2024-05-13,111,Household,116.43
SKU_019,2024-05-14,140,Household,440.96
SKU_019,2024-05-15,143,Household,311.83
SKU_019,2024-05-16,112,Household,317.65
SKU_019,2024-05-17,131,Household,362.15
SKU_019,2024-05-18,164,Household,86.54
SKU_019,2024-05-19,134,Household,200.53
SKU_019,2024-05-20,119,Household,226.35
SKU_019,2024-05-21,120,Household,445.95
SKU_019,2024-05-22,128,Household,313.7
SKU_019,2024-05-23,107,Household,261.46
SKU_019,2024-05-24,120,Household,252.02
SKU_019,2024-05-25,186,Household,72.47
SKU_019,2024-05-26,185,Household,175.48
SKU_019,2024-05-27,143,Household,104.65
SKU_019,2024-05-28,123,Household,442.51
SKU_019,2024-05-29,127,Household,348.17
SKU_019,2024-05-30,134,Household,440.78
SKU_019,2024-05-31,148,Household,363.49
SKU_019,2024-06-01,157,Household,127.07
SKU_019,2024-06-02,161,Household,178.52
SKU_019,2024-06-03,142,Household,187.29
SKU_019,2024-06-04,134,Household,382.16
SKU_019,2024-06-05,126,Household,201.86
SKU_019,2024-06-06,133,Household,139.27
SKU_019,2024-06-07,110,Household,73.62
SKU_019,2024-06-08,163,Household,86.14
SKU_019,2024-06-09,151,Household,498.6
SKU_019,2024-06-10,118,Household,73.07
SKU_019,2024-06-11,114,Household,284.95
SKU_019,2024-06-12,115,Household,271.65
SKU_019,2024-06-13,126,Household,71.21
SKU_019,2024-06-14,116,Household,272.93
SKU_019,2024-06-15,163,Household,87.16
SKU_019,2024-06-16,140,Household,272.82
SKU_019,2024-06-17,121,Household,288.42
SKU_019,2024-06-18,131,Household,80.63
SKU_019,2024-06-19,138,Household,431.92
SKU_019,2024-06-20,125,Household,233.19
SKU_019,2024-06-21,125,Household,226.83
SKU_019,2024-06-22,147,Household,101.27
SKU_019,2024-06-23,154,Household,204.06
SKU_019,2024-06-24,141,Household,319.69
SKU_019,2024-06-25,160,Household,58.61
SKU_019,2024-06-26,158,Household,98.39
SKU_019,2024-06-27,138,Household,110.85
SKU_019,2024-06-28,138,Household,278.44
SKU_019,2024-06-29,164,Household,379.82
SKU_019,2024-06-30,197,Household,148.66
SKU_019,2024-07-01,108,Household,483.64
SKU_019,2024-07-02,133,Household,290.08
SKU_019,2024-07-03,111,Household,214.38
SKU_019,2024-07-04,128,Household,473.19
SKU_019,2024-07-05,125,Household,74.61
SKU_019,2024-07-06,134,Household,161.58
SKU_019,2024-07-07,146,Household,379.84
SKU_019,2024-07-08,118,Household,477.81
SKU_019,2024-07-09,120,Household,71.51
SKU_019,2024-07-10,109,Household,466.98
SKU_019,2024-07-11,108,Household,87.22
SKU_019,2024-07-12,124,Household,250.98
SKU_019,2024-07-13,136,Household,444.82
SKU_019,2024-07-14,152,Household,234.75
SKU_019,2024-07-15,106,Household,353.57
SKU_019,2024-07-16,108,Household,224.24
SKU_019,2024-07-17,119,Household,116.7
SKU_019,2024-07-18,132,Household,265.72
SKU_019,2024-07-19,113,Household,339.87
SKU_019,2024-07-20,135,Household,98.63
SKU_019,2024-07-21,165,Household,250.8
SKU_019,2024-07-22,108,Household,332.63
SKU_019,2024-07-23,110,Household,64.52
SKU_019,2024-07-24,109,Household,139.27
SKU_019,2024-07-25,130,Household,378.18
SKU_019,2024-07-26,156,Household,231.33
SKU_019,2024-07-27,195,Household,322.72
SKU_019,2024-07-28,153,Household,461.37
SKU_019,2024-07-29,150,Household,398.25
SKU_019,2024-07-30,138,Household,458.87
SKU_019,2024-07-31,163,Household,90.31
SKU_019,2024-08-01,106,Household,333.97
SKU_019,2024-08-02,123,Household,499.43
SKU_019,2024-08-03,163,Household,366.37
SKU_019,2024-08-04,135,Household,191.06
SKU_019,2024-08-05,119,Household,439.29
SKU_019,2024-08-06,110,Household,446.92
SKU_019,2024-08-07,120,Household,92.62
SKU_019,2024-08-08,108,Household,489.86
SKU_019,2024-08-09,139,Household,130.56
SKU_019,2024-08-10,144,Household,378.55
SKU_019,2024-08-11,136,Household,427.96
SKU_019,2024-08-12,127,Household,456.72
SKU_019,2024-08-13,110,Household,175.73
SKU_019,2024-08-14,141,Household,301.87
SKU_019,2024-08-15,137,Household,253.01
SKU_019,2024-08-16,135,Household,456.13
SKU_019,2024-08-17,128,Household,304.49
SKU_019,2024-08-18,131,Household,159.95
SKU_019,2024-08-19,109,Household,445.33
SKU_019,2024-08-20,130,Household,418.91
SKU_019,2024-08-21,141,Household,204.05
SKU_019,2024-08-22,117,Household,398.32
SKU_019,2024-08-23,124,Household,365.18
SKU_019,2024-08-24,148,Household,488.58
SKU_019,2024-08-25,151,Household,474.53
SKU_019,2024-08-26,142,Household,87.64
SKU_019,2024-08-27,151,Household,407.66
SKU_019,2024-08-28,157,Household,64.93
SKU_019,2024-08-29,164,Household,450.03
SKU_019,2024-08-30,161,Household,342.89
SKU_019,2024-08-31,151,Household,496.94
SKU_019,2024-09-01,150,Household,66.27
SKU_019,2024-09-02,117,Household,489.73
SKU_019,2024-09-03,130,Household,447.1
SKU_019,2024-09-04,123,Household,434.23
SKU_019,2024-09-05,121,Household,198.61
SKU_019,2024-09-06,108,Household,250.78
SKU_019,2024-09-07,141,Household,205.03
SKU_019,2024-09-08,151,Household,491.7
SKU_019,2024-09-09,133,Household,200.95
SKU_019,2024-09-10,132,Household,213.66
SKU_019,2024-09-11,133,Household,117.35
SKU_019,2024-09-12,109,Household,197.55
SKU_019,2024-09-13,107,Household,302.24
SKU_019,2024-09-14,141,Household,144.51
SKU_019,2024-09-15,133,Household,396.69
SKU_019,2024-09-16,127,Household,405.25
SKU_019,2024-09-17,117,Household,301.2
SKU_019,2024-09-18,118,Household,286.28
SKU_019,2024-09-19,116,Household,217.59
SKU_019,2024-09-20,107,Household,55.39
SKU_019,2024-09-21,139,Household,204.62
SKU_019,2024-09-22,160,Household,118.5
SKU_019,2024-09-23,119,Household,414.26
SKU_019,2024-09-24,133,Household,408.23
SKU_019,2024-09-25,124,Household,261.12
SKU_019,2024-09-26,163,Household,439.21
SKU_019,2024-09-27,122,Household,132.47
SKU_019,2024-09-28,197,Household,347.43
SKU_019,2024-09-29,147,Household,346.06
SKU_019,2024-09-30,158,Household,466.6
SKU_019,2024-10-01,172,Household,226.08
SKU_019,2024-10-02,158,Household,126.96
SKU_019,2024-10-03,185,Household,402.87
SKU_019,2024-10-04,170,Household,163.41
SKU_019,2024-10-05,268,Household,106.98
SKU_019,2024-10-06,286,Household,77.36
SKU_019,2024-10-07,267,Household,469.79
SKU_019,2024-10-08,230,Household,134.41
SKU_019,2024-10-09,221,Household,265.19
SKU_019,2024-10-10,243,Household,83.54
SKU_019,2024-10-11,264,Household,344.76
SKU_019,2024-10-12,518,Household,145.86
SKU_019,2024-10-13,166,Household,153.96
SKU_019,2024-10-14,149,Household,201.73
SKU_019,2024-10-15,159,Household,250.16
SKU_019,2024-10-16,142,Household,290.16
SKU_019,2024-10-17,182,Household,429.79
SKU_019,2024-10-18,141,Household,152.31
SKU_019,2024-10-19,170,Household,461.06
SKU_019,2024-10-20,179,Household,163.0
SKU_019,2024-10-21,144,Household,461.99
SKU_019,2024-10-22,175,Household,312.56
SKU_019,2024-10-23,159,Household,194.16
SKU_019,2024-10-24,159,Household,364.38
SKU_019,2024-10-25,265,Household,331.8
SKU_019,2024-10-26,306,Household,385.76
SKU_019,2024-10-27,373,Household,159.58
SKU_019,2024-10-28,278,Household,116.22
SKU_019,2024-10-29,267,Household,66.96
SKU_019,2024-10-30,267,Household,346.52
SKU_019,2024-10-31,291,Household,326.71
SKU_019,2024-11-01,466,Household,382.56
SKU_019,2024-11-02,184,Household,374.0
SKU_019,2024-11-03,203,Household,309.9
SKU_019,2024-11-04,144,Household,487.95
SKU_019,2024-11-05,157,Household,303.9
SKU_019,2024-11-06,186,Household,109.38
SKU_019,2024-11-07,183,Household,290.39
SKU_019,2024-11-08,170,Household,115.09
SKU_019,2024-11-09,186,Household,402.88
SKU_019,2024-11-10,219,Household,264.72
SKU_019,2024-11-11,156,Household,171.49
SKU_019,2024-11-12,175,Household,274.35
SKU_019,2024-11-13,152,Household,255.03
SKU_019,2024-11-14,182,Household,343.46
SKU_019,2024-11-15,143,Household,184.42
SKU_019,2024-11-16,217,Household,499.58
SKU_019,2024-11-17,178,Household,69.57
SKU_019,2024-11-18,151,Household,198.12
SKU_019,2024-11-19,157,Household,266.32
SKU_019,2024-11-20,146,Household,301.25
SKU_019,2024-11-21,174,Household,276.01
SKU_019,2024-11-22,184,Household,340.46
SKU_019,2024-11-23,174,Household,361.57
SKU_019,2024-11-24,177,Household,286.39
SKU_019,2024-11-25,189,Household,435.04
SKU_019,2024-11-26,193,Household,428.16
SKU_019,2024-11-27,181,Household,237.75
SKU_019,2024-11-28,213,Household,116.05
SKU_019,2024-11-29,203,Household,432.77
SKU_019,2024-11-30,196,Household,458.51
SKU_019,2024-12-01,168,Household,298.5
SKU_019,2024-12-02,161,Household,315.24
SKU_019,2024-12-03,163,Household,303.18
SKU_019,2024-12-04,166,Household,390.44
SKU_019,2024-12-05,146,Household,171.47
SKU_019,2024-12-06,147,Household,240.36
SKU_019,2024-12-07,167,Household,374.98
SKU_019,2024-12-08,220,Household,214.83
SKU_019,2024-12-09,172,Household,370.82
SKU_019,2024-12-10,153,Household,113.51
SKU_019,2024-12-11,157,Household,365.31
SKU_019,2024-12-12,177,Household,68.83
SKU_019,2024-12-13,141,Household,105.52
SKU_019,2024-12-14,178,Household,286.24
SKU_019,2024-12-15,207,Household,425.6
SKU_019,2024-12-16,172,Household,472.83
SKU_019,2024-12-17,180,Household,471.91
SKU_019,2024-12-18,182,Household,214.54
SKU_019,2024-12-19,182,Household,83.37
SKU_019,2024-12-20,151,Household,324.54
SKU_019,2024-12-21,203,Household,93.75
SKU_019,2024-12-22,204,Household,276.36
SKU_019,2024-12-23,144,Household,377.2
SKU_019,2024-12-24,156,Household,319.83
SKU_019,2024-12-25,213,Household,349.93
SKU_019,2024-12-26,179,Household,420.44
SKU_019,2024-12-27,195,Household,168.61
SKU_019,2024-12-28,207,Household,303.57
SKU_019,2024-12-29,196,Household,420.6
SKU_019,2024-12-30,194,Household,398.36
SKU_019,2024-12-31,166,Household,466.57
SKU_020,2023-01-01,204,Household,315.3
SKU_020,2023-01-02,181,Household,380.91
SKU_020,2023-01-03,166,Household,301.57
SKU_020,2023-01-04,165,Household,433.46
SKU_020,2023-01-05,175,Household,297.06
SKU_020,2023-01-06,152,Household,383.18
SKU_020,2023-01-07,194,Household,64.19
SKU_020,2023-01-08,190,Household,494.94
SKU_020,2023-01-09,162,Household,238.03
SKU_020,2023-01-10,166,Household,451.91
SKU_020,2023-01-11,136,Household,200.48
SKU_020,2023-01-12,146,Household,390.67
SKU_020,2023-01-13,141,Household,360.3
SKU_020,2023-01-14,192,Household,218.77
SKU_020,2023-01-15,209,Household,280.86
SKU_020,2023-01-16,147,Household,285.51
SKU_020,2023-01-17,140,Household,181.46
SKU_020,2023-01-18,169,Household,169.97
SKU_020,2023-01-19,162,Household,426.22
SKU_020,2023-01-20,147,Household,51.41
SKU_020,2023-01-21,200,Household,55.35
SKU_020,2023-01-22,216,Household,280.5
SKU_020,2023-01-23,139,Household,93.05
SKU_020,2023-01-24,163,Household,328.04
SKU_020,2023-01-25,162,Household,327.07
SKU_020,2023-01-26,160,Household,158.12
SKU_020,2023-01-27,200,Household,421.75
SKU_020,2023-01-28,202,Household,339.32
SKU_020,2023-01-29,228,Household,341.2
SKU_020,2023-01-30,189,Household,98.27
SKU_020,2023-01-31,193,Household,339.78
SKU_020,2023-02-01,162,Household,269.35
SKU_020,2023-02-02,146,Household,194.7
SKU_020,2023-02-03,140,Household,151.28
SKU_020,2023-02-04,185,Household,455.38
SKU_020,2023-02-05,194,Household,447.91
SKU_020,2023-02-06,174,Household,273.12
SKU_020,2023-02-07,154,Household,159.08
SKU_020,2023-02-08,178,Household,267.18
SKU_020,2023-02-09,141,Household,310.26
SKU_020,2023-02-10,166,Household,430.09
SKU_020,2023-02-11,187,Household,179.61
SKU_020,2023-02-12,191,Household,159.54
SKU_020,2023-02-13,168,Household,199.82
SKU_020,2023-02-14,138,Household,125.65
SKU_020,2023-02-15,171,Household,200.84
SKU_020,2023-02-16,153,Household,189.15
SKU_020,2023-02-17,159,Household,465.3
SKU_020,2023-02-18,170,Household,262.74
SKU_020,2023-02-19,185,Household,328.24
SKU_020,2023-02-20,172,Household,102.33
SKU_020,2023-02-21,147,Household,376.0
SKU_020,2023-02-22,177,Household,70.43
SKU_020,2023-02-23,136,Household,453.57
SKU_020,2023-02-24,159,Household,427.62
SKU_020,2023-02-25,231,Household,413.94
SKU_020,2023-02-26,214,Household,235.82
SKU_020,2023-02-27,170,Household,118.61
SKU_020,2023-02-28,172,Household,392.81
SKU_020,2023-03-01,150,Household,52.96
SKU_020,2023-03-02,140,Household,293.34
SKU_020,2023-03-03,154,Household,54.0
SKU_020,2023-03-04,182,Household,335.81
SKU_020,2023-03-05,182,Household,126.93
SKU_020,2023-03-06,147,Household,463.22
SKU_020,2023-03-07,151,Household,75.85
SKU_020,2023-03-08,135,Household,465.8
SKU_020,2023-03-09,141,Household,93.81
SKU_020,2023-03-10,158,Household,310.82
SKU_020,2023-03-11,199,Household,133.69
SKU_020,2023-03-12,184,Household,234.58
SKU_020,2023-03-13,165,Household,257.54
SKU_020,2023-03-14,157,Household,411.57
SKU_020,2023-03-15,181,Household,184.94
SKU_020,2023-03-16,162,Household,271.07
SKU_020,2023-03-17,175,Household,112.15
SKU_020,2023-03-18,182,Household,411.06
SKU_020,2023-03-19,205,Household,297.6
SKU_020,2023-03-20,147,Household,414.04
SKU_020,2023-03-21,143,Household,124.53
SKU_020,2023-03-22,155,Household,122.12
SKU_020,2023-03-23,170,Household,270.26
SKU_020,2023-03-24,169,Household,231.44
SKU_020,2023-03-25,188,Household,424.01
SKU_020,2023-03-26,203,Household,243.74
SKU_020,2023-03-27,160,Household,445.0
SKU_020,2023-03-28,201,Household,442.58
SKU_020,2023-03-29,206,Household,260.26
SKU_020,2023-03-30,168,Household,427.8
SKU_020,2023-03-31,173,Household,419.42
SKU_020,2023-04-01,183,Household,497.13
SKU_020,2023-04-02,176,Household,279.71
SKU_020,2023-04-03,148,Household,456.34
SKU_020,2023-04-04,134,Household,313.24
SKU_020,2023-04-05,142,Household,330.19
SKU_020,2023-04-06,162,Household,189.28
SKU_020,2023-04-07,170,Household,342.83
SKU_020,2023-04-08,176,Household,298.83
SKU_020,2023-04-09,170,Household,144.05
SKU_020,2023-04-10,178,Household,267.94
SKU_020,2023-04-11,146,Household,53.6
SKU_020,2023-04-12,162,Household,287.02
SKU_020,2023-04-13,169,Household,194.01
SKU_020,2023-04-14,154,Household,380.01
SKU_020,2023-04-15,202,Household,490.82
SKU_020,2023-04-16,186,Household,363.6
SKU_020,2023-04-17,165,Household,104.96
SKU_020,2023-04-18,135,Household,485.64
SKU_020,2023-04-19,175,Household,456.59
SKU_020,2023-04-20,166,Household,335.68
SKU_020,2023-04-21,134,Household,337.65
SKU_020,2023-04-22,177,Household,366.25
SKU_020,2023-04-23,176,Household,434.81
SKU_020,2023-04-24,139,Household,489.3
SKU_020,2023-04-25,163,Household,209.28
SKU_020,2023-04-26,177,Household,161.4
SKU_020,2023-04-27,184,Household,428.98
SKU_020,2023-04-28,189,Household,429.88
SKU_020,2023-04-29,222,Household,357.72
SKU_020,2023-04-30,233,Household,479.74
SKU_020,2023-05-01,145,Household,151.92
SKU_020,2023-05-02,162,Household,225.65
SKU_020,2023-05-03,179,Household,476.61
SKU_020,2023-05-04,174,Household,99.54
SKU_020,2023-05-05,153,Household,315.48
SKU_020,2023-05-06,190,Household,471.97
SKU_020,2023-05-07,166,Household,280.4
SKU_020,2023-05-08,136,Household,117.76
SKU_020,2023-05-09,163,Household,152.48
SKU_020,2023-05-10,159,Household,483.37
SKU_020,2023-05-11,171,Household,275.59
SKU_020,2023-05-12,138,Household,70.91
SKU_020,2023-05-13,211,Household,52.85
SKU_020,2023-05-14,212,Household,166.73
SKU_020,2023-05-15,152,Household,272.6
SKU_020,2023-05-16,147,Household,268.64
SKU_020,2023-05-17,157,Household,268.41
SKU_020,2023-05-18,155,Household,479.13
SKU_020,2023-05-19,151,Household,480.83
SKU_020,2023-05-20,179,Household,350.33
SKU_020,2023-05-21,212,Household,403.92
SKU_020,2023-05-22,160,Household,170.44
SKU_020,2023-05-23,156,Household,261.38
SKU_020,2023-05-24,159,Household,384.06
SKU_020,2023-05-25,180,Household,242.98
SKU_020,2023-05-26,155,Household,238.79
SKU_020,2023-05-27,221,Household,435.9
SKU_020,2023-05-28,187,Household,52.29
SKU_020,2023-05-29,202,Household,266.54
SKU_020,2023-05-30,164,Household,386.13
SKU_020,2023-05-31,176,Household,391.86
SKU_020,2023-06-01,180,Household,157.37
SKU_020,2023-06-02,181,Household,373.91
SKU_020,2023-06-03,172,Household,372.25
SKU_020,2023-06-04,208,Household,425.06
SKU_020,2023-06-05,138,Household,176.02
SKU_020,2023-06-06,139,Household,406.67
SKU_020,2023-06-07,181,Household,477.34
SKU_020,2023-06-08,178,Household,402.86
SKU_020,2023-06-09,177,Household,61.84
SKU_020,2023-06-10,206,Household,154.39
SKU_020,2023-06-11,188,Household,454.05
SKU_020,2023-06-12,158,Household,419.87
SKU_020,2023-06-13,161,Household,156.35
SKU_020,2023-06-14,155,Household,163.46
SKU_020,2023-06-15,180,Household,182.51
SKU_020,2023-06-16,141,Household,153.8
SKU_020,2023-06-17,173,Household,260.61
SKU_020,2023-06-18,192,Household,197.34
SKU_020,2023-06-19,152,Household,433.35
SKU_020,2023-06-20,171,Household,197.79
SKU_020,2023-06-21,176,Household,249.81
SKU_020,2023-06-22,158,Household,275.78
SKU_020,2023-06-23,177,Household,183.96
SKU_020,2023-06-24,168,Household,414.5
SKU_020,2023-06-25,204,Household,329.31
SKU_020,2023-06-26,190,Household,376.66
SKU_020,2023-06-27,154,Household,150.96
SKU_020,2023-06-28,205,Household,53.92
SKU_020,2023-06-29,169,Household,51.64
SKU_020,2023-06-30,154,Household,236.47
SKU_020,2023-07-01,192,Household,427.64
SKU_020,2023-07-02,169,Household,251.61
SKU_020,2023-07-03,179,Household,214.81
SKU_020,2023-07-04,140,Household,442.65
SKU_020,2023-07-05,146,Household,282.79
SKU_020,2023-07-06,176,Household,435.59
SKU_020,2023-07-07,153,Household,254.56
SKU_020,2023-07-08,186,Household,273.96
SKU_020,2023-07-09,190,Household,169.37
SKU_020,2023-07-10,159,Household,90.44
SKU_020,2023-07-11,166,Household,62.13
SKU_020,2023-07-12,136,Household,397.27
SKU_020,2023-07-13,136,Household,181.96
SKU_020,2023-07-14,167,Household,51.15
SKU_020,2023-07-15,203,Household,365.41
SKU_020,2023-07-16,194,Household,370.49
SKU_020,2023-07-17,178,Household,129.79
SKU_020,2023-07-18,154,Household,109.75
SKU_020,2023-07-19,170,Household,174.37
SKU_020,2023-07-20,172,Household,496.25
SKU_020,2023-07-21,175,Household,253.72
SKU_020,2023-07-22,194,Household,496.28
SKU_020,2023-07-23,192,Household,206.52
SKU_020,2023-07-24,164,Household,113.94
SKU_020,2023-07-25,206,Household,468.95
SKU_020,2023-07-26,179,Household,85.86
SKU_020,2023-07-27,175,Household,448.01
SKU_020,2023-07-28,207,Household,279.65
SKU_020,2023-07-29,249,Household,417.69
SKU_020,2023-07-30,219,Household,380.98
SKU_020,2023-07-31,157,Household,445.36
SKU_020,2023-08-01,166,Household,461.23
SKU_020,2023-08-02,162,Household,431.9
SKU_020,2023-08-03,141,Household,320.52
SKU_020,2023-08-04,136,Household,367.66
SKU_020,2023-08-05,214,Household,232.54
SKU_020,2023-08-06,175,Household,78.84
SKU_020,2023-08-07,172,Household,117.19
SKU_020,2023-08-08,163,Household,62.79
SKU_020,2023-08-09,169,Household,189.56
SKU_020,2023-08-10,151,Household,406.46
SKU_020,2023-08-11,157,Household,270.96
SKU_020,2023-08-12,204,Household,427.84
SKU_020,2023-08-13,189,Household,334.53
SKU_020,2023-08-14,179,Household,232.01
SKU_020,2023-08-15,149,Household,171.9
SKU_020,2023-08-16,173,Household,253.54
SKU_020,2023-08-17,176,Household,94.4
SKU_020,2023-08-18,178,Household,315.58
SKU_020,2023-08-19,194,Household,340.35
SKU_020,2023-08-20,203,Household,171.84
SKU_020,2023-08-21,175,Household,100.36
SKU_020,2023-08-22,177,Household,499.77
SKU_020,2023-08-23,172,Household,250.81
SKU_020,2023-08-24,149,Household,268.81
SKU_020,2023-08-25,166,Household,262.16
SKU_020,2023-08-26,193,Household,201.49
SKU_020,2023-08-27,241,Household,396.3
SKU_020,2023-08-28,191,Household,468.91
SKU_020,2023-08-29,159,Household,361.83
SKU_020,2023-08-30,171,Household,303.83
SKU_020,2023-08-31,207,Household,177.99
SKU_020,2023-09-01,157,Household,239.52
SKU_020,2023-09-02,170,Household,390.86
SKU_020,2023-09-03,186,Household,451.68
SKU_020,2023-09-04,165,Household,226.1
SKU_020,2023-09-05,181,Household,246.13
SKU_020,2023-09-06,169,Household,265.5
SKU_020,2023-09-07,171,Household,353.4
SKU_020,2023-09-08,168,Household,427.54
SKU_020,2023-09-09,210,Household,258.61
SKU_020,2023-09-10,206,Household,393.31
SKU_020,2023-09-11,178,Household,129.48
SKU_020,2023-09-12,150,Household,200.94
SKU_020,2023-09-13,153,Household,264.48
SKU_020,2023-09-14,145,Household,375.32
SKU_020,2023-09-15,181,Household,243.43
SKU_020,2023-09-16,205,Household,321.69
SKU_020,2023-09-17,191,Household,378.55
SKU_020,2023-09-18,169,Household,279.72
SKU_020,2023-09-19,143,Household,472.33
SKU_020,2023-09-20,179,Household,394.41
SKU_020,2023-09-21,172,Household,401.13
SKU_020,2023-09-22,144,Household,102.87
SKU_020,2023-09-23,200,Household,280.76
SKU_020,2023-09-24,198,Household,76.81
SKU_020,2023-09-25,164,Household,321.47
SKU_020,2023-09-26,171,Household,342.53
SKU_020,2023-09-27,174,Household,348.17
SKU_020,2023-09-28,200,Household,374.21
SKU_020,2023-09-29,176,Household,264.81
SKU_020,2023-09-30,239,Household,210.15
SKU_020,2023-10-01,254,Household,61.17
SKU_020,2023-10-02,205,Household,87.15
SKU_020,2023-10-03,182,Household,436.12
SKU_020,2023-10-04,230,Household,178.28
SKU_020,2023-10-05,198,Household,189.87
SKU_020,2023-10-06,204,Household,209.93
SKU_020,2023-10-07,251,Household,190.3
SKU_020,2023-10-08,367,Household,188.33
SKU_020,2023-10-09,321,Household,281.82
SKU_020,2023-10-10,329,Household,344.84
SKU_020,2023-10-11,339,Household,134.44
SKU_020,2023-10-12,265,Household,283.13
SKU_020,2023-10-13,331,Household,493.68
SKU_020,2023-10-14,338,Household,252.04
SKU_020,2023-10-15,660,Household,493.45
SKU_020,2023-10-16,191,Household,89.44
SKU_020,2023-10-17,300,Household,223.42
SKU_020,2023-10-18,336,Household,496.08
SKU_020,2023-10-19,297,Household,395.97
SKU_020,2023-10-20,264,Household,214.07
SKU_020,2023-10-21,348,Household,485.15
SKU_020,2023-10-22,354,Household,248.73
SKU_020,2023-10-23,277,Household,206.1
SKU_020,2023-10-24,580,Household,368.66
SKU_020,2023-10-25,269,Household,411.66
SKU_020,2023-10-26,205,Household,223.12
SKU_020,2023-10-27,218,Household,195.58
SKU_020,2023-10-28,298,Household,179.53
SKU_020,2023-10-29,261,Household,316.87
SKU_020,2023-10-30,219,Household,436.03
SKU_020,2023-10-31,227,Household,318.56
SKU_020,2023-11-01,184,Household,391.5
SKU_020,2023-11-02,231,Household,64.11
SKU_020,2023-11-03,232,Household,51.64
SKU_020,2023-11-04,254,Household,270.03
SKU_020,2023-11-05,257,Household,106.59
SKU_020,2023-11-06,195,Household,474.86
SKU_020,2023-11-07,185,Household,247.84
SKU_020,2023-11-08,179,Household,155.7
SKU_020,2023-11-09,228,Household,97.24
SKU_020,2023-11-10,200,Household,356.39
SKU_020,2023-11-11,268,Household,483.34
SKU_020,2023-11-12,237,Household,208.33
SKU_020,2023-11-13,180,Household,252.85
SKU_020,2023-11-14,220,Household,197.07
SKU_020,2023-11-15,188,Household,390.0
SKU_020,2023-11-16,195,Household,347.4
SKU_020,2023-11-17,208,Household,361.9
SKU_020,2023-11-18,213,Household,83.07
SKU_020,2023-11-19,228,Household,283.62
SKU_020,2023-11-20,179,Household,148.49
SKU_020,2023-11-21,227,Household,226.62
SKU_020,2023-11-22,202,Household,78.71
SKU_020,2023-11-23,230,Household,442.41
SKU_020,2023-11-24,233,Household,86.39
SKU_020,2023-11-25,243,Household,65.15
SKU_020,2023-11-26,242,Household,165.91
SKU_020,2023-11-27,235,Household,165.64
SKU_020,2023-11-28,233,Household,218.65
SKU_020,2023-11-29,212,Household,75.68
SKU_020,2023-11-30,238,Household,143.39
SKU_020,2023-12-01,182,Household,194.99
SKU_020,2023-12-02,218,Household,91.41
SKU_020,2023-12-03,271,Household,197.64
SKU_020,2023-12-04,207,Household,193.82
SKU_020,2023-12-05,191,Household,461.66
SKU_020,2023-12-06,214,Household,195.32
SKU_020,2023-12-07,225,Household,387.32
SKU_020,2023-12-08,179,Household,491.32
SKU_020,2023-12-09,275,Household,238.9
SKU_020,2023-12-10,277,Household,127.51
SKU_020,2023-12-11,232,Household,497.9
SKU_020,2023-12-12,226,Household,317.66
SKU_020,2023-12-13,229,Household,213.62
SKU_020,2023-12-14,176,Household,172.0
SKU_020,2023-12-15,199,Household,315.28
SKU_020,2023-12-16,212,Household,88.01
SKU_020,2023-12-17,275,Household,327.04
SKU_020,2023-12-18,208,Household,474.29
SKU_020,2023-12-19,204,Household,98.95
SKU_020,2023-12-20,204,Household,451.87
SKU_020,2023-12-21,230,Household,207.69
SKU_020,2023-12-22,194,Household,161.13
SKU_020,2023-12-23,235,Household,424.66
SKU_020,2023-12-24,234,Household,488.8
SKU_020,2023-12-25,207,Household,139.59
SKU_020,2023-12-26,236,Household,50.34
SKU_020,2023-12-27,265,Household,197.15
SKU_020,2023-12-28,250,Household,482.39
SKU_020,2023-12-29,254,Household,329.86
SKU_020,2023-12-30,263,Household,477.65
SKU_020,2023-12-31,298,Household,267.68
SKU_020,2024-01-01,174,Household,430.52
SKU_020,2024-01-02,140,Household,127.53
SKU_020,2024-01-03,160,Household,68.17
SKU_020,2024-01-04,144,Household,487.75
SKU_020,2024-01-05,139,Household,148.63
SKU_020,2024-01-06,185,Household,402.42
SKU_020,2024-01-07,203,Household,139.93
SKU_020,2024-01-08,228,Household,270.45
SKU_020,2024-01-09,243,Household,327.49
SKU_020,2024-01-10,202,Household,193.47
SKU_020,2024-01-11,247,Household,386.29
SKU_020,2024-01-12,244,Household,376.32
SKU_020,2024-01-13,287,Household,467.75
SKU_020,2024-01-14,290,Household,140.13
SKU_020,2024-01-15,350,Household,443.48
SKU_020,2024-01-16,174,Household,454.15
SKU_020,2024-01-17,167,Household,93.31
SKU_020,2024-01-18,168,Household,445.45
SKU_020,2024-01-19,147,Household,476.67
SKU_020,2024-01-20,212,Household,224.86
SKU_020,2024-01-21,162,Household,134.56
SKU_020,2024-01-22,169,Household,207.03
SKU_020,2024-01-23,164,Household,130.35
SKU_020,2024-01-24,154,Household,96.23
SKU_020,2024-01-25,154,Household,406.27
SKU_020,2024-01-26,188,Household,93.52
SKU_020,2024-01-27,223,Household,107.96
SKU_020,2024-01-28,228,Household,188.44
SKU_020,2024-01-29,180,Household,326.26
SKU_020,2024-01-30,192,Household,165.78
SKU_020,2024-01-31,203,Household,366.79
SKU_020,2024-02-01,148,Household,119.27
SKU_020,2024-02-02,135,Household,355.34
SKU_020,2024-02-03,196,Household,56.46
SKU_020,2024-02-04,171,Household,150.23
SKU_020,2024-02-05,172,Household,468.23
SKU_020,2024-02-06,171,Household,499.72
SKU_020,2024-02-07,142,Household,370.11
SKU_020,2024-02-08,153,Household,343.1
SKU_020,2024-02-09,147,Household,206.55
SKU_020,2024-02-10,205,Household,233.61
SKU_020,2024-02-11,209,Household,177.01
SKU_020,2024-02-12,157,Household,484.3
SKU_020,2024-02-13,135,Household,200.08
SKU_020,2024-02-14,135,Household,96.82
SKU_020,2024-02-15,170,Household,237.72
SKU_020,2024-02-16,135,Household,420.25
SKU_020,2024-02-17,217,Household,135.29
SKU_020,2024-02-18,164,Household,108.27
SKU_020,2024-02-19,172,Household,420.79
SKU_020,2024-02-20,172,Household,365.18
SKU_020,2024-02-21,160,Household,314.64
SKU_020,2024-02-22,166,Household,134.48
SKU_020,2024-02-23,153,Household,80.55
SKU_020,2024-02-24,176,Household,409.44
SKU_020,2024-02-25,204,Household,322.59
SKU_020,2024-02-26,191,Household,460.22
SKU_020,2024-02-27,193,Household,249.03
SKU_020,2024-02-28,190,Household,372.85
SKU_020,2024-02-29,162,Household,398.17
SKU_020,2024-03-01,152,Household,283.58
SKU_020,2024-03-02,165,Household,52.26
SKU_020,2024-03-03,172,Household,64.47
SKU_020,2024-03-04,174,Household,178.99
SKU_020,2024-03-05,172,Household,267.82
SKU_020,2024-03-06,163,Household,130.28
SKU_020,2024-03-07,143,Household,362.49
SKU_020,2024-03-08,152,Household,374.34
SKU_020,2024-03-09,205,Household,94.98
SKU_020,2024-03-10,175,Household,126.3
SKU_020,2024-03-11,135,Household,269.78
SKU_020,2024-03-12,149,Household,280.35
SKU_020,2024-03-13,152,Household,53.15
SKU_020,2024-03-14,138,Household,278.91
SKU_020,2024-03-15,171,Household,161.6
SKU_020,2024-03-16,207,Household,143.09
SKU_020,2024-03-17,197,Household,445.41
SKU_020,2024-03-18,176,Household,174.05
SKU_020,2024-03-19,146,Household,146.7
SKU_020,2024-03-20,150,Household,256.01
SKU_020,2024-03-21,176,Household,71.21
SKU_020,2024-03-22,158,Household,81.03
SKU_020,2024-03-23,210,Household,52.72
SKU_020,2024-03-24,192,Household,480.49
SKU_020,2024-03-25,167,Household,241.71
SKU_020,2024-03-26,186,Household,293.88
SKU_020,2024-03-27,202,Household,413.77
SKU_020,2024-03-28,175,Household,83.96
SKU_020,2024-03-29,208,Household,352.13
SKU_020,2024-03-30,214,Household,117.29
SKU_020,2024-03-31,206,Household,401.56
SKU_020,2024-04-01,148,Household,482.46
SKU_020,2024-04-02,160,Household,88.89
SKU_020,2024-04-03,171,Household,407.64
SKU_020,2024-04-04,164,Household,89.77
SKU_020,2024-04-05,163,Household,342.53
SKU_020,2024-04-06,206,Household,185.59
SKU_020,2024-04-07,215,Household,139.94
SKU_020,2024-04-08,168,Household,91.59
SKU_020,2024-04-09,157,Household,474.89
SKU_020,2024-04-10,166,Household,107.85
SKU_020,2024-04-11,175,Household,219.47
SKU_020,2024-04-12,152,Household,486.67
SKU_020,2024-04-13,190,Household,238.62
SKU_020,2024-04-14,193,Household,223.78
SKU_020,2024-04-15,153,Household,259.76
SKU_020,2024-04-16,154,Household,86.06
SKU_020,2024-04-17,175,Household,421.63
SKU_020,2024-04-18,162,Household,414.8
SKU_020,2024-04-19,170,Household,145.85
SKU_020,2024-04-20,214,Household,341.57
SKU_020,2024-04-21,186,Household,371.48
SKU_020,2024-04-22,172,Household,187.2
SKU_020,2024-04-23,142,Household,122.24
SKU_020,2024-04-24,173,Household,348.78
SKU_020,2024-04-25,184,Household,122.27
SKU_020,2024-04-26,175,Household,468.97
SKU_020,2024-04-27,217,Household,214.01
SKU_020,2024-04-28,203,Household,445.29
SKU_020,2024-04-29,190,Household,399.67
SKU_020,2024-04-30,190,Household,193.9
SKU_020,2024-05-01,139,Household,232.86
SKU_020,2024-05-02,141,Household,469.41
SKU_020,2024-05-03,151,Household,456.18
SKU_020,2024-05-04,209,Household,212.8
SKU_020,2024-05-05,189,Household,134.43
SKU_020,2024-05-06,163,Household,203.54
SKU_020,2024-05-07,140,Household,326.56
SKU_020,2024-05-08,174,Household,324.12
SKU_020,2024-05-09,136,Household,322.53
SKU_020,2024-05-10,173,Household,90.76
SKU_020,2024-05-11,195,Household,124.03
SKU_020,2024-05-12,180,Household,146.41
SKU_020,2024-05-13,168,Household,298.33
SKU_020,2024-05-14,169,Household,173.53
SKU_020,2024-05-15,177,Household,330.37
SKU_020,2024-05-16,148,Household,259.66
SKU_020,2024-05-17,139,Household,296.51
SKU_020,2024-05-18,211,Household,396.99
SKU_020,2024-05-19,172,Household,357.88
SKU_020,2024-05-20,172,Household,381.91
SKU_020,2024-05-21,168,Household,158.61
SKU_020,2024-05-22,176,Household,338.49
SKU_020,2024-05-23,156,Household,139.16
SKU_020,2024-05-24,151,Household,181.88
SKU_020,2024-05-25,217,Household,255.64
SKU_020,2024-05-26,223,Household,294.16
SKU_020,2024-05-27,157,Household,410.96
SKU_020,2024-05-28,178,Household,366.82
SKU_020,2024-05-29,155,Household,100.82
SKU_020,2024-05-30,202,Household,392.47
SKU_020,2024-05-31,166,Household,266.29
SKU_020,2024-06-01,205,Household,431.28
SKU_020,2024-06-02,206,Household,369.11
SKU_020,2024-06-03,167,Household,333.16
SKU_020,2024-06-04,172,Household,301.88
SKU_020,2024-06-05,174,Household,332.76
SKU_020,2024-06-06,156,Household,297.94
SKU_020,2024-06-07,154,Household,371.96
SKU_020,2024-06-08,203,Household,125.6
SKU_020,2024-06-09,202,Household,355.8
SKU_020,2024-06-10,164,Household,316.86
SKU_020,2024-06-11,136,Household,68.93
SKU_020,2024-06-12,154,Household,388.58
SKU_020,2024-06-13,139,Household,380.71
SKU_020,2024-06-14,180,Household,208.84
SKU_020,2024-06-15,213,Household,252.56
SKU_020,2024-06-16,184,Household,465.02
SKU_020,2024-06-17,165,Household,455.89
SKU_020,2024-06-18,137,Household,446.67
SKU_020,2024-06-19,150,Household,188.25
SKU_020,2024-06-20,174,Household,306.62
SKU_020,2024-06-21,173,Household,281.89
SKU_020,2024-06-22,215,Household,465.72
SKU_020,2024-06-23,178,Household,190.86
SKU_020,2024-06-24,169,Household,98.8
SKU_020,2024-06-25,207,Household,217.13
SKU_020,2024-06-26,174,Household,334.91
SKU_020,2024-06-27,204,Household,405.37
SKU_020,2024-06-28,197,Household,278.61
SKU_020,2024-06-29,210,Household,309.64
SKU_020,2024-06-30,242,Household,345.34
SKU_020,2024-07-01,169,Household,109.31
SKU_020,2024-07-02,141,Household,171.65
SKU_020,2024-07-03,174,Household,359.3
SKU_020,2024-07-04,169,Household,186.73
SKU_020,2024-07-05,178,Household,492.19
SKU_020,2024-07-06,200,Household,347.06
SKU_020,2024-07-07,191,Household,480.04
SKU_020,2024-07-08,158,Household,386.42
SKU_020,2024-07-09,158,Household,66.33
SKU_020,2024-07-10,176,Household,352.68
SKU_020,2024-07-11,148,Household,327.99
SKU_020,2024-07-12,157,Household,435.9
SKU_020,2024-07-13,213,Household,352.78
SKU_020,2024-07-14,203,Household,55.66
SKU_020,2024-07-15,136,Household,275.63
SKU_020,2024-07-16,159,Household,390.96
SKU_020,2024-07-17,141,Household,349.64
SKU_020,2024-07-18,145,Household,488.44
SKU_020,2024-07-19,137,Household,368.42
SKU_020,2024-07-20,187,Household,224.9
SKU_020,2024-07-21,174,Household,162.09
SKU_020,2024-07-22,165,Household,314.43
SKU_020,2024-07-23,169,Household,50.63
SKU_020,2024-07-24,152,Household,225.05
SKU_020,2024-07-25,184,Household,284.79
SKU_020,2024-07-26,189,Household,58.02
SKU_020,2024-07-27,237,Household,104.41
SKU_020,2024-07-28,217,Household,142.86
SKU_020,2024-07-29,189,Household,229.71
SKU_020,2024-07-30,171,Household,118.81
SKU_020,2024-07-31,207,Household,369.93
SKU_020,2024-08-01,154,Household,420.51
SKU_020,2024-08-02,140,Household,357.53
SKU_020,2024-08-03,205,Household,194.3
SKU_020,2024-08-04,212,Household,337.49
SKU_020,2024-08-05,170,Household,388.64
SKU_020,2024-08-06,143,Household,271.85
SKU_020,2024-08-07,161,Household,161.71
SKU_020,2024-08-08,153,Household,305.49
SKU_020,2024-08-09,141,Household,173.84
SKU_020,2024-08-10,207,Household,408.49
SKU_020,2024-08-11,178,Household,496.14
SKU_020,2024-08-12,146,Household,154.81
SKU_020,2024-08-13,145,Household,200.96
SKU_020,2024-08-14,173,Household,463.67
SKU_020,2024-08-15,134,Household,272.3
SKU_020,2024-08-16,152,Household,274.85
SKU_020,2024-08-17,207,Household,291.02
SKU_020,2024-08-18,184,Household,455.17
SKU_020,2024-08-19,135,Household,279.58
SKU_020,2024-08-20,136,Household,96.63
SKU_020,2024-08-21,150,Household,112.32
SKU_020,2024-08-22,167,Household,258.73
SKU_020,2024-08-23,166,Household,343.68
SKU_020,2024-08-24,171,Household,371.97
SKU_020,2024-08-25,202,Household,211.75
SKU_020,2024-08-26,199,Household,95.73
SKU_020,2024-08-27,201,Household,162.06
SKU_020,2024-08-28,184,Household,400.41
SKU_020,2024-08-29,208,Household,314.08
SKU_020,2024-08-30,157,Household,345.47
SKU_020,2024-08-31,216,Household,293.19
SKU_020,2024-09-01,163,Household,110.39
SKU_020,2024-09-02,150,Household,193.34
SKU_020,2024-09-03,150,Household,499.26
SKU_020,2024-09-04,173,Household,69.15
SKU_020,2024-09-05,161,Household,148.96
SKU_020,2024-09-06,153,Household,342.34
SKU_020,2024-09-07,197,Household,149.45
SKU_020,2024-09-08,173,Household,470.54
SKU_020,2024-09-09,161,Household,418.57
SKU_020,2024-09-10,159,Household,248.39
SKU_020,2024-09-11,178,Household,168.49
SKU_020,2024-09-12,163,Household,175.25
SKU_020,2024-09-13,176,Household,61.36
SKU_020,2024-09-14,166,Household,379.1
SKU_020,2024-09-15,200,Household,81.35
SKU_020,2024-09-16,170,Household,204.77
SKU_020,2024-09-17,137,Household,437.89
SKU_020,2024-09-18,149,Household,298.55
SKU_020,2024-09-19,136,Household,118.41
SKU_020,2024-09-20,176,Household,460.46
SKU_020,2024-09-21,207,Household,182.14
SKU_020,2024-09-22,190,Household,153.26
SKU_020,2024-09-23,164,Household,137.58
SKU_020,2024-09-24,150,Household,207.4
SKU_020,2024-09-25,159,Household,227.67
SKU_020,2024-09-26,204,Household,485.67
SKU_020,2024-09-27,198,Household,343.48
SKU_020,2024-09-28,242,Household,375.06
SKU_020,2024-09-29,218,Household,496.79
SKU_020,2024-09-30,200,Household,54.33
SKU_020,2024-10-01,216,Household,256.86
SKU_020,2024-10-02,223,Household,358.16
SKU_020,2024-10-03,213,Household,484.12
SKU_020,2024-10-04,209,Household,295.09
SKU_020,2024-10-05,361,Household,104.19
SKU_020,2024-10-06,340,Household,372.37
SKU_020,2024-10-07,307,Household,286.42
SKU_020,2024-10-08,326,Household,327.07
SKU_020,2024-10-09,299,Household,178.35
SKU_020,2024-10-10,315,Household,148.81
SKU_020,2024-10-11,276,Household,135.09
SKU_020,2024-10-12,600,Household,103.34
SKU_020,2024-10-13,243,Household,52.99
SKU_020,2024-10-14,228,Household,350.89
SKU_020,2024-10-15,226,Household,440.29
SKU_020,2024-10-16,207,Household,199.62
SKU_020,2024-10-17,178,Household,341.56
SKU_020,2024-10-18,190,Household,101.52
SKU_020,2024-10-19,265,Household,177.21
SKU_020,2024-10-20,281,Household,207.84
SKU_020,2024-10-21,225,Household,438.7
SKU_020,2024-10-22,218,Household,450.25
SKU_020,2024-10-23,211,Household,413.1
SKU_020,2024-10-24,226,Household,145.09
SKU_020,2024-10-25,327,Household,173.21
SKU_020,2024-10-26,474,Household,326.35
SKU_020,2024-10-27,423,Household,489.93
SKU_020,2024-10-28,368,Household,70.65
SKU_020,2024-10-29,316,Household,175.18
SKU_020,2024-10-30,350,Household,313.06
SKU_020,2024-10-31,376,Household,172.11
SKU_020,2024-11-01,590,Household,296.14
SKU_020,2024-11-02,227,Household,339.74
SKU_020,2024-11-03,214,Household,252.82
SKU_020,2024-11-04,224,Household,179.07
SKU_020,2024-11-05,232,Household,127.57
SKU_020,2024-11-06,224,Household,386.64
SKU_020,2024-11-07,212,Household,368.54
SKU_020,2024-11-08,181,Household,442.08
SKU_020,2024-11-09,254,Household,360.6
SKU_020,2024-11-10,253,Household,192.88
SKU_020,2024-11-11,230,Household,490.76
SKU_020,2024-11-12,190,Household,93.72
SKU_020,2024-11-13,198,Household,73.74
SKU_020,2024-11-14,205,Household,201.32
SKU_020,2024-11-15,174,Household,97.02
SKU_020,2024-11-16,212,Household,156.1
SKU_020,2024-11-17,277,Household,213.58
SKU_020,2024-11-18,221,Household,383.02
SKU_020,2024-11-19,215,Household,196.95
SKU_020,2024-11-20,182,Household,458.02
SKU_020,2024-11-21,221,Household,432.3
SKU_020,2024-11-22,175,Household,248.33
SKU_020,2024-11-23,265,Household,77.28
SKU_020,2024-11-24,215,Household,109.84
SKU_020,2024-11-25,247,Household,220.61
SKU_020,2024-11-26,269,Household,77.33
SKU_020,2024-11-27,212,Household,235.43
SKU_020,2024-11-28,208,Household,311.05
SKU_020,2024-11-29,216,Household,280.63
SKU_020,2024-11-30,311,Household,176.81
SKU_020,2024-12-01,241,Household,419.94
SKU_020,2024-12-02,175,Household,337.11
SKU_020,2024-12-03,206,Household,389.59
SKU_020,2024-12-04,231,Household,431.08
SKU_020,2024-12-05,183,Household,161.97
SKU_020,2024-12-06,177,Household,398.66
SKU_020,2024-12-07,217,Household,478.84
SKU_020,2024-12-08,210,Household,367.18
SKU_020,2024-12-09,176,Household,497.84
SKU_020,2024-12-10,216,Household,296.16
SKU_020,2024-12-11,221,Household,256.99
SKU_020,2024-12-12,177,Household,302.05
SKU_020,2024-12-13,228,Household,186.66
SKU_020,2024-12-14,259,Household,397.7
SKU_020,2024-12-15,229,Household,258.35
SKU_020,2024-12-16,226,Household,327.91
SKU_020,2024-12-17,180,Household,179.41
SKU_020,2024-12-18,187,Household,478.74
SKU_020,2024-12-19,181,Household,68.77
SKU_020,2024-12-20,234,Household,99.05
SKU_020,2024-12-21,241,Household,224.35
SKU_020,2024-12-22,254,Household,214.13
SKU_020,2024-12-23,209,Household,186.12
SKU_020,2024-12-24,215,Household,439.54
SKU_020,2024-12-25,202,Household,359.54
SKU_020,2024-12-26,213,Household,270.63
SKU_020,2024-12-27,230,Household,277.87
SKU_020,2024-12-28,286,Household,272.34
SKU_020,2024-12-29,276,Household,281.96
SKU_020,2024-12-30,267,Household,273.91
SKU_020,2024-12-31,246,Household,65.59
